单词	发音	词性 中文释义	英文释义: 示例短语	补充内容	笔记
a	/eɪ/	det. 一个	single		
an	/æn/	det. 一个	single	。用在元音字母前。 【联想】a 变体	
a.m.	/ˌeɪˈem/	ad. 上午	before noon		
a·ban·don	/əˈbændən/	v. 抛弃	give up: abandon hope	【同】leave, give up【词根】a-(不)+bandon(掌控)→失去控制→抛弃	
a·bil·i·ty	/əˈbɪləti/	n. 能力	capability: writing ability	have the ability to【联想】able 的名词【词根】abil(能够)+-ity→能力	
a·ble	/ˈeɪbəl/	a. 能够	can: able to swim	【词组】 be able to do 【联想】ability 名词【词根】able(能够)→有能力的	
ab·norm·al	/æbˈnɔːməl/	a. 反常的	not normal: abnormal behavior	【同】UNUSUAL, uncommon, atypical, untypical 【反】normal【词根】ab-(偏离)+normal(正常)→反常的	
a·board	/əˈbɔːd/	ad. 在船/车/飞机上	on board: go aboard the ship	【联想】board 上船/飞机	
a·bol·ish	/əˈbɒlɪʃ/	v. 废除	end: abolish slavery	【同】PUT AN END TO, get rid of, scrap, end, stop, terminate, axe, eradicate, eliminate, exterminate, destroy, annihilate, stamp out, obliterate, wipe out, extinguish, quash, expunge, extirpate 【联想】abolition 名词【词根】ab-(离开)+ol(生长)+-ish→使不再生长→废除	
a·bor·tion	/əˈbɔːʃən/	n. 人工流产	termination of pregnancy: consider abortion	【联想】abort 动词【词根】ab-(离开)+ort(出生)+-ion→流产	
a·bout	/əˈbaʊt/	prep. 关于	regarding: talk about it	ad. 大约 【同】REGARDING, concerning; APPROXIMATELY, roughly, around	
a·bove	/əˈbʌv/	prep. 在上面	over: above the table	【同】over	
a·broad	/əˈbrɔːd/	ad. 在国外	overseas: travel abroad	【联想】broad 宽广；board	
a·brupt	/əˈbrʌpt/	a. 突然的	sudden: abrupt stop	【同】sudden【词根】ab-(分离)+rupt(打破)→突然断裂的	
ab·sence	/ˈæbsəns/	n. 缺席	not present: in absence of	【同】lack 【反】presence 【联想】absent 形容词【词根】ab-(离开)+s(存在)+-ence→缺席	
ab·sent	/ˈæbsənt/	a. 缺席的	not present, away: absent from class	【同】away 【反】present 【联想】absence 名词【词根】ab-(离开)+s(存在)+-ent→缺席的	
ab·so·lute	/ˈæbsəluːt/	a. 绝对的	total: absolute truth	【词根】ab- 'away' + solu(松开)+-te→彻底松开的→绝对的	
ab·sorb	/əbˈzɔːb/	v. 吸收	take in: absorb knowledge	【词根】ab- 'away' + sorb(吸收) 【联想】名词 absorption 吸收
ab·stract	/ˈæbstrækt/	a. 抽象的	not concrete: abstract concept	【词根】abs- 'away'+tract(拉)→拉开→抽象的 【同】not concrete, theoretical 【联想】extract, contract 词根 tract 拉	
ab·surd	/əbˈsɜːd/	a. 荒谬的	ridiculous: absurd idea	【同】ridiculous【词根】ab-(加强)+surd(聋的)→不合理的	
a·bun·dant	/əˈbʌndənt/	a. 丰富的	plentiful: abundant resources	【同】enough【词根】abund(大量)+-ant(…的) 【联想】名词 abundance 丰富
a·buse	/əˈbjuːz/	v. 滥用	misuse: abuse power	【联想】use 词根【词根】ab-(偏离)+use(使用)→滥用	
ac·a·dem·ic	/ˌækəˈdemɪk/	a. 学术的	scholarly: academic research	【联想】名词 academy 学院
a·cad·e·my	/əˈkædəmi/	n. 学院	specialized school: science academy	【同】specialized school 【联想】形容词 academic 学术的
ac·cel·e·rate	/əkˈseləreɪt/	v. 加速	speed up: accelerate speed	【词根】ac- 'to'+celer(快)+-ate(使) 【联想】反义 decelerate 减速
ac·cent	/ˈæksənt/	n. 口音	speech: local accent		
ac·cept	/əkˈsept/	v. 接受	take: accept an invitation	【反】refuse, reject 【联想】acceptance 名词；except 形近【词根】ac-(去)+cept(拿)→接受	
ac·cess	/ˈækses/	n. 通道，入径	entry: access to the internet	【同】entrance 【联想】accessible 形容词；assess 形近【词根】ac-(去)+cess(走)→通道	
ac·ces·si·ble	/əkˈsesəbəl/	a. 可到达的	reachable: easily accessible	【同】REACHABLE, attainable 【联想】access 名词【词根】ac-(去)+cess(走)+-ible→可接近的	
ac·ces·so·ry	/əkˈsesəri/	n. 附件；附属品	extra: car accessory	【同】ATTACHMENT	
ac·ci·dent	/ˈæksɪdənt/	n. 事故	crash: traffic accident	【联想】accidental 形容词【词根】ac-(去)+cid(落)+-ent→突然落下→事故	
ac·com·mo·da·tion	/əˌkɒməˈdeɪʃən/	n. 住宿	housing: find accommodation	【词根】ac-'to' + com-'together' + mod(方式)→使适应 【同】housing, lodging 【联想】动词 accommodate 容纳
ac·com·pa·ny	/əˈkʌmpəni/	v. 陪伴	go with: accompany a friend	【同】go with 【联想】company, companion 词根【词根】ac-(去)+company(同伴)→陪伴	
ac·com·plish	/əˈkʌmplɪʃ/	v. 完成	finish: accomplish a task	【同】achieve, complete 【联想】accomplishment 名词【词根】ac-(去)+com-(一起)+pl(满)+-ish→完成	
ac·count	/əˈkaʊnt/	n. 账户，记述	record: bank account	v.【词组】account for 【联想】accountant 名词【词根】ac-(去)+count(计算)→账目	
ac·coun·tant	/əˈkaʊntənt/	n. 会计	bookkeeper: hire an accountant	【联想】account 名词【词根】ac-(去)+count(计算)+-ant(人)→会计师	
ac·cu·mu·late	/əˈkjuːmjəleɪt/	v. 积累	gather: accumulate wealth	【同】GATHER, collect。【词根】ac- 'to'+cumul(堆积)+-ate(使) 【联想】名词 accumulation 积累
ac·cu·ra·cy	/ˈækjərəsi/	n. 准确性	precision: measurement accuracy	【联想】accurate 形容词【词根】ac-(加强)+cur(关心)+-acy→精确	
ac·cu·rate	/ˈækjərət/	a. 准确的	correct: accurate prediction	【同】CORRECT, precise, exact, right。【词根】ac- 'to'+cur(关心)+-ate→精心处理的→准确的 【联想】名词 accuracy 准确性
ac·cuse	/əˈkjuːz/	v. 指控	blame: accuse someone of stealing	(accuse someone of) • The manager of the shop accused her of stealing. 【联想】accusation 名词【词根】ac-(去)+cuse(诉讼)→指控	
ac·cus·tom	/əˈkʌstəm/	v. 使习惯	get used: accustom oneself to	【词组】be accustomed to 【同】be used to 【联想】custom 习惯；usual【词根】ac-(去)+custom(习惯)→使习惯	
ac·cus·tomed	/əˈkʌstəmd/	a. 习惯的	used to	【联想】accustom 动词；custom【词根】ac-(去)+custom(习惯)+-ed→习惯的	
ache	/eɪk/	n. 疼痛	hurt: head ache	【同】pain 【联想】headache, toothache 复合词【词根】a-(头)+che→疼痛	
a·chieve	/əˈtʃiːv/	v. 达到	attain: achieve a goal	【同】ATTAIN, reach, arrive at, realize, bring off/about, pull off, accomplish, carry out/through, fulfil. Our local team achieved another win last weekend 【联想】achievement 名词【词根】a-(去)+chieve(头)→到达顶点→实现	
a·chieve·ment	/əˈtʃiːvmənt/	n. 成就	success: great achievement	【联想】achieve 动词【词根】a-(去)+chieve(头)+-ment→成就	
ac·id	/ˈæsɪd/	n. 酸	sour: strong acid	【同】sour	
ac·knowl·edge	/əkˈnɒlɪdʒ/	v. 承认	admit: acknowledge the fact	【同】ADMIT, accept, grant, allow, concede, confess, own, recognize【反】reject, deny, ignore。【词根】ac- 'to'+knowledge(知识)→承认知道 【联想】knowledge 名词；acknowledgement	
ac·quaint·ance	/əˈkweɪntəns/	n. 熟人	contact: make an acquaintance	【同】friend 【联想】动词 acquaint 使熟悉
ac·quire	/əˈkwaɪər/	v. 获得	get: acquire a skill	【同】get, buy【词根】ac- 'to'+quire(寻找) 【联想】名词 acquisition 获取
ac·qui·si·tion	/ˌækwɪˈzɪʃən/	n. 获取	acquiring: new acquisition	【同】acquiring, getting 【联想】acquire 动词【词根】ac-(去)+quisit(寻求)+-ion→获得	
a·cre	/ˈeɪkər/	n. 英亩	land measure: a few acres		
a·cross	/əˈkrɒs/	prep. 横穿	cross: go across the road	【例句】A boy suddenly ran across the road. 【联想】动词 cross 十字架
act	/ækt/	v. 行动	take action: act quickly	When someone has a heart attack, you need to act quickly. 【联想】action, active, actor, activity 词族【词根】act(做)→行动	
ac·tion	/ˈækʃən/	n. 行动	act: take action	【同】deed 【反】inaction 【联想】act 动词【词根】act(做)+-ion→行动	
ac·tive	/ˈæktɪv/	a. 积极的	proactive: active participation	【反】passive 【联想】activity 名词；act【词根】act(做)+-ive→积极的	
ac·tiv·i·ty	/ækˈtɪvəti/	n. 活动	event: outdoor activity	【联想】active 形容词【词根】act(做)+-ivity→活动	
ac·tor	/ˈæktər/	n. 男演员	performer: famous actor	【联想】actress 女演员【词根】act(做)+-or→演员	
ac·tress	/ˈæktrəs/	n. 女演员	performer: popular actress	【联想】actor 男演员【词根】act(做)+-ress(女)→女演员	
ac·tu·al	/ˈæktʃuəl/	a. 实际的	real: actual situation	【同】real 【联想】actually 副词【词根】act(做)+-ual→实际的	
ac·tu·al·ly	/ˈæktʃuəli/	ad. 实际上	really, in fact: actually true	【同】really, in fact. Do you actually believe that? 【联想】actual 形容词【词根】act(做)+-ually→实际上	
a·cute	/əˈkjuːt/	a. 急性的	severe: acute pain	【同】serious, bad【词根】acu(尖)+-te→尖锐的→急性的	
ad	/æd/	n. 广告	promotion: put an ad in the newspaper	(advertisement 的缩写) 【联想】advertisement 全写	
AD	/ˌeɪ ˈdiː/	n. 公元	in the year of our Lord: in AD 200	(Anno Domini 的缩写)	
a·dapt	/əˈdæpt/	v. 改编，适应	adjust: adapt to change	【联想】adaptation 名词；adopt 形近【词根】ad-(去)+apt(适合)→适应	
ad·ap·ta·tion	/ˌædəpˈteɪʃən/	n. 适应	adjustment: cultural adaptation	【联想】adapt 动词【词根】ad-(去)+apt(适合)+-ation→适应	
add	/æd/	v. 添加	increase: add numbers	【联想】addition 名词；additional 形容词【词根】add(加)→增加	
ad·dic·ted	/əˈdɪktɪd/	a. 上瘾的	hooked: addicted to games	be addicted to sth 【联想】addiction 名词【词根】ad-(去)+dict(说)+-ed→上瘾的	
ad·di·tion	/əˈdɪʃən/	n. 加法	summing: in addition to	【联想】add 动词【词根】ad-(去)+dit(加)+-ion→加法	
ad·dress	/əˈdres/	n. 地址	location: address a letter	v. 处理；演讲 【联想】dress 形近【词根】ad-(去)+dress(指引)→给…讲话→地址	
ad·e·quate	/ˈædəkwət/	a. 足够的	enough: adequate supply	【同】SUFFICIENT, enough 【词根】ad- 'to'+equ(相等)+-ate→与需求相等的→足够的 【联想】名词 adequacy 充足
ad·just	/əˈdʒʌst/	v. 调整，适应	change to fit: adjust the seat	【联想】adjustment 名词【词根】ad-(去)+just(公正)→调整	
ad·just·ment	/əˈdʒʌstmənt/	n. 调整	change: make an adjustment	【同】change, modification 【联想】adjust 动词【词根】ad-(去)+just(公正)+-ment→调整	
ad·min·is·tra·tion	/ədˌmɪnɪˈstreɪʃən/	n. 管理	management: school administration	【联想】administer 动词【词根】ad-(去)+minist(服务)+-ration→行政管理	
ad·mi·ra·ble	/ˈædmərəbəl/	a. 令人钦佩的	praiseworthy: admirable performance	【联想】admire 动词【词根】ad-(去)+mir(惊奇)+-able→令人钦佩的	
ad·mire	/ədˈmaɪər/	v. 钦佩	respect: admire a hero	【同】RESPECT, ADORE 【反】despise. admire someone for their skill/intelligence 【联想】admiration 名词；admirable 形容词【词根】ad-(去)+mir(惊奇)+-e→钦佩	
ad·mis·sion	/ədˈmɪʃən/	n. 准入，入场权	entry: gain admission	【同】entry, access 【联想】admit 动词【词根】ad-(去)+miss(送)+-ion→准许进入	
ad·mit	/ədˈmɪt/	v. 承认	admit: admit a mistake	【同】confess, allow, accept 【反】deny 【联想】admission 名词【词根】ad-(去)+mit(送)→放入→承认	
ad·o·les·cence	/ˌædəˈlesəns/	n. 青春期	youth: during adolescence	【同】youth 【联想】adolescent 形容词【词根】ad-(去)+olesc(成长)+-ence→青春期	
ad·o·les·cent	/ˌædəˈlesənt/	n. 青少年	teen: young adolescent	【同】teenager【词根】ad- 'to'+olesc(成长)+-ent(人)→青少年 【联想】adolescence 名词；teenager	
a·dopt	/əˈdɒpt/	v. 收养；采用	take up: adopt a child	【同】take up, legally take child 【联想】adoption 名词；adapt 形近【词根】ad-(去)+opt(选择)→收养	
a·dore	/əˈdɔːr/	v. 爱慕，崇拜	love deeply: adore a pet	【同】love 【联想】adorable 形容词【词根】ad-(去)+ore(祈祷)→崇拜	
ad·ult	/ˈædʌlt/	n. 成年人	grown-up: grown adult	【反】child 【联想】adolescent 青少年【词根】ad-(去)+ult(成长)→成年	
ad·vance	/ədˈvɑːns/	v. 前进	move forward: make an advance	【同】MOVE FORWARD 【联想】advanced 形容词；advantage 形近【词根】ad-(去)+vance(前)→前进	
ad·van·tage	/ədˈvɑːntɪdʒ/	n. 优势	benefit: have an advantage	【同】benefit 【反】disadvantage. The advantage of living in a town is that there is lots to do 【联想】disadvantage 反义【词根】ad-(去)+vantage(前)→优势	
ad·ven·ture	/ədˈventʃər/	n. 冒险	risk: an exciting adventure	【同】exploit, enterprise 【联想】adventurous 形容词【词根】ad-(去)+vent(来)+-ure→冒险	
ad·ver·tise	/ˈædvətaɪz/	v. 做广告	promote: advertise a product	【联想】advertisement 名词【词根】ad-(去)+vert(转)+-ise→引起注意→做广告	
ad·ver·tise·ment	/ədˈvɜːtɪsmənt/	n. 广告	promotion: put an advertisement	【联想】advertise 动词【词根】ad-(去)+vert(转)+-isement→广告	
ad·vice	/ədˈvaɪs/	n. 建议	suggestion: give advice	【联想】advise 动词【词根】ad-(去)+vice(看)→建议	
ad·vise	/ədˈvaɪz/	v. 建议	suggest: advise someone to do	【同】suggest 【联想】advice 名词；advisor【词根】ad-(去)+vise(看)→建议	
ad·vo·cate	/ˈædvəkeɪt/	v. 倡导	support: advocate for rights	【词根】ad- 'to'+voc(喊)→为…呼喊→倡导 【同】support, recommend 【联想】名词 advocacy 倡导
af·fair	/əˈfeər/	n. 事务	matter: a public affair	【同】BUSINESS	
af·fect	/əˈfekt/	v. 影响	impact: affect the result	【同】influence 【联想】effect 形近；名词 affection 感情
af·fec·tion	/əˈfekʃən/	n. 感情	fondness: show affection	【同】love 【联想】affect 动词【词根】af-(去)+fect(做)+-ion→爱慕	
af·ford	/əˈfɔːd/	v. 负担得起	pay for: afford a house	Can you afford to buy a computer?	
a·fraid	/əˈfreɪd/	a. 害怕的	scared: afraid of the dark	【词组】afraid of【例句】Some people are afraid of spiders. 【联想】fear 害怕	
Af·ric·a	/ˈæfrɪkə/	n. 非洲	continent: in Africa	【联想】形容词 African 非洲的
Af·ri·can	/ˈæfrɪkən/	a. 非洲的	from Africa: African culture	【联想】Africa	
af·ter	/ˈɑːftər/	prep. 在...之后	following: after lunch		
af·ter·noon	/ˌɑːftəˈnuːn/	n. 下午	post-noon: this afternoon	【联想】morning, evening, noon 时间词	
afterward	/ˈɑːftərwəd/	ad. 后来；以后	later	【联想】afterwards 英式	
af·ter·wards	/ˈɑːftəwədz/	ad. 之后	later: shortly afterwards	【同】later 【联想】afterward 美式	
a·gain	/əˈɡen/	ad. 再次	once more: try again	【同】once more. I'd like to see that film again	
a·gainst	/əˈɡenst/	prep. 对抗	versus: lean against the wall	I'm against testing chemicals on animals	
age	/eɪdʒ/	n. 年龄	years old: at a young age	【联想】aged 形容词；teenager	
a·gen·cy	/ˈeɪdʒənsi/	n. 代理机构	office: travel agency	【联想】名词 agent 代理人
a·gen·da	/əˈdʒendə/	n. 议程	list of items to discuss: set an agenda	【同】list of items to discuss	
a·gent	/ˈeɪdʒənt/	n. 代理人	agent: sales agent	【联想】名词 agency 代理机构
ag·gres·sive	/əˈɡresɪv/	a. 侵略性的	hostile: aggressive behavior	He is very aggressive when he plays football. 【联想】名词 aggression 侵略
a·go	/əˈɡəʊ/	ad. ... 以前	before: long ago	【同】before. Rob and Di got married two years ago	
a·gree	/əˈɡriː/	v. 同意	concur	（+ with sb.: agree with someone） 【反】disagree 【联想】agreement 名词；反义 disagree 不同意，不一致
a·gree·ment	/əˈɡriːmənt/	n. 协议	deal: reach an agreement	【联想】agree 动词【词根】agree(同意)+-ment→协议	
agricultural	/ˌæɡrɪˈkʌltʃərəl/	a. 农业的	farming: agricultural products	【联想】名词 agriculture 农业
ag·ri·cul·ture	/ˈæɡrɪkʌltʃər/	n. 农业	farming: modern agriculture	【联想】agricultural 形容词；farmer	
a·head	/əˈhed/	ad. 在前面	forward: ahead of time	【反】behind 【联想】head 头部	
aid	/eɪd/	n. 援助	help: give first aid	【同】help, ASSISTANCE, support 【联想】AIDS, first aid	
AIDS	/eɪdz/	n. 艾滋病	disease: suffer from AIDS	【联想】aid 援助	
aim	/eɪm/	v. 瞄准	target: aim at the target	n. 目标	
air	/eər/	n. 空气	atmosphere: fresh air	【联想】airplane, airport, airline 复合词	
air·craft	/ˈeəkrɑːft/	n. 飞机	aircraft: military aircraft	【联想】air 词根；craft	
air·line	/ˈeəlaɪn/	n. 航空公司	carrier: major airline	【联想】air 词根	
air·mail	/ˈeəmeɪl/	n. 航空邮件	mail sent by air: send airmail	【同】mail sent by air 【联想】mail 邮件	
air·plane	/ˈeəpleɪn/	n. 飞机	aircraft: board an airplane	【联想】plane, aircraft	
air·port	/ˈeəpɔːt/	n. 机场	airport: international airport	【联想】port 港口【词根】air(空中)+port(港口)→机场	
air·space	/ˈeəspeɪs/	n. 空域	sky territory: national airspace	【联想】air, space	
a·larm	/əˈlɑːm/	n. 警报	warning: set an alarm	【联想】alarm clock 闹钟	
al·bum	/ˈælbəm/	n. 专辑	record: photo album		
al·co·hol	/ˈælkəhɒl/	n. 酒精	liquor: drink alcohol	【联想】形容词 alcoholic 酗酒的，含酒精的
al·co·hol·ic	/ˌælkəˈhɒlɪk/	a. 酗酒的，含酒精的	addicted to alcohol: become alcoholic	【同】addicted to alcohol 【联想】名词 alcohol 酒精
al·ge·bra	/ˈældʒəbrə/	n. 代数学	branch of math using symbols: solve algebra problems	【同】branch of math using symbols	
a·like	/əˈlaɪk/	a. 类似的	similar: look alike	【同】similar, the same【词组】look alike 【联想】like 像；same	
a·live	/əˈlaɪv/	a. 活着的	living: stay alive	【反】dead 【联想】live, living	
all	/ɔːl/	a. 所有的	every: all of us		
al·ler·gic	/əˈlɜːdʒɪk/	a. 过敏的	sensitive: allergic to pollen	be allergic to 【联想】名词 allergy 过敏
al·ley	/ˈæli/	n. 小巷	narrow street: narrow alley		
al·lo·cate	/ˈæləkeɪt/	v. 分配	assign: allocate resources	【同】assign【词根】al- 'to'+loc(地方)+-ate→放到某处→分配 【联想】location 词根 loc	
al·low	/əˈlaʊ/	v. 允许	let: allow someone to do	【反】forbid. My father won't allow me to stay out late. 【联想】名词 allowance 津贴
al·low·ance	/əˈlaʊəns/	n. 津贴	regular payment: weekly allowance	【联想】动词 allow 允许
al·most	/ˈɔːlməʊst/	ad. 几乎	nearly: almost finished	【同】nearly. Almost everyone did well in the test	
a·lone	/əˈləʊn/	a. & ad. 单独的	by oneself	【联想】lonely 孤独的	
a·long	/əˈlɒŋ/	prep. 沿着	along: walk along the street	We were walking along the road, talking.	
a·long·side	/əˌlɒŋˈsaɪd/	prep. & ad. 在旁边	beside: stand alongside	【联想】along	
a·loud	/əˈlaʊd/	ad. 大声地	loudly: read aloud	【反】silently. read aloud 【联想】形容词 loud 大声的
al·pha·bet	/ˈælfəbet/	n. 字母表	set of letters: the English alphabet		
al·read·y	/ɔːlˈredi/	ad. 已经	already: already gone		
al·so	/ˈɔːlsəʊ/	ad. 也	too: also available	【同】TOO, as well, besides, in addition, additionally, furthermore, further, moreover	
al·ter·na·tive	/ɒlˈtɜːnətɪv/	a. & n. 替代的	other choice: alternative plan	【同】DIFFERENT, other, another, second.【例句】 We need to find an alternative route to avoid the traffic jam 【联想】alter 改变	
al·though	/ɔːlˈðəʊ/	conj. 虽然	though: although it rains	【同】though 尽管
al·ti·tude	/ˈæltɪtʃuːd/	n. 海拔	height above sea: high altitude	【同】height above sea 【联想】attitude 形近；height	
al·to·geth·er	/ˌɔːltəˈɡeðər/	ad. 总共	in total: altogether different	【同】IN ALL 【联想】together	
al·u·min·i·um	/ˌæljəˈmɪniəm/	n. 铝	light metal	（英式拼写） 【联想】aluminum 美式	
aluminum	/əˈluːmɪnəm/	n. 铝	light metal	（美式拼写: aluminum foil） 【联想】aluminium 英式	
al·ways	/ˈɔːlweɪz/	ad. 总是	always: always on time	【同】constantly, all the time	
am·a·teur	/ˈæmətər/	n. 业余爱好者	non-professional: amateur player	【反】professional【词根】amat(爱)+-eur(人)→业余爱好者 【同】non-professional, beginner 【联想】反义 professional 专业的
a·maze	/əˈmeɪz/	v. 使惊讶	astonish: amaze the audience	【同】ASTONISH, astound, surprise, stun, stagger, nonplus, shock, startle 【联想】amazing, amazement	
a·maz·ing	/əˈmeɪzɪŋ/	a. 惊人的	astonishing: amazing view	Their apartment is amazing. 【联想】动词 amaze 使惊讶
am·bas·sa·dor	/æmˈbæsədər/	n. 大使	envoy: ambassador to a country	【联想】ambassadress 女大使	
am·bas·sa·dress	/æmˈbæsədrəs/	n. 女大使	envoy	【联想】ambassador 大使	
am·big·u·ous	/æmˈbɪɡjuəs/	a. 模棱两可的	having multiple meanings: ambiguous statement	【同】obscure, unclear, vague, abstruse, having multiple meanings【例句】The instructions were ambiguous, making it difficult to assemble the furniture。【词根】ambi-(两边)+ig-(驱动)+-uous(形容词后缀) 【联想】名词 ambiguity 模糊
am·bi·tion	/æmˈbɪʃən/	n. 雄心，抱负，野心	drive: political ambition	【同】aspiration, drive 【联想】ambitious 形容词【词根】amb-(周围)+it(走)+-ion→四处奔走→野心	
am·bu·lance	/ˈæmbjələns/	n. 救护车	emergency: call an ambulance	【词根】ambul(行走)+-ance(名词)	
A·mer·i·ca	/əˈmerɪkə/	n. 美洲	continent: in America	【联想】American	
A·mer·i·can	/əˈmerɪkən/	a. 美国的	US: American culture	【联想】America	
a·mong	/əˈmʌŋ/	prep. 在...之中	surrounded by: among the trees	【同】surrounded by, in the middle of	
a·mount	/əˈmaʊnt/	n. 数量	quantity: a large amount	【同】number, quantity. A large amount of jewellery was stolen	
am·ple	/ˈæmpəl/	a. 充足的	plenty: ample space	【同】ENOUGH, sufficient, adequate, plenty of 【联想】amplify 动词；形近 sample 样品
a·muse	/əˈmjuːz/	v. 使娱乐	entertain: amuse children	【联想】名词 amusement 娱乐
a·muse·ment	/əˈmjuːzmənt/	n. 娱乐	entertainment: amusement park	【联想】amuse 动词【词根】amuse(娱乐)+-ment→娱乐	
an·a·lyse	/ˈænəlaɪz/	v. 分析	examine	（英式拼写） 【联想】名词 analysis 分析
a·nal·y·sis	/əˈnæləsɪs/	n. 分析	examine: conduct an analysis	【同】EXAMINATION, investigation, inspection, survey, study, scrutiny 【联想】analyse/动词 analyze 分析
an·a·lyze	/ˈænəlaɪz/	v. 分析	examine	（美式拼写: analyze a problem）【同】EXAMINE, inspect, survey, study, scrutinize, look over, investigate 【联想】名词 analysis 分析
an·ces·tor	/ˈænsestər/	n. 祖先	forefather: family ancestor	【联想】descendant 后代【词根】an-(前)+cest(走)+-or→祖先	
an·chor	/ˈæŋkər/	n. 锚	mooring: drop an anchor		
an·cient	/ˈeɪnʃənt/	a. 古代的	old: ancient history	【同】old 【反】modern【词根】anci(前)+-ent→古代的	
and	/ænd/	conj. 和	plus: bread and butter	【同】TOGETHER WITH, along with, with, as well as, in addition to, also, too, besides, furthermore	
an·ec·dote	/ˈænɪkdəʊt/	n. 轶事	short amusing story: funny anecdote	【同】story; short amusing story	
an·ger	/ˈæŋɡər/	n. 愤怒	rage: feel anger	【同】ANNOYANCE 【联想】形容词 angry 生气的
an·gle	/ˈæŋɡəl/	n. 角度；角	corner	【联想】rectangle, triangle 词根	
an·gry	/ˈæŋɡri/	a. 生气的	mad: get angry	get angry 【联想】名词 anger 愤怒
an·i·mal	/ˈænɪməl/	n. 动物	creature: wild animal		
an·kle	/ˈæŋkəl/	n. 脚踝关节	joint between foot and leg: sprain an ankle	【同】joint between foot and leg	
an·ni·ver·sa·ry	/ˌænɪˈvɜːsəri/	n. 周年纪念日	yearly: wedding anniversary	【词根】ann(年)+vers(转)+-ary(…的) 【联想】annual 词根 ann 年	
an·nounce	/əˈnaʊns/	v. 宣布	declare: announce a result	【同】declare, state 【联想】名词 announcement 宣布
an·nounce·ment	/əˈnaʊnsmənt/	n. 宣布	declare: make an announcement	【联想】announce 动词【词根】an-(去)+nounce(宣布)+-ment→公告	
an·noy	/əˈnɔɪ/	v. 使恼怒	irritate: annoy someone	【同】make angry, anger, IRRITATE, vex 【联想】annoyed, annoying	
an·nu·al	/ˈænjuəl/	a. 年度的	yearly: annual meeting	【词根】ann(年)+-ual(…的) 【联想】anniversary	
an·oth·er	/əˈnʌðər/	a. 另一个	other: another chance		
an·swer	/ˈɑːnsər/	v. & n. 回答	reply: answer a question	【同】REPLY, response 【反】question	
ant	/ænt/	n. 蚂蚁	insect: black ant		
An·tarc·tic	/ænˈtɑːktɪk/	a. 南极的	south pole: the Antarctic region	【联想】Arctic 北极	
an·tique	/ænˈtiːk/	n. 古董	old valuable object: buy an antique	【词根】ant-(前)+ique(…的)→以前的→古董的 【同】old valuable object 【联想】antiquity	
anx·i·e·ty	/æŋˈzaɪəti/	n. 焦虑	worry: feel anxiety	【同】WORRY, concern 【联想】形容词 anxious 焦虑的
anx·ious	/ˈæŋkʃəs/	a. 焦虑的	worried: anxious about	【同】WORRIED, concerned.【例句】Many students get anxious about exams 【联想】anxiety 名词【词根】anx(焦虑)+-ious→焦虑的	
an·y	/ˈeni/	a. 任何	any: any time		
an·y·bod·y	/ˈeniˌbɒdi/	pron. 任何人	anybody: anybody can do	【联想】anyone, anything, anywhere 词族	
an·y·how	/ˈenihaʊ/	ad. 无论如何	anyhow: anyhow finish it	【联想】anyway	
an·y·one	/ˈeniwʌn/	pron. 任何人	anybody: anyone here	【联想】anybody	
an·y·thing	/ˈeniθɪŋ/	pron. 任何事物	anything: anything possible	【联想】anyone, anybody 词族	
an·y·way	/ˈeniweɪ/	ad. 无论如何	anyhow: anyway let it go	【联想】anyhow	
an·y·where	/ˈeniweər/	ad. 任何地方	anywhere: go anywhere	【联想】everywhere, somewhere	
a·part	/əˈpɑːt/	ad. 分开；相距	separate: apart from that	【词组】apart from (【同】except for), tell apart, fall apart 【联想】part 部分	
a·part·ment	/əˈpɑːtmənt/	n. 公寓	flat: rent an apartment	【联想】flat 同义【词根】a-(去)+part(部分)+-ment→公寓	
a·pol·o·gize	/əˈpɒlədʒaɪz/	v. 道歉	say sorry: apologize to someone	【同】SAY SORRY. apologize to someone for doing something 【联想】apology 名词【词根】apo-(离开)+log(说)+-ize→道歉	
a·pol·o·gy	/əˈpɒlədʒi/	n. 道歉	say sorry: make an apology	【联想】apologize 动词【词根】apo-(离开)+log(说)+-y→道歉	
ap·par·ent	/əˈpærənt/	a. 明显的	obvious: apparent mistake	【同】obvious, clear.【联想】 appear【词根】ap- 'to'+par(出现)+-ent→显现的→明显的	
ap·peal	/əˈpiːl/	v. 上诉	appeal: appeal to the public	【词组】 appeal to 吸引 【联想】appealing 形容词；appear 形近【词根】ap-(去)+peal(推)→恳求	
ap·pear	/əˈpɪər/	v. 出现	emerge: appear on stage	【反】disappear 【联想】appearance 名词；disappear 反义【词根】ap-(去)+pear(出现)→出现	
ap·pear·ance	/əˈpɪərəns/	n. 外观	looks: change appearance	【联想】appear 动词【词根】ap-(去)+pear(出现)+-ance→外表	
ap·pen·dix	/əˈpendɪks/	n. 附录	supplement: appendix of a book	【联想】append【词根】ap- 'to'+pend(悬挂)+-ix(名词)	
ap·pe·tite	/ˈæpətaɪt/	n. 食欲，胃口	desire for food: lose appetite	【词根】ap-(去)+pet(寻求)+-ite→食欲	
ap·plaud	/əˈplɔːd/	v. 鼓掌	clap: applaud the performance	【同】CLAP, PRAISE 【联想】applause 名词；clap 同义【词根】ap-(去)+plaud(拍)→鼓掌	
ap·ple	/ˈæpəl/	n. 苹果	fruit: red apple		
ap·pli·cant	/ˈæplɪkənt/	n. 申请人	candidate: job applicant	【词根】ap- 'to'+plic(折叠)+-ant(人) 【联想】动词 apply 申请
ap·pli·ca·tion	/ˌæplɪˈkeɪʃən/	n. 申请	request: job application	【词根】ap- 'to'+plic(折叠)+-ation(名词) 【联想】动词 apply 申请
ap·ply	/əˈplaɪ/	v. 申请	request: apply for a job	apply for a job【词根】ap- 'to'+ply(折叠) 【联想】名词 application 申请
ap·point	/əˈpɔɪnt/	v. 任命	assign: appoint a manager	【联想】appointment 名词【词根】ap-(去)+point(点)→任命	
ap·point·ment	/əˈpɔɪntmənt/	n. 约会	meeting: have an appointment	【同】meeting. I made an appointment with the doctor 【联想】appoint 动词【词根】ap-(去)+point(点)+-ment→约会	
ap·pre·ci·ate	/əˈpriːʃieɪt/	v. 感激，欣赏	thank: appreciate a gift	【词根】ap- 'to'+preci(价值)+-ate(使) 【联想】名词 appreciation 感激
ap·pre·ci·a·tion	/əˌpriːʃiˈeɪʃən/	n. 感激	thank: show appreciation	【同】GRATITUDE, thanks 【联想】appreciate 动词【词根】ap-(去)+preci(价值)+-ation→欣赏	
approach	/əˈprəʊtʃ/	v. 接近	near: approach a problem	【同】come near 【反】leave 【联想】approachable 形容词【词根】ap-(去)+proach(接近)→靠近	
ap·pro·pri·ate	/əˈprəʊpriət/	a. 适当的	proper: appropriate response	【同】suitable, proper【词根】ap-(去)+propri(合适)+-ate→合适的	
ap·prov·al	/əˈpruːvəl/	n. 批准	okay: seek approval	【同】ACCEPTANCE, agreement 【联想】approve 动词【词根】ap-(去)+prove(证明)+-al→批准	
ap·prove	/əˈpruːv/	v. 批准	okay: approve a plan	【同】accept 【反】refuse. approve of doing something 【联想】approval 名词【词根】ap-(去)+prove(证明)→批准	
ap·prox·i·mate·ly	/əˈprɒksɪmətli/	ad. 大约	roughly: approximately 100	【同】about 【联想】approximate 形容词【词根】ap-(去)+proxim(近)+-ately→大约	
A·pril	/ˈeɪprəl/	n. 四月	month: in April	【同】Apr	
a·pron	/ˈeɪprən/	n. 围裙	garment worn over front of clothes: wear an apron	【同】garment worn over front of clothes	
ar·bi·tra·ry	/ˈɑːbɪtrəri/	a. 任意的	random: arbitrary decision	【同】random【词根】arbit(裁决)+-rary→任意的	
arch	/ɑːtʃ/	n. 拱门	curved structure: stone arch	【同】curved structure 【联想】architect, architecture 词根	
ar·chi·tect	/ˈɑːkɪtekt/	n. 建筑师	designer: famous architect	【联想】architecture 名词【词根】archi-(主要)+tect(建造)→建筑师	
ar·chi·tec·ture	/ˈɑːkɪtektʃər/	n. 建筑学	building design: modern architecture	【同】BUILDING DESIGN 【联想】architect【词根】archi-(主要)+tect(建造)+-ure→建筑学	
Arc·tic	/ˈɑːktɪk/	a. 北极的	north pole	【联想】Antarctic 南极	
are	/ɑːr/	v. 是	verb: we are happy	(be 的复数形式) 【联想】be 词族	
ar·e·a	/ˈeəriə/	n. 区域	zone: city area		
ar·gue	/ˈɑːɡjuː/	v. 争论	dispute: argue with someone	【同】quarrel 【联想】argument 名词【词根】arg(证明)+-ue→争论	
ar·gu·ment	/ˈɑːɡjəmənt/	n. 争论	dispute: have an argument	【同】QUARREL, disagreement 【联想】argue 动词【词根】arg(证明)+-ument→争论	
a·rise	/əˈraɪz/	v. (arose, arisen) 发生，出现	emerge: arise from	【同】appear, emerge 【联想】rise, raise 形近【词根】a-(向上)+rise(升起)→出现	
a·rith·me·tic	/əˈrɪθmətɪk/	n. 算术	basic math calculations: do arithmetic	【同】basic math calculations【词根】arithm(数)+-etic→算术	
arm	/ɑːm/	n. 手臂	limb: raise an arm	【联想】armchair, army 词根	
arm·chair	/ˈɑːmtʃeər/	n. 扶手椅	chair: sit in an armchair	【联想】arm, chair	
ar·my	/ˈɑːmi/	n. 军队	military: join the army	【同】military, troops 【联想】arm 武器	
a·round	/əˈraʊnd/	prep. 围绕	surrounding: look around	There was a high fence around the school.	
ar·range	/əˈreɪndʒ/	v. 安排	plan: arrange a meeting	【同】ORDER, ORGANIZE 【联想】arrangement 名词【词根】ar-(去)+range(排列)→安排	
ar·range·ment	/əˈreɪndʒmənt/	n. 安排	plan: make an arrangement	【联想】arrange 动词【词根】ar-(去)+range(排列)+-ment→安排	
ar·rest	/əˈrest/	v. 逮捕	capture: arrest a criminal	【词根】ar-(加强)+re-(回)+st(站)→使停下→逮捕	
ar·riv·al	/əˈraɪvəl/	n. 到达	reach: upon arrival	【联想】arrive 动词【词根】ar-(去)+riv(岸)+-al→到达	
ar·rive	/əˈraɪv/	v. 到达	reach: arrive at a place	【同】reach, get to. arrive at the station 【联想】arrival 名词【词根】ar-(去)+rive(岸)→到岸→到达	
ar·row	/ˈærəʊ/	n. 箭	arrow: shoot an arrow	【词根】arrow(箭)→箭	
art	/ɑːt/	n. 艺术	art: fine art	【联想】名词 artist 艺术家
ar·ti·cle	/ˈɑːtɪkəl/	n. 文章	essay: write an article	I read an interesting article about the technology of the future.【词根】art(连接)+-icle→文章	
ar·ti·fi·cial	/ˌɑːtɪˈfɪʃəl/	a. 人造的	man-made: artificial intelligence	【反】natural【词根】fic-【同】make 【联想】art 词根；intelligence	
art·ist	/ˈɑːtɪst/	n. 艺术家	artist: talented artist	【联想】art【词根】art(艺术)+-ist(人)→艺术家	
as	/æz/	prep. 作为	like: as soon as possible	,和…一样【例句】He's as tall as his father now.	
ash	/æʃ/	n. 灰烬	powder after burning: burn to ash	【同】powder after burning	
a·shamed	/əˈʃeɪmd/	a. 羞愧的	embarrassed: feel ashamed	【词组】be ashamed of 【联想】名词 shame 羞耻
A·sia	/ˈeɪʒə/	n. 亚洲	continent	【联想】Asian	
A·sian	/ˈeɪʒən/	a. 亚洲的	from Asia	【联想】Asia	
a·side	/əˈsaɪd/	ad. 在旁边；到一边	aside: put aside	【联想】side	
ask	/ɑːsk/	v. 问	inquire: ask for help	【同】order, demand, request, inquire/enquire, beg.【例句】"Where have you been?" asked my mother	
a·sleep	/əˈsliːp/	a. 睡着的	sleeping: fall asleep	【反】awake 【联想】sleep	
as·pect	/ˈæspekt/	n. 方面	facet: one aspect	【词根】a-(去)+spect(看)→看的角度→方面	
as·sess	/əˈses/	v. 评估	evaluate: assess a project	【同】evaluate 【联想】assessment 名词；access 形近【词根】as-(去)+sess(坐)→坐下评估→评定	
as·sess·ment	/əˈsesmənt/	n. 评价	evaluation: performance assessment	【联想】assess 动词【词根】as-(去)+sess(坐)+-ment→评估	
as·sist	/əˈsɪst/	v. 辅助	aid: assist someone	【同】help 【联想】assistance 名词【词根】as-(去)+sist(站)→站在旁边→协助	
as·sist·ance	/əˈsɪstəns/	n. 帮助	aid: technical assistance	【同】help 【联想】assist 动词【词根】as-(去)+sist(站)+-ance→援助	
as·sis·tant	/əˈsɪstənt/	n. 助手	helper: personal assistant	【联想】assist 动词【词根】as-(去)+sist(站)+-ant(人)→助手	
as·so·ci·ate	/əˈsəʊsieɪt/	v. 关联	link: associate with	【同】connect. associate sth with sth 【联想】association 名词【词根】as-(去)+soci(同伴)+-ate→联合	
as·so·ci·a·tion	/əˌsəʊsiˈeɪʃən/	n. 协会	group: trade association	【联想】associate 动词【词根】as-(去)+soci(同伴)+-ation→协会	
as·sume	/əˈsjuːm/	v. 假设	suppose: assume responsibility	【同】suppose 【联想】assumption 名词【词根】as-(去)+sume(拿)→拿起→假定	
as·sump·tion	/əˈsʌmpʃən/	n. 假定	presumption: basic assumption	【联想】assume 动词【词根】as-(去)+sumpt(拿)+-ion→假设	
as·ton·ish	/əˈstɒnɪʃ/	v. 使惊讶	astonish: astonish the world	【同】surprise 【联想】astonishment 名词【词根】a-(加强)+ston(雷)+-ish→雷击→震惊	
as·tro·naut	/ˈæstrənɔːt/	n. 宇航员	spaceman: train an astronaut	【联想】astronomy 词根 astro 星【词根】astro(星)+naut(航行)→宇航员	
as·tron·o·mer	/əˈstrɒnəmər/	n. 天文学家	stargazer: famous astronomer	【联想】astronomy 名词【词根】astro(星)+nomer(安排)→天文学家	
as·tron·o·my	/əˈstrɒnəmi/	n. 天文学	stargazing: study astronomy	【词根】astro(星)+nomy(学) 【联想】astronaut	
at	/æt/	prep. 在	at: at the park		
ath·lete	/ˈæθliːt/	n. 运动员	player: star athlete	【联想】athletic 形容词【词根】athl(奖品)+-ete→争夺奖品者→运动员	
ath·let·ic	/æθˈletɪk/	a. 运动的	sporty: athletic event	【联想】athlete 名词【词根】athl(奖品)+-etic→运动的	
At·lan·tic	/ətˈlæntɪk/	n. 大西洋	ocean: the Atlantic Ocean		
at·mo·sphere	/ˈætməsfɪər/	n. 大气	atmosphere: atmosphere of a place	【联想】sphere 词根【词根】atmo(汽)+sphere(球)→大气层	
at·om	/ˈætəm/	n. 原子	particle: atom structure	【联想】atomic 形容词【词根】a-(不)+tom(切)→不可分割→原子	
at·tach	/əˈtætʃ/	v. 附着	fasten: attach a label	【同】fasten, join。【词根】at- 'to'+tach(接触) 【联想】attachment 名词；反义 detach 分离
at·tack	/əˈtæk/	v. 攻击	assault: launch an attack	【反】defend 【联想】defend 反义【词根】at-(去)+tack(钉)→钉上去→攻击	
at·tain	/əˈteɪn/	v. 达到	attain: attain a goal	【同】ACHIEVE, accomplish, reach, obtain, gain 【词根】at- 'to'+tain(拿住) 【联想】同义 obtain 获得
at·tempt	/əˈtempt/	v. 尝试	try: attempt to do	【同】try【词根】at-(去)+tempt(尝试)→尝试	
at·tend	/əˈtend/	v. 出席	be present: attend a meeting	【联想】attention 名词【词根】at-(去)+tend(伸)→伸向→出席	
at·ten·tion	/əˈtenʃən/	n. 注意	focus: pay attention	【词组】 pay attention to 注意 【联想】attend 动词【词根】at-(去)+tent(伸)+-ion→注意	
at·ti·tude	/ˈætɪtʃuːd/	n. 态度	stance: positive attitude	【联想】altitude 形近【词根】attit(倾向)+-ude→态度	
at·tract	/əˈtrækt/	v. 吸引	entice: attract customers	【同】ENTICE, allure, lure, tempt, charm 【联想】attraction, attractive【词根】at-(去)+tract(拉)→吸引	
at·trac·tion	/əˈtrækʃən/	n. 吸引力	appeal: tourist attraction	【联想】attract 动词【词根】at-(去)+tract(拉)+-ion→吸引力	
at·trac·tive	/əˈtræktɪv/	a. 有吸引力的	appealing: attractive offer	【同】pretty, beautiful, good-looking, handsome, gorgeous 【联想】attract 动词【词根】at-(去)+tract(拉)+-ive→有吸引力的	
au·di·ence	/ˈɔːdiəns/	n. 观众	viewers: large audience	【词根】aud(听)+-ience(名词) 【联想】audio 词根 aud 听	
Au·gust	/ˈɔːɡəst/	n. 八月	month: in August	【同】Aug	
aunt	/ɑːnt/	n. 阿姨	relative: my aunt	【反】uncle 【联想】uncle 叔叔	
Aus·tra·li·a	/ɒsˈtreɪliə/	n. 澳大利亚	country: in Australia	【联想】Australian	
Aus·tra·li·an	/ɒsˈtreɪliən/	n. 澳大利亚人	person: Australian wildlife	【联想】Australia	
au·then·tic	/ɔːˈθentɪk/	a. 真正的	genuine: authentic product	【同】real, GENUINE. "the restaurant serves authentic Italian meals"【词根】aut(自己)+hent(做)+-ic→自己做的→真正的 【联想】名词 authenticity 真实性
au·thor	/ˈɔːθər/	n. 作者	writer: famous author	【同】writer 【联想】authority 形近【词根】author(创造)→作者	
au·thor·i·ty	/ɔːˈθɒrəti/	n. 权威	power: have authority	【同】power 【联想】authorize 动词【词根】author(创造)+-ity→权威	
au·to·mat·ic	/ˌɔːtəˈmætɪk/	a. 自动的	self-acting: automatic door	【联想】auto, automation【词根】auto(自己)+mat(动)+-ic→自动的	
au·ton·o·mous	/ɔːˈtɒnəməs/	a. 自治的	self-governing: autonomous region	【词根】auto(自己)+nom(法则)+-ous→自我管理的 【联想】名词 autonomy 自治
au·tumn	/ˈɔːtəm/	n. 秋天	fall season	（英式） =fall （美式: in autumn） 【联想】fall 美式	
a·vail·a·ble	/əˈveɪləbəl/	a. 可用的	free: available seat	【用法】系动词后【词根】a-(去)+vail(价值)+-able→有价值的→可用的	
av·e·nue	/ˈævənjuː/	n. 大道	road: main avenue	【同】road, street【词根】a-(去)+venue(来)→大道	
av·e·rage	/ˈævərɪdʒ/	n. & a. 平均	average: average age	【词根】average(均分)→平均	
a·void	/əˈvɔɪd/	v. 避免	evade: avoid mistakes	【例句】She avoided trouble by keeping quiet.I left early to avoid getting stuck in traffic. 【联想】avoidance 名词【词根】a-(去)+void(空)→使空→避免	
a·wake	/əˈweɪk/	a. (awoke, awoken) 醒着的	not asleep: awake from sleep	Mum was still awake when I got home.【用法】系动词后 【联想】wake	
a·ward	/əˈwɔːd/	n. 奖励	prize: award a prize	【同】prize	
a·ware	/əˈweər/	a. 意识到	know: be aware of	【词组】be aware of【同】conscious 【联想】名词 awareness 意识
a·way	/əˈweɪ/	ad. 离开	off: run away	We walked away from the building.	
awe·some	/ˈɔːsəm/	a. 极好的	great: awesome view	【同】good, amazing 【联想】awe 敬畏	
aw·ful	/ˈɔːfəl/	a. 糟糕的，可怕的	terrible: awful weather	【同】bad, terrible 【联想】awe, awesome	
awk·ward	/ˈɔːkwəd/	a. 尴尬的，笨拙的	clumsy: awkward moment	【同】difficult, hard	
ba·by	/ˈbeɪbi/	n. 婴儿	newborn: cute baby	【同】infant	
bach·e·lor	/ˈbætʃələr/	n. 学士，单身汉	unmarried man: bachelor degree	【词根】bach(棍棒)→单身汉 【同】unmarried man, degree	
back	/bæk/	n. & ad. 后面	rear: go back	【联想】background, backward 词族	
back·ground	/ˈbækɡraʊnd/	n. 背景	setting: family background	【联想】back, ground	
back·ward	/ˈbækwəd/	ad. 向后	rearward: backward movement	【反】forward 【联想】反义 forward 向前
back·wards	/ˈbækwədz/	ad. 向后	rearward: move backwards	【联想】backward 美式	
ba·con	/ˈbeɪkən/	n. 培根	meat: eat bacon	【同】meat 肉	
bac·te·ri·a	/bækˈtɪəriə/	n. 细菌	germs	（复数） 【词根】bacter(小棒)+-ia→杆状微生物 【联想】单数 bacterium 细菌
bacterium	/bækˈtɪəriəm/	n. 细菌	germs	（单数: harmful bacterium）。通常用复数 bac·te·ri·a 【联想】复数 bacteria 细菌
bad	/bæd/	a. 坏的	poor: feel bad	【同】SEVERE, serious, grave, critical, acute, terrible, dreadful, awful, grim, distressing 【反】good 【联想】badly 副词, worse, worst	
bad·ly	/ˈbædli/	ad. 很坏地	poorly: be badly hurt	【联想】bad	
bad·min·ton	/ˈbædmɪntən/	n. 羽毛球	sport: play badminton		
bag	/bæɡ/	n. 包	container: carry a bag		
bag·gage	/ˈbæɡɪdʒ/	n. 行李	luggage: pack baggage	【联想】同义 luggage 行李
bake	/beɪk/	v. 烘焙	cook: bake a cake	【同】cook 【联想】baker, bakery	
bak·er·y	/ˈbeɪkəri/	n. 面包店	shop: local bakery	【联想】bake, baker	
bal·ance	/ˈbæləns/	n. 平衡	stability: keep balance	lose your balance	
bal·co·ny	/ˈbælkəni/	n. 阳台	porch: sit on a balcony		
ball	/bɔːl/	n. 球	sphere: kick a ball	【联想】basketball, football 复合词	
bal·let	/ˈbæleɪ/	n. 芭蕾舞	dance: watch ballet		
bal·loon	/bəˈluːn/	n. 气球	inflatable: blow up a balloon		
bam·boo	/bæmˈbuː/	n. 竹子	plant: bamboo forest		
ban	/bæn/	v. & n. 禁止	forbid: ban smoking	【同】prohibit 【反】allow	
ba·na·na	/bəˈnɑːnə/	n. 香蕉	fruit: eat a banana	【同】fruit 水果	
band	/bænd/	n. 乐队	group: music band	【同】group 【联想】形近 bandage 绷带
ban·dage	/ˈbændɪdʒ/	n. 绷带	dressing: put on a bandage	【联想】band 带子	
bank	/bæŋk/	n. 银行，河岸	shore: go to the bank	【联想】名词 banker 银行家
bar	/bɑːr/	n. 酒吧，条状物	pub: a bar of chocolate	【联想】形近 barber 理发师
bar·be·cue	/ˈbɑːbɪkjuː/	n. 烧烤	grill: have a barbecue	【同】MEAL • We had a barbecue on the beach 【联想】同义 grill 烤架；烧烤
bar·ber	/ˈbɑːbər/	n. 理发师	haircutter: go to the barber	【联想】barbershop 理发店	
bar·ber·shop	/ˈbɑːbəʃɒp/	n. 理发店	shop: in the barbershop	【联想】barber	
bare	/beər/	a. 赤裸的	naked: bare feet	【同】NAKED 【联想】形近 bear 熊
bar·gain	/ˈbɑːɡɪn/	n. 便宜货	deal: get a bargain	• In the market you can often find a bargain。【词根】bar(交换)+gain(获得)→讨价还价	
bark	/bɑːk/	v. 狗叫	woof: bark of a dog	n. 树皮	
bar·ri·er	/ˈbæriər/	n. 障碍	obstacle: put up a barrier	【同】obstacle, fence【词根】bar 棒 【联想】bar 词根	
base	/beɪs/	n. & v. 基础	foundation: base of a building	.【词组】be based on 基于 【联想】basic, basis, basement 词族	
base·ball	/ˈbeɪsbɔːl/	n. 棒球	sport: play baseball	【联想】base, ball	
base·ment	/ˈbeɪsmənt/	n. 地下室	cellar: in the basement	【联想】base【词根】base(底)+-ment→地下室	
ba·sic	/ˈbeɪsɪk/	a. 基本的	core: basic skills	【同】fundamental, essential, primary 【联想】名词 base 基础
ba·sin	/ˈbeɪsən/	n. 水盆	bowl: wash in a basin		
ba·sis	/ˈbeɪsɪs/	n. 基础	foundation: on the basis of	【联想】base	
bas·ket	/ˈbɑːskɪt/	n. 篮子	container: carry a basket	【联想】basketball 篮球	
bas·ket·ball	/ˈbɑːskɪtbɔːl/	n. 篮球	sport: play basketball	【联想】basket, ball	
bat	/bæt/	n. 球棒，蝙蝠	club: bat for a game	【联想】形近 battery 电池
bath	/bɑːθ/	n. 泡澡，浴缸	tub: take a bath	【联想】bathe, bathroom, bathtub	
bathe	/beɪð/	v. 洗澡	wash: bathe in the sun	【联想】bath	
bath·room	/ˈbɑːθruːm/	n. 浴室	washroom: go to the bathroom	【联想】bath, room	
bath·tub	/ˈbɑːθtʌb/	n. 浴缸	tub: fill a bathtub	【联想】bath, tub	
bat·ter·y	/ˈbætəri/	n. 电池	power: recharge a battery		
bat·tle	/ˈbætəl/	n. 战斗	fight: win a battle	【同】fight 【联想】army 军队	
bay	/beɪ/	n. 海湾	inlet: at the bay		
BC	/ˌbiːˈsiː/	n. 公元前	before Christ: in BC 500	【联想】AD 公元	
be	/biː/	v. (am, is, are, was, were, being, been) 是	verb: be happy		
beach	/biːtʃ/	n. 海滩	seaside: go to the beach	【同】SEASIDE, seashore 【联想】coast,同义 shore 海岸
bean	/biːn/	n. 豆	legume: green bean		
bear	/beər/	n. 熊	large wild animal: a brown bear	v. (bore, borne) 忍受 【同】ENDURE, tolerate, put up with, stand 【联想】bare 形近；同义 endure 忍受
beard	/bɪəd/	n. 胡须	facial hair: trim a beard	【联想】mustache 胡子	
beast	/biːst/	n. 兽	animal: wild beast		
beat	/biːt/	v. (beat, beaten) 击打	strike: beat a drum	【同】hit, strike 【联想】过去分词 beaten 被打的
beau·ti·ful	/ˈbjuːtɪfəl/	a. 美丽的	pretty: look beautiful	【同】attractive 【反】ugly 【联想】名词 beauty 美
beau·ty	/ˈbjuːti/	n. 美	beauty: the beauty of nature	【联想】形容词 beautiful 美丽的
be·cause	/bɪˈkəz/	conj. 因为	since: because of rain	【同】as, for, since	
be·come	/bɪˈkʌm/	v. (became, become) 变成	turn into: become famous	【同】get 【联想】come 词根	
bed	/bed/	n. 床	bed: make the bed	• It's time to go to bed. 【联想】bedroom, bedclothes	
bed·clothes	/ˈbedkləʊðz/	n. 床上用品	linen: change bedclothes	【联想】bed, clothes	
bed·room	/ˈbedruːm/	n. 卧室	room: clean the bedroom	【联想】bed, room	
bee	/biː/	n. 蜜蜂	insect: busy bee	【联想】honey 蜂蜜	
beef	/biːf/	n. 牛肉	meat: roast beef	【同】meat	
beer	/bɪər/	n. 啤酒	drink: drink beer		
be·fore	/bɪˈfɔːr/	prep. 在	at: before dinner	…之前 【反】after	
beg	/beɡ/	v. 乞讨	plead: beg for money	【同】plead 【联想】名词 beggar 乞丐
be·gin	/bɪˈɡɪn/	v. (began, begun) 开始	start: begin a story	【同】start 【反】end. Begin to, begin with 【联想】名词 beginning 开始
be·gin·ning	/bɪˈɡɪnɪŋ/	n. 开始	start: at the beginning	【同】start 【联想】动词 begin 开始
be·half	/bɪˈhɑːf/	n. 代表；利益	representation		
be·have	/bɪˈheɪv/	v. 行为	conduct: behave well	【联想】名词 behavior 行为
behavior	/bɪˈheɪvjər/	n. 行为	conduct	（美式拼写: good behavior） 【同】manner, way 【联想】动词 behave 行为
be·hav·iour	/bɪˈheɪvjər/	n. 行为	conduct	；举止；习性（英式拼写） 【联想】动词 behave 行为
be·hind	/bɪˈhaɪnd/	prep. 在	at: behind the door	…后面	
being	/ˈbiːɪŋ/	n. 存在	existence: human being	【联想】be 词根；human being	
be·lief	/bɪˈliːf/	n. 信仰	faith: religious belief	【反】doubt 【联想】动词 believe 相信
be·lieve	/bɪˈliːv/	v. 相信	trust: believe in	【联想】名词 belief 信仰
bell	/bel/	n. 铃	bell: ring a bell		
bel·ly	/ˈbeli/	n. 肚子	belly: rub the belly	【同】stomach 【联想】同义 stomach 胃，腹部
be·long	/bɪˈlɒŋ/	v. 属于	owned by: belong to	【词组】 belong to.【例句】 That bike belongs to my sister.	
be·low	/bɪˈləʊ/	prep. 在	at: below zero	…下面【词根】be(在)+low(低) 【联想】low 低的	
belt	/belt/	n. 腰带	belt: fasten a belt		
bench	/bentʃ/	n. 长凳	seat: sit on a bench	a long seat	
bend	/bend/	v. (bent, bent) 弯曲	curve: bend a wire	【反】straighten 【联想】过去式 bent 弯曲的
be·neath	/bɪˈniːθ/	prep. 在	at: beneath the ground	…下面 【联想】below,同义 under 在
ben·e·fi·cial	/ˌbenɪˈfɪʃəl/	a. 有益的	helpful: beneficial effect	【同】helpful 【联想】名词 benefit 利益
ben·e·fit	/ˈbenɪfɪt/	n. 利益	advantage: get a benefit	【同】advantage 【联想】形容词 beneficial 有益的
bent	/bent/	a. 弯曲的	curved: bent over	【反】straight 【联想】动词 bend 弯曲
be·side	/bɪˈsaɪd/	prep. 在	at: sit beside	…旁边 【联想】side	
be·sides	/bɪˈsaɪdz/	ad. 除此之外	also: besides that	【联想】beside	
best	/best/	a. 最好的	top: do one's best	【联想】good 的最高级【词组】do one's best
be·tray	/bɪˈtreɪ/	v. 背叛	be disloyal: betray a friend	【联想】名词 betrayal 背叛
bet·ter	/ˈbetər/	a. 更好的	superior: feel better	【联想】good 的比较级【词组】feel better
be·tween	/bɪˈtwiːn/	prep. 在	at: between two trees	...之间	
be·yond	/biˈjɒnd/	prep. & ad. 超过	past: beyond reach		
bi·cy·cle	/ˈbaɪsɪkəl/	n. 自行车	bike: ride a bicycle	【同】bike 【联想】bike, cycle【词根】bi(两)+cycle(轮)→自行车	
bid	/bɪd/	v. 出价，投标	offer: bid farewell	【同】offer	
big	/bɪɡ/	a. 大的	large: big house	【同】large, huge, enormous, vast 【反】small 【联想】large,同义 huge 巨大的
bike	/baɪk/	n. 自行车	bike: ride a bike	【联想】bicycle	
bill	/bɪl/	n. 账单	check: pay a bill	pay the bill	
bil·lion	/ˈbɪljən/	n. 十亿	billion: billions of people	【同】1, 000, 000, 000 【联想】million, trillion【词根】bi(两)+llion(百万)→十亿	
bin·go	/ˈbɪŋɡəʊ/	n. 宾果游戏	game: play bingo		
bi·o·chem·is·try	/ˌbaɪəʊˈkemɪstri/	n. 生物化学	chemistry of living things: study biochemistry	【同】chemistry of living things 【联想】chemistry, biology【词根】bio(生命)+chemistry(化学)→生物化学	
bi·og·ra·phy	/baɪˈɒɡrəfi/	n. 传记	written life story: write a biography	【词根】bio(生命)+graph(写)+-y→写一生的→传记 【同】written life story 【联想】autobiography 词根 bio	
bi·ol·o·gy	/baɪˈɒlədʒi/	n. 生物学	life science: study biology	【词根】bio(生命)+logy(学) 【联想】biochemistry 词根 bio	
bird	/bɜːd/	n. 鸟	animal: singing bird		
birth	/bɜːθ/	n. 出生	nativity: at birth	【联想】birthday, birthplace	
birth·day	/ˈbɜːθdeɪ/	n. 生日	birth: happy birthday	【联想】birth	
birth·place	/ˈbɜːθpleɪs/	n. 出生地	hometown: birthplace of a hero	【联想】birth	
bis·cuit	/ˈbɪskɪt/	n. 饼干	snack: eat a biscuit	【联想】cookie 同义【词根】bis(两次)+cuit(烤)→烤两次的→饼干	
bish·op	/ˈbɪʃəp/	n. 主教	clergy: church bishop		
bit	/bɪt/	n. 一点	bit: a bit tired	【联想】a bit 一点	
bite	/baɪt/	v. (bit, bitten) 咬	bite: bite an apple	【联想】bit, bitten	
bit·ter	/ˈbɪtər/	a. 苦的；痛苦的	sharp taste: bitter chocolate		
black	/blæk/	a. 黑色的	dark: black cat	【反】white【联想】color 颜色	
black·board	/ˈblækbɔːd/	n. 黑板	board: write on the blackboard	【联想】board, chalk	
blame	/bleɪm/	v. 责怪	blame: blame someone for	【同】condemn, accuse. blame someone for a death/failure/problem 【联想】condemn,同义 accuse 指控
blank	/blæŋk/	a. 空白的	empty: blank expression	【同】empty【词组】a blank sheet of paper	
blan·ket	/ˈblæŋkɪt/	n. 毯子	cover: cover with a blanket		
bleed	/bliːd/	v. (bled, bled) 流血	bleed: bleed from a wound	【联想】名词 blood 血液
bless	/bles/	v. 祝福	ask God's favor: bless someone	【联想】blessing	
blind	/blaɪnd/	a. 盲的	sightless: blind man	【联想】blindness	
block	/blɒk/	n. 块	piece: block a road	a block of ice	
blood	/blʌd/	n. 血液	blood: draw blood	【联想】动词 bleed 流血
blouse	/blaʊz/	n. 女衬衫	shirt: wear a blouse	【联想】shirt, skirt 衣服	
blow	/bləʊ/	v. (blew, blown) 吹	puff: blow a whistle	the wind is blowing. blow a whistle. 【联想】blew, blown	
blue	/bluː/	a. 蓝色的	color: blue sky	【联想】red, green 颜色词	
board	/bɔːd/	n. 木板；董事会	piece of wood: on the board	v. 上船/飞机/火车【词组】on board 【联想】blackboard, aboard	
boat	/bəʊt/	n. 船	vessel: row a boat	by boat.	
bod·y	/ˈbɒdi/	n. 身体	body: human body		
boil	/bɔɪl/	v. 沸腾	heat: boil water	boil the kettle	
bomb	/bɒm/	n. 炸弹	explosive: drop a bomb	【联想】bomber	
bond	/bɒnd/	n. 纽带，债券	link: strong bond	【联想】形近 band 乐队
bone	/bəʊn/	n. 骨头	skeleton: break a bone	【同】skeleton	
bo·nus	/ˈbəʊnəs/	n. 奖金	reward: get a bonus		
book	/bʊk/	n. 书	book: read a book		
boom	/buːm/	n. 隆隆声，繁荣	growth: economic boom	【同】prosperity	
boot	/buːt/	n. 靴子	footwear: put on boots	【同】shoe鞋子 【联想】shoe 鞋	
booth	/buːð/	n. 亭子	kiosk: information booth		
bor·der	/ˈbɔːdər/	n. 边界	frontier: cross the border	the border between two countries 【联想】同义 boundary 边界
bored	/bɔːd/	a. 感到无聊的	uninterested: feel bored	She soon got bored with the game. 【联想】形容词 boring 无聊的
bor·ing	/ˈbɔːrɪŋ/	a. 无聊的	dull: boring movie	【同】dull, tedious, monotonous, not interesting 【联想】过去分词 bored 感到无聊的
born	/bɔːn/	a. 出生	nativity: be born in	be born in 【联想】bear 动词【词根】bear(出生)的过去分词→出生	
bor·row	/ˈbɒrəʊ/	v. 借	take and return: borrow a book	【反】lend 借出 【联想】lend 反义【词组】borrow something from someone
boss	/bɒs/	n. 老板	chief: my boss		
bo·tan·i·cal	/bəˈtænɪkəl/	a. 植物学的	plant: botanical garden	【联想】botany 名词【词根】botan(植物)+-ical→植物的	
bot·a·ny	/ˈbɒtəni/	n. 植物学	study of plants: study botany	【词根】botan(植物)+-y(名词) 【联想】形容词 botanical 植物学的
both	/bəʊθ/	pron. 两者都	both: both of them	Both the boys had dark hair.	
both·er	/ˈbɒðər/	v. 打扰	disturb: bother someone	disturb/bother someone	
bot·tle	/ˈbɒtəl/	n. 瓶子	container: fill a bottle	a wine bottle	
bot·tom	/ˈbɒtəm/	n. 底部	base: at the bottom	【反】top. at the bottom of the stairs	
bounce	/baʊns/	v. 反弹，弹跳	bounce: bounce a ball	• The ball bounced off the wall.	
bound	/baʊnd/	a. 必定的	certain: bound to happen	；bind 的过去分词 【同】a. sure. n. & v. 跳跃 【同】jump	
bound·a·ry	/ˈbaʊndəri/	n. 边界	frontier: set a boundary	【词根】bound(边界)+-ary(名词)	
bow	/baʊ/	n. 弓	weapon: bow to someone	v. 鞠躬	
bowl	/bəʊl/	n. 碗	dish: fill a bowl	• a bowl of rice	
bowl·ing	/ˈbəʊlɪŋ/	n. 保龄球	sport: go bowling	【联想】bowl, ball	
box	/bɒks/	n. 盒子	container: pack in a box	a box of chocolates	
box·ing	/ˈbɒksɪŋ/	n. 拳击	sport: go boxing	【联想】名词 box 盒子
boy	/bɔɪ/	n. 男孩	male child: young boy	【反】girl 【联想】girl 对比	
boy·cott	/ˈbɔɪkɒt/	v. 抵制	protest: boycott a product	【反】support【词根】源自人名Boycott→抵制	
brain	/breɪn/	n. 大脑	mind: use the brain	an organ	
brake	/breɪk/	n. 刹车	stop: apply the brake		
branch	/brɑːntʃ/	n. 枝条	limb: tree branch		
brand	/brænd/	n. 品牌	label: famous brand		
brave	/breɪv/	a. 勇敢的	bold: be brave	【反】cowardly 【联想】名词 bravery 勇气
brav·e·ry	/ˈbreɪvəri/	n. 勇气	courage: show bravery	【同】courage 【联想】形容词 brave 勇敢的
bread	/bred/	n. 面包	food: eat bread		
break	/breɪk/	v. (broke, broken) 打破	shatter: break a glass	n. 休息 【联想】broken 形容词, breakthrough	
break·fast	/ˈbrekfəst/	n. 早餐	meal: have breakfast	have breakfast, for breakfast 【联想】brunch 早午餐【词根】break(打破)+fast(禁食)→打破禁食→早餐	
break·through	/ˈbreɪkθruː/	n. 突破	advance: make a breakthrough	【联想】break【词根】break(打破)+through(穿过)→突破	
breast	/brest/	n. 乳房；胸部	chest: touch the breast		
breath	/breθ/	n. 呼吸	inhale: take a breath	take a breath 【联想】动词 breathe 呼吸
breathe	/briːð/	v. 呼吸	inhale: breathe deeply	【联想】名词 breath 呼吸
breeze	/briːz/	n. 微风	gentle wind: gentle breeze	【同】a gentle wind 【联想】wind 风	
brew·er·y	/ˈbrʊəri/	n. 啤酒厂	factory: local brewery	【联想】beer 啤酒
brick	/brɪk/	n. 砖块	block: lay a brick		
bride	/braɪd/	n. 新娘	spouse: bride in a dress	【联想】bridegroom 新郎	
bride·groom	/ˈbraɪdɡruːm/	n. 新郎	spouse: proud bridegroom	【联想】bride 新娘	
bridge	/brɪdʒ/	n. 桥梁	bridge: cross a bridge	a bridge over the river	
brief	/briːf/	a. 简短的	short: brief introduction	【同】CONCISE, short 【联想】副词 briefly 简要地
bright	/braɪt/	a. 明亮的；聪明的；鲜艳的	shiny: bright light	【反】dark, dull 【联想】动词 brighten 使明亮
bril·liant	/ˈbrɪljənt/	a. 卓越的	superb: brilliant idea	【同】superb, outstanding 【联想】名词 brilliance 光辉
bring	/brɪŋ/	v. (brought, brought) 带来	fetch: bring a book	【同】fetch 【反】take 【联想】反义 take 拿取【例句】bring someone a present
Bri·tain	/ˈbrɪtən/	n. 英国	country: in Britain	【联想】British【词根】Brit(不列颠)+-ain→英国	
Brit·ish	/ˈbrɪtɪʃ/	a. 英国的	UK: British accent	【联想】Britain	
broad	/brɔːd/	a. 宽广的	wide: broad shoulders	【同】wide 【联想】broadcast, abroad	
broad·cast	/ˈbrɔːdkɑːst/	n. 广播	transmit: broadcast a program	【联想】broad, cast【词根】broad(广)+cast(投)→广播	
bro·chure	/ˈbrəʊʃər/	n. 宣传册	booklet: tourist brochure		
bro·ken	/ˈbrəʊkən/	a. 破碎的	smashed: broken window	【联想】break	
broom	/bruːm/	n. 扫帚	broom: use a broom		
broth·er	/ˈbrʌðər/	n. 兄弟	sibling: my brother		
brown	/braʊn/	a. 棕色的	color: brown hair	He had light brown hair. 【联想】颜色词	
brunch	/brʌntʃ/	n. 早午餐	meal: have brunch	【联想】breakfast + lunch 合成	
brush	/brʌʃ/	n. & v. 刷子	brush: brush teeth		
buck·et	/ˈbʌkɪt/	n. 桶	pail: carry a bucket		
Bud·dhis·m	/ˈbʊdɪzəm/	n. 佛教	religion: believe in Buddhism	【联想】Buddhist 佛教徒	
bud·get	/ˈbʌdʒɪt/	n. 预算	plan: make a budget		
buf·fet	/ˈbʊfeɪ/	n. 自助餐	meal: have a buffet		
build	/bɪld/	v. (built, built) 建筑	construct: build a house	【反】destroy 【联想】building 名词, rebuild	
build·ing	/ˈbɪldɪŋ/	n. 建筑物	structure: tall building	a structure with a roof and walls. 【联想】动词 build 建筑
bunch	/bʌntʃ/	n. 束，串	cluster: a bunch of flowers	a bunch of flowers	
bun·ga·low	/ˈbʌŋɡələʊ/	n. 平房	house: small bungalow		
bur·den	/ˈbɜːdən/	n. 负担	load: carry a burden		
bu·reau·crat·ic	/ˌbjʊərəˈkrætɪk/	a. 官僚的	official: bureaucratic system	【词根】bureau(办公桌)+cracy(统治)→官僚的 【同】official, administrative	
bur·glar	/ˈbɜːɡlər/	n. 窃贼	thief: catch a burglar	【同】thief, robber【词根】burg(城堡)+lar→入室者→窃贼 【联想】rob,同义 steal 偷窃
burn	/bɜːn/	v. (burned or burnt) 燃烧	fire: burn a candle	burn something	
burst	/bɜːst/	v. (burst, burst) 爆裂	explode	（气球/水管+: burst into tears） 【同】break 【联想】break,同义 explode 爆炸
bur·y	/ˈberi/	v. 埋葬	inter: bury a pet	【联想】名词 burial 埋葬
bus	/bʌs/	n. 公共汽车	bus: take a bus	get on a bus. go somewhere by bus. 【联想】minibus, bus stop	
bush	/bʊʃ/	n. 灌木丛	shrub: hide in the bush		
busi·ness	/ˈbɪznɪs/	n. 商业	commerce: run a business	【联想】businessman, busy【词根】busy(忙碌)+-ness→生意	
busi·ness·man	/ˈbɪznɪsmən/	n. 商人	person in business	【联想】business	
bus·y	/ˈbɪzi/	a. 忙碌的	having much to do	be busy with	
but	/bʌt/	conj. 但是	however: but also		
butch·er	/ˈbʊtʃər/	n. 屠夫	butcher: butcher a pig		
but·ter	/ˈbʌtər/	n. 黄油	butter: spread butter		
but·ter·fly	/ˈbʌtəflaɪ/	n. 蝴蝶	insect: butterfly in a garden	【联想】butter + fly 合成	
but·ton	/ˈbʌtən/	n. 按钮	button: press a button		
buy	/baɪ/	v. (bought, bought) 买	purchase: buy a book	buy something，【反】sell 【联想】反义 sell 卖
by	/baɪ/	prep. 被，通过	via: by the river		
bye-bye	/ˌbaɪˈbaɪ/	int. 再见	goodbye: say bye-bye	【联想】goodbye	
ca·fé	/ˈkæfeɪ/	n. 咖啡馆，小餐馆	coffee shop	【联想】coffee, cafeteria	
cab	/kæb/	n. 出租车	taxi: take a cab	【同】taxi 【联想】同义 taxi 出租车
cab·bage	/ˈkæbɪdʒ/	n. 卷心菜	vegetable: buy a cabbage		
caf·e·te·ri·a	/ˌkæfəˈtɪəriə/	n. 自助餐厅	self-service restaurant: school cafeteria	【同】self-service restaurant 【联想】café, canteen	
cage	/keɪdʒ/	n. 笼子	enclosure: put in a cage		
cake	/keɪk/	n. 蛋糕	dessert: eat a cake		
cal·cu·late	/ˈkælkjəleɪt/	v. 计算	compute: calculate a sum	【同】COMPUTE, work out, reckon, figure 【联想】名词 calculator 计算器
call	/kɔːl/	v. 呼叫，称呼	telephone: call someone		
calm	/kɑːm/	a. & v. 平静的	tranquil: stay calm	【词组】keep calm, calm down 【同】tranquil, relaxed	
cam·el	/ˈkæməl/	n. 骆驼	desert animal: camel in the desert		
cam·e·ra	/ˈkæmrə/	n. 照相机	photo device: use a camera	【词根】camera(房间)→相机	
camp	/kæmp/	n. 营地	tent site: go camping	【联想】camping,形近 campus 校园
cam·paign	/kæmˈpeɪn/	n. 活动	organized effort: election campaign	【同】organized effort【词根】camp(田野)+-aign→野战→战役	
can	/kæn/	v. 能够 n. 罐头	be able to: can do it; a can of soda		
Can·a·da	/ˈkænədə/	n. 加拿大	north american country: in Canada	【同】North American country 【联想】Canadian	
Ca·na·di·an	/kəˈneɪdiən/	n. 加拿大人	from Canada: Canadian flag	【联想】Canada	
ca·nal	/kəˈnæl/	n. 运河	waterway: ship canal		
can·cel	/ˈkænsəl/	v. 取消	call off: cancel a plan	【同】call off 【联想】名词 cancellation 取消
can·cer	/ˈkænsər/	n. 癌症	disease: suffer from cancer		
can·di·date	/ˈkændɪdət/	n. 候选人	applicant: job candidate	【词根】candid(白色)+-ate→穿白衣的人→候选人	
can·dle	/ˈkændəl/	n. 蜡烛	wax light: light a candle		
can·dy	/ˈkændi/	n. 糖果	sweet: eat a candy	【同】sweet 【联想】同义 sweet 甜的
can't	/kɑːnt/	v. 不能	cannot	【联想】cannot	
can·teen	/kænˈtiːn/	n. 食堂	restaurant: school canteen	【同】RESTAURANT, cafeteria 【联想】同义 cafeteria 自助餐厅
cap	/kæp/	n. 帽子（ 指无边的）	headwear: put on a cap	【联想】hat 帽子	
cap·i·tal	/ˈkæpɪtəl/	n. 首都，大写字母，资本	main city: state capital	【联想】capitalism【词根】capit(头)+-al→首都	
cap·sule	/ˈkæpsjuːl/	n. 胶囊	small container: medicine capsule	【同】PILL, tablet 【联想】同义 pill 药丸；药片
cap·tain	/ˈkæptɪn/	n. 船长	commander: ship captain	【同】COMMANDER, LEADER, head【词根】capt(头)+-ain→船长	
cap·ture	/ˈkæptʃər/	v. 捕获	catch: capture a thief	【同】catch【词根】capt(抓)+-ure→捕获 【联想】captive, 词根 capt 抓	
car	/kɑːr/	n. 汽车	automobile: drive a car		
car·bon	/ˈkɑːbən/	n. 碳	chemical element: carbon footprint	【同】chemical element 【联想】carbon dioxide 二氧化碳【词根】carbon(炭)→碳	
card	/kɑːd/	n. 卡片	piece of cardboard: name card	【同】piece of cardboard	
care	/keər/	v. 关心【词组】care about关心，take care of照顾	be concerned: take care	【联想】careful, careless 词族	
care·ful	/ˈkeəfəl/	a. 小心的	cautious: be careful	【联想】care, careless
care·less	/ˈkeələs/	a. 粗心的	not careful: be careless	【反】careful 【联想】care	
car·pen·ter	/ˈkɑːpɪntər/	n. 木匠	woodworker: hire a carpenter		
car·pet	/ˈkɑːpɪt/	n. 地毯	floor covering: lay a carpet	【例句】a thick bedroom carpet
car·riage	/ˈkærɪdʒ/	n. 马车	horse-drawn vehicle: horse carriage	【同】horse-drawn vehicle 【联想】carry 词根	
car·ri·er	/ˈkæriər/	n. 搬运人，运载工具	transporter: mail carrier	【联想】动词 carry 携带
car·rot	/ˈkærət/	n. 胡萝卜	orange vegetable: grow a carrot	【同】orange vegetable	
car·ry	/ˈkæri/	v. 携带	transport: carry a box	【联想】carriage, carrier
cart	/kɑːt/	n. 手推车	wheeled vehicle: push a cart	【联想】形近 car 汽车
car·toon	/kɑːˈtuːn/	n. 卡通	animated show: watch a cartoon	【词根】cart(纸)+-oon→卡通	
carve	/kɑːv/	v. 雕刻，切开	sculpt: carve a statue	【同】SCULPT, ENGRAVE, SLICE, cut【联想】cave 洞穴【形近词】cave /keɪv/ n. 洞穴
case	/keɪs/	n. 箱子，情况，案例	instance: in any case	【搭配】in some cases
cash	/kæʃ/	n. 现金	money: withdraw cash		
cas·sette	/kəˈset/	n. 录音带	tape: audio cassette		
cast	/kɑːst/	v. (cast, cast) 投掷	throw: cast a vote	n. 演员 【同】throw	
cas·tle	/ˈkɑːsəl/	n. 城堡	fortress: ancient castle		
cas·u·al	/ˈkæʒjuəl/	a. 随意的	informal: casual clothes	【同】informal, not formal 【联想】副词 casually 随便地
cat	/kæt/	n. 猫	feline: pet cat		
cat·a·logue	/ˈkætəlɒɡ/	n. 目录	list: a catalogue of books	【词根】cata-(下面)+logue(说) 【同】list
ca·tas·tro·phe	/kəˈtæstrəfi/	n. 灾难	great disaster: natural catastrophe	【同】disaster【词根】cata-(向下)+strophe(翻转)→天翻地覆→灾难 【联想】同义 disaster 灾难
catch	/kætʃ/	v. (caught, caught) 抓住，捕捉	seize: catch a ball	【同】SEIZE, grab, snatch, take hold of, grasp, grip, clutch【反】throw 【联想】过去式 caught 抓住(过去式)
cat·e·go·ry	/ˈkætəɡri/	n. 分类	class: category of goods	【词根】cate-(向下)+gor(聚集)+-y→分类 【联想】动词 categorize 分类
ca·ter	/ˈkeɪtər/	v. 供应饮食【词组】 cater for/to	provide food for: cater to customers	【同】PROVIDE FOOD FOR, feed, serve, cook for	
ca·the·dral	/kəˈθiːdrəl/	n. 大教堂	church: visit a cathedral	【同】church 【联想】church 同义【词根】cathedr(座位)+-al→主教堂	
cath·o·lic	/ˈkæθəlɪk/	a. & n. 天主教的；天主教徒	Christian denomination		
cat·tle	/ˈkætəl/	n. 牛	cows: herd of cattle	【同】bovines, oxen, bulls, livestock 【联想】cow, ox 牛	
cause	/kɔːz/	n. 原因	bring about: cause a problem	【同】REASON. v. 导致 【同】BRING ABOUT, give rise to, lead to, result in 【联想】because 词根	
cau·tion	/ˈkɔːʃən/	n. 警告	care: exercise caution	【词根】caut(小心)+-ion 【同】warning 【联想】形容词 cautious 谨慎的
cau·tious	/ˈkɔːʃəs/	a. 谨慎的	careful: be cautious	【同】careful 【联想】caution 名词【词根】caut(小心)+-ious→谨慎的	
cave	/keɪv/	n. 洞穴	underground hollow: explore a cave	【同】underground hollow 【联想】形近 carve 雕刻，切开
cei·ling	/ˈsiːlɪŋ/	n. 天花板【反】floor 地板	top surface: ceiling of a room	【联想】roof 屋顶	
cel·e·brate	/ˈseləbreɪt/	v. 庆祝	mark an occasion: celebrate a festival	【同】mark an occasion 【联想】celebration 名词【词根】celebr(著名)+-ate→庆祝	
cel·e·bra·tion	/ˌseləˈbreɪʃən/	n. 庆典	festivity: hold a celebration	【联想】celebrate 动词【词根】celebr(著名)+-ation→庆祝	
cell	/sel/	n. 细胞	basic unit of life: nerve cell	【同】basic unit of life 【联想】cellphone,形近 cellar 地窖
cel·lar	/ˈselər/	n. 地窖	underground room: wine cellar	【同】underground room 【联想】形近 cell 细胞
cell·phone	/ˈsel fəʊn/	n. 手机	mobile phone: use a cellphone	【联想】cell, phone【词根】cell(细胞)+phone(声音)→手机	
cent	/sent/	n. 分	penny: fifty cents	【联想】percent, century 词根 cent	
cen·ter	/ˈsentər/	n. 中心	middle: city center	【同】middle 【联想】central, centre 词族	
Cen·ti·grade	/ˈsentɪɡreɪd/	n. 摄氏度	temperature scale: 100 centigrade	【同】temperature scale	
centimeter	/ˈsentɪˌmiːtər/	n. 厘米（美式拼写）	unit of length: ten centimeters	【词根】centi(百分)+meter(米)→厘米	
cen·ti·me·tre	/ˈsentɪˌmiːtər/	n. 厘米（英式拼写）	unit of length	【词根】centi(百分)+metre(米)→厘米	
cen·tral	/ˈsentrəl/	a. 中央的	middle: central park	【联想】center 名词【词根】centr(中心)+-al→中心的	
cen·tre	/ˈsentər/	n. 中心（英式拼写） the centre of something	middle: shopping centre	【联想】center 美式	
cen·tu·ry	/ˈsentʃəri/	n. 世纪	100 years: last century	【联想】percent 词根 cent【词根】cent(百)+-ury→世纪【例句】in the 13th century
cer·e·mo·ny	/ˈserɪməni/	n. 典礼，仪式	ritual: wedding ceremony	【同】ritual, rite【词根】ceremon(仪式)→仪式	
cer·tain	/ˈsɜːtən/	a. 确定的	sure: certain thing	【同】SURE, confident, positive, convinced 【联想】certainly 副词, uncertain 反义【词根】cert(确定)+-ain→确定的	
cer·tain·ly	/ˈsɜːtənli/	ad. 当然	definitely: certainly not	【联想】certain	
cer·tif·i·cate	/səˈtɪfɪkət/	n. 证书	guarantee: get a certificate	【同】GUARANTEE, certification, document 【词根】cert(确定)+fic(做)+-ate→确认的文书→证书	
chain	/tʃeɪn/	n. 链条	series of links: chain of stores		
chair	/tʃeər/	n. 椅子	seat: sit on a chair	【联想】chairman, armchair	
chair·man	/ˈtʃeəmən/	n. 主席	presiding officer: company chairman	【同】presiding officer 【联想】chair, chairwoman	
chair·wom·an	/ˈtʃeəˌwʊmən/	n. 女主席	female chair: company chairwoman	【联想】chair, chairman	
chal·lenge	/ˈtʃælɪndʒ/	n. 挑战	difficult task	【联想】形容词 challenging 具有挑战性的
chalk	/tʃɔːk/	n. 粉笔	writing stick: use chalk	【联想】blackboard 黑板	
chal·leng·ing	/ˈtʃælɪndʒɪŋ/	a. 具有挑战性的	difficult: challenging task	【同】difficult 【联想】名词 challenge 挑战
cham·pi·on	/ˈtʃæmpiən/	n. 冠军	winner: sports champion	【同】winner 【联想】championship【词根】champ(战场)+-ion→冠军	
chance	/tʃɑːns/	n. 机会	opportunity. have a chance to: have a chance	【同】opportunity. have a chance to	
change	/tʃeɪndʒ/	v. 改变	alter: change clothes	【联想】形容词 changeable 可改变的
change·a·ble	/ˈtʃeɪndʒəbəl/	a. 可改变的	variable: changeable weather	【联想】change【词根】change(变化)+-able→易变的	
chan·nel	/ˈtʃænəl/	n. 通道	passageway: TV channel		
chant	/tʃɑːnt/	v. 唱诵	sing: chant a song	【同】sing	
cha·os	/ˈkeɪɒs/	n. 混乱	complete disorder: chaos in a place	【同】complete disorder	
chap·ter	/ˈtʃæptər/	n. 章节	section: book chapter		
char·ac·ter	/ˈkærəktər/	n. 字符	personality: main character	【联想】characteristic 特征【词根】charact(刻)+-er→特征	
char·ac·ter·is·tic	/ˌkærəktəˈrɪstɪk/	n. 特征	trait: characteristic feature	【联想】character【词根】charact(刻)+-eristic→特征	
charge	/tʃɑːdʒ/	v. 收费；指控；充电	ask for payment: charge a fee	n. 负责【词组】take charge of, in charge of, free of charge	
chart	/tʃɑːt/	n. 图表	graph: draw a chart		
chat	/tʃæt/	v. 聊天	talk: chat with a friend	【同】talk	
cheap	/tʃiːp/	a. 便宜的	expensive: cheap goods	【反】expensive 【联想】反义 expensive 昂贵的
cheat	/tʃiːt/	v. 欺骗	deceive: cheat someone		
check	/tʃek/	v. 检查	examine: check a list	【同】examine 【联想】cheque 支票	
cheek	/tʃiːk/	n. 脸颊	face side: touch the cheek	【联想】face 脸	
cheer	/tʃɪər/	v. 欢呼	applaud: cheer for a team	【联想】cheerful 形容词, cheers	
cheer·ful	/ˈtʃɪəfəl/	a. 快乐的	happy: cheerful mood	【联想】cheer	
cheers	/tʃɪəz/	int. 干杯	toast: say cheers	【联想】cheer	
cheese	/tʃiːz/	n. 奶酪	dairy product: eat cheese		
chef	/ʃef/	n. 厨师长	cook: talented chef	【同】cook	
chem·i·cal	/ˈkemɪkəl/	a. 化学的	substance: chemical reaction	【联想】chemistry 名词【词根】chem(化学)+-ical→化学的	
chem·ist	/ˈkemɪst/	n. 化学家	pharmacist: local chemist	【联想】chemistry, chemical【词根】chem(化学)+-ist→化学家	
chem·is·try	/ˈkemɪstri/	n. 化学	science subject: study chemistry	【联想】chemist, chemical【词根】chem(化学)+-istry→化学	
cheque	/tʃek/	n. 支票	check: write a cheque	【同】check 【联想】check 美式	
chess	/tʃes/	n. 国际象棋	board game: play chess		
chest	/tʃest/	n. 胸部	breast: open the chest	【同】BREAST	
chew	/tʃuː/	v. 咀嚼	grind with teeth: chew gum	【同】grind with teeth	
chick·en	/ˈtʃɪkɪn/	n. 鸡肉	poultry: roast chicken		
chief	/tʃiːf/	a. 首要的 & n. 首席	leader: police chief	【同】leader, main	
child	/tʃaɪld/	n. (pl. children) 孩子	young person: a small child	【同】kid, boy, girl, baby, infant, son, daughter 【联想】名词 childhood 童年
child·hood	/ˈtʃaɪldhʊd/	n. 童年	youth: happy childhood	【同】YOUTH 【联想】child	
chim·ney	/ˈtʃɪmni/	n. 烟囱	smoke duct: climb a chimney		
chi·na	/ˈtʃaɪnə/	n. 瓷器	porcelain: a piece of china	【联想】China 大写	
Chi·na	/ˈtʃaɪnə/	n. 中国	country: in China	【联想】Chinese	
Chi·nese	/tʃaɪˈniːz/	a. & n. 中国的；中国人；中文	east asian language: Chinese culture	【同】East Asian language 【联想】China	
choco·late	/ˈtʃɒklət/	n. 巧克力	sweet food: eat chocolate		
choice	/tʃɔɪs/	n. 选择	option: make a choice	【同】OPTION, alternative. make a choice 【联想】choose 动词【词根】choose(选择)的名词→选择	
choir	/kwaɪər/	n. 合唱团	singers: join a choir	【同】singers	
choke	/tʃəʊk/	v. 窒息	suffocate: choke on food		
choose	/tʃuːz/	v. (chose, chosen) 选择	select: choose a book	【同】SELECT, pick (out). choose someone/something 【联想】choice 名词, chose 过去式【词根】choose(选择)→选择	
chop·sticks	/ˈtʃɒpstɪk/	n. 筷子	eating utensils: use chopsticks	【联想】chop, sticks【词根】chop(砍)+sticks(棍)→筷子	
cho·rus	/ˈkɔːrəs/	n. 合唱【反】verse诗节	refrain: sing in chorus	【联想】choir 合唱团	
Chris·tian	/ˈkrɪstʃən/	n. 基督教徒	follower of christ: a Christian believer	【同】follower of Christ 【联想】Christ, Christmas	
Christ·mas	/ˈkrɪsməs/	n. 圣诞节	holiday: Merry Christmas	【联想】Christ, Christian	
church	/tʃɜːtʃ/	n. 教堂	place of worship: go to church	【同】place of worship	
ci·gar	/sɪˈɡɑːr/	n. 雪茄	tobacco roll: smoke a cigar	【联想】cigarette	
cig·a·rette	/ˌsɪɡərˈet/	n. 香烟	tobacco product: smoke a cigarette	【联想】cigar	
cin·e·ma	/ˈsɪnəmɑː/	n. 电影院	movie theater: go to the cinema	【同】movie theater 【联想】film, movie	
cir·cle	/ˈsɜːkəl/	n. 圆圈	round shape: draw a circle	【联想】circular 形容词, semicircle【词根】circ(圆)+-le→圆	
cir·cuit	/ˈsɜːkɪt/	n. 电路	electrical path: electrical circuit	【联想】circle 词根 circ【词根】circ(圆)+uit→电路	
cir·cu·late	/ˈsɜːkjəleɪt/	v. 循环，流通	spread around: circulate money	【同】SPREAD (ABOUT/AROUND)【词根】circ(环)+-ul+-ate→绕圈→循环 【联想】circle, circulation	
cir·cum·stance	/ˈsɜːkəmstɑːns/	n. 情况	condition: in difficult circumstances	【同】condition, situation。【词根】circum- 'around'+st(站)+-ance→周围的情况 【联想】circle 词根	
cir·cus	/ˈsɜːkəs/	n. 马戏团	entertainment show: circus performance	【同】entertainment show 【联想】circle 词根【词根】circ(圆)+-us→马戏团	
cit·i·zen	/ˈsɪtɪzən/	n. 公民	inhabitant: city citizen	【同】INHABITANT, resident 【联想】city 形近; citizenship【词根】cit(城市)+-izen→市民	
cit·y	/ˈsɪti/	n. 城市	urban area: big city	【联想】形近 citizen 公民
civ·il	/ˈsɪvəl/	a. 文明的	civilized: civil rights	【联想】civilian, civilization【词根】civ(市民)+-il→公民的	
ci·vil·ian	/sɪˈvɪljən/	n. 平民	ordinary citizen: civilian life	【词根】civ(市民)+-ilian→平民 【同】ordinary citizen 【联想】civil	
civ·i·li·za·tion	/ˌsɪvəlaɪˈzeɪʃən/	n. 文明	society: ancient civilization	【联想】civilize 动词【词根】civ(市民)+-ilization→文明	
clap	/klæp/	v. 拍手	applaud: clap hands	【同】applaud	
clar·i·fy	/ˈklærɪfaɪ/	v. 澄清	make clear: clarify a point	【同】make clear 【联想】clear 词根 clar	
class	/klɑːs/	n. 班级	group of students: in class	【同】group of students 【联想】classify, classmate, classroom	
clas·sic	/ˈklæsɪk/	a. & n. 经典的；名著	timeless; great work	【联想】classical	
clas·si·cal	/ˈklæsɪkəl/	a. 古典的	traditional: classical music	【联想】classic【词根】class(等级)+-ical→古典的	
clas·si·fy	/ˈklæsɪfaɪ/	v. 分类	categorize: classify books	【词根】class(类别)+-ify(使) 【联想】class	
class·mate	/ˈklɑːsmeɪt/	n. 同班同学	class fellow: my classmate	【联想】class, schoolmate【词根】class(班级)+mate(同伴)→同学	
class·room	/ˈklɑːsruːm/	n. 教室	schoolroom: in the classroom	【联想】class, room【词根】class+room→教室	
claw	/klɔː/	n. 爪子	talon: claw of an animal	【同】nail	
clay	/kleɪ/	n. 黏土	pottery material: make clay pottery	【同】EARTH, soil; pottery material	
clean	/kliːn/	a. 干净的	tidy	v. 清洁（=wash: clean the room） 【同】WASH, cleanse, wipe, sponge, scrub, mop 【反】dirty 【联想】名词 cleaner 清洁工
clean·er	/ˈkliːnər/	n. 清洁工	janitor: hire a cleaner	【联想】clean	
clear	/klɪər/	a. 清晰的，清楚的	obvious: clear the table	【反】unclear 【联想】动词 clarify 澄清
clerk	/klɑːk/	n. 职员	employee: bank clerk		
clev·er	/ˈklevər/	a. 聪明的	bright: be clever	【同】smart, intelligent 【反】stupid 【联想】smart,同义 intelligent 聪明的
click	/klɪk/	v. 点击	press: click a mouse		
cli·mate	/ˈklaɪmət/	n. 气候	weather pattern: local climate	【同】weather 【联想】weather 同义【词根】clim(倾斜)+-ate→气候	
climb	/klaɪm/	v. 攀登	ascend	（+梯子/山: climb a mountain） climb stairs/a hill etc	
clin·ic	/ˈklɪnɪk/	n. 诊所	medical center: go to a clinic	【同】hospital 【联想】clinical 形容词【词根】clin(床)+-ic→诊所	
clock	/klɒk/	n. 钟表	timepiece: set an alarm clock	【词根】clock(钟)→时钟	
clone	/kləʊn/	v. 克隆	copy: clone a plant		
close	/kləʊz/	v. 关闭	shut: close the door	【例句】close the window【反】open 【联想】形容词 closed 关闭的
closed	/kləʊzd/	a. 关闭的	shut: closed window	【反】open打开的 【联想】动词 close 关闭
cloth	/klɒθ/	n. 布料	fabric: buy cloth	【联想】clothes, clothing	
clothes	/kləʊðz/	n. 衣服	garments: wash clothes	【词组】wear clothes, put on clothes, take clothes off 【联想】cloth, clothing【词根】cloth(布)+-es→衣服	
cloth·ing	/ˈkləʊðɪŋ/	n. 衣服	apparel: a piece of clothing	【联想】clothes【词根】cloth(布)+-ing→衣服	
cloud	/klaʊd/	n. 云朵	vapor: white cloud	【联想】形容词 cloudy 多云的
cloud·y	/ˈklaʊdi/	a. 多云的	overcast: cloudy day	【联想】cloud	
club	/klʌb/	n. 俱乐部	association: join a club	join the film club	
clum·sy	/ˈklʌmzi/	a. 笨拙的	awkward: be clumsy	【同】awkward	
coach	/kəʊtʃ/	n. 教练	trainer: football coach	my tennis coach. 【联想】同义 trainer 教练
coal	/kəʊl/	n. 煤炭	fuel: mine for coal		
coast	/kəʊst/	n. 海岸	shoreline: along the coast	【同】shore 【联想】beach,同义 shore 海岸
coat	/kəʊt/	n. 外套	jacket: wear a coat	【联想】overcoat 大衣	
cock	/kɒk/	n. 公鸡	rooster: cock a hat	【同】male chicken, rooster 【联想】hen 母鸡, chicken	
co·coa	/ˈkəʊkəʊ/	n. 可可	chocolate drink: drink cocoa		
cof·fee	/ˈkɒfi/	n. 咖啡	beverage: drink coffee	【联想】café 咖啡馆	
coin	/kɔɪn/	n. 硬币	currency: collect coins		
co·in·ci·dence	/kəʊˈɪnsɪdəns/	n. 巧合；一致	chance; accord	【词根】co- 'together'+in- 'in'+cid(落)+-ence→同时发生→巧合 【联想】动词 coincide 同时发生
Coke	/kəʊk/	n. 可口可乐；焦炭	cola; fuel	【联想】cola	
col·our	/ˈkʌlər/	n. 颜色	hue	【同】color 【联想】color 美式【词根】col(涂色)+-our→颜色	
cold	/kəʊld/	a. 寒冷的	chilly: feel cold	go/get cold 【反】hot 【联想】cool,反义 hot 热的
col·lar	/ˈkɒlər/	n. 衣领	neckband: shirt collar		
col·league	/ˈkɒliːɡ/	n. 同事	coworker: my colleague	【词根】col- 'together'+league(联盟)→同事 【联想】形近 college 大学
col·lect	/kəˈlekt/	v. 收集	gather: collect stamps	【同】gather 【联想】collection 名词【词根】col-(一起)+lect(收集)→收集	
col·lec·tion	/kəˈlekʃən/	n. 收藏	set: coin collection	【联想】collect 动词【词根】col-(一起)+lect(收)+-ion→收藏	
col·lege	/ˈkɒlɪdʒ/	n. 大学	institute: go to college	【同】SCHOOL, university 【联想】university 同义【词根】col-(一起)+leg(同事)→学院	
col·li·sion	/kəˈlɪʒən/	n. （ 车辆的）碰撞	crash: car collision	【同】crash【词根】col- 'together'+lis(撞击)+-ion 【联想】动词 collide 碰撞
col·or	/ˈkʌlər/	n. 颜色	hue	（美式拼写: change color） 【联想】colour 英式【词根】col(涂色)+-or→颜色	
comb	/kəʊm/	n. 梳子	hair tool: comb one’s hair		
com·bine	/kəmˈbaɪn/	v. 结合	merge: combine ideas	【同】integrate, incorporate, merge, mix, fuse, blend, bind, join, marry, unify 【联想】combination 名词【词根】com-(一起)+bine(二)→合二为一→结合	
come	/kʌm/	v. (came, come) 来	arrive: come here	【同】ARRIVE, get here/there, reach 【反】go	
com·e·dy	/ˈkɒmədi/	n. 喜剧	humor: watch a comedy	【反】 tragedy, gravity 【联想】comedian,反义 tragedy 悲剧
com·fort	/ˈkʌmfət/	n. 舒适	ease: provide comfort	【同】EASE, relaxation 【联想】comfortable 形容词【词根】com-(加强)+fort(力量)→安慰	
com·fort·a·ble	/ˈkʌmfətəbəl/	a. 舒服的	cozy: comfortable chair	【同】relaxed 【联想】comfort 名词【词根】com-(加强)+fort(力量)+-able→舒适的	
com·mand	/kəˈmɑːnd/	v. 命令	order: give a command	【同】ORDER, tell, direct, instruct 【联想】commander 指挥官【词根】com-(加强)+mand(命令)→命令	
com·ment	/ˈkɒment/	n. 评论	remark: make a comment	【同】REMARK. made some very useful comments about【词根】com-(一起)+ment(思考)→评论	
com·mer·cial	/kəˈmɜːʃəl/	a. 商业的	business: commercial advertisement	【联想】commerce 名词【词根】com-(一起)+merc(商品)+-ial→商业的	
com·mit	/kəˈmɪt/	v. 犯罪	carry out: commit a crime	【同】carry out。【词根】com- 'together'+mit(送) 【联想】commitment, committee	
com·mit·ment	/kəˈmɪtmənt/	n. 投入，承诺	dedication; promise: show commitment	【同】dedication, promise 【联想】commit【词根】com-(一起)+mit(送)+-ment→承诺	
com·mit·tee	/kəˈmɪti/	n. 委员会	board: school committee	【联想】commit【词根】com-(一起)+mit(送)+-tee(人)→委员会	
com·mon	/ˈkɒmən/	a. 普通的，常见的	usual: common sense	【同】ORDINARY, normal, USUAL. This is a very common spelling mistake 【反】rare, uncommon 【联想】uncommon 反义【词根】com-(共同)+mon(服务)→公共的	
com·mu·ni·cate	/kəˈmjuːnɪkeɪt/	v. 交流	convey: communicate with	【同】CONVEY, tell, impart. communicate with someone 【联想】communication 名词【词根】com-(共同)+mun(服务)+-icate→互通→交流	
com·mu·ni·ca·tion	/kəˌmjuːnɪˈkeɪʃən/	n. 通信	contact: effective communication	【联想】communicate 动词【词根】com-(共同)+mun(服务)+-ication→交流	
com·pan·ion	/kəmˈpænjən/	n. 伴侣	partner: good companion	【同】partner 【联想】company, accompany【词根】com-(共同)+pan(面包)+-ion→共食者→同伴	
com·pa·ny	/ˈkʌmpəni/	n. 公司	firm: in company with	【同】FIRM, business, corporation 【联想】companion【词根】com-(共同)+pan(面包)→一起吃饭的人→公司	
com·pare	/kəmˈpeər/	v. 比较	contrast: compare prices	compare things， compare something with something else 【联想】comparison 名词【词根】com-(一起)+par(相等)+-e→比较	
com·pass	/ˈkʌmpəs/	n. 指南针	direction finder: use a compass	【同】direction finder【词根】com-(一起)+pass(步)→一同行走→罗盘	
com·pen·sate	/ˈkɒmpənseɪt/	v. 补偿	make up	（+for: compensate for loss）【同】make up (for)【词根】com- 'together'+pens(称量)+-ate→补偿 【联想】名词 compensation 补偿
com·pete	/kəmˈpiːt/	v. 竞争	rival	（against/with: compete in a race）【词根】com- 'together' 【联想】competition 名词, competitor	
com·pe·tence	/ˈkɒmpɪtəns/	n. 能力	ability: show competence	【同】ability，CAPABILITY 【联想】competent 形容词【词根】com-(一起)+pet(追求)+-ence→能胜任	
com·pe·ti·tion	/ˌkɒmpəˈtɪʃən/	n. 竞赛	contest: win a competition	【同】CONTEST, tournament, match, game 【联想】compete 动词【词根】com-(一起)+pet(追求)+-ition→竞争	
com·plete	/kəmˈpliːt/	v. 完成	finish	a. 完整（=entire: complete a task） 【同】a. ENTIRE, whole, full, total. v. FINISH, end【词根】com- 'together'+plete(填满) 【联想】副词 completely 完全地
com·plex	/ˈkɒmpleks/	a. 复杂的	complicated: complex problem	【同】COMPLICATED【反】simple。【词根】com- 'together'+plex(编织) 【联想】名词 complexity 复杂
com·po·nent	/kəmˈpəʊnənt/	n. 组件	part: key component	【同】part【词根】com-(一起)+pon(放)+-ent→放在一起→成分	
com·po·si·tion	/ˌkɒmpəˈzɪʃən/	n. 组成	makeup: write a composition	【词根】com- 'together'+pos(放置)+-ition(名词) 【联想】动词 compose 组成
com·pre·hen·sion	/ˌkɒmprɪˈhenʃən/	n. 理解	understanding: reading comprehension	【联想】comprehend 动词【词根】com-(一起)+prehend(抓住)+-ion→理解	
com·pro·mise	/ˈkɒmprəmaɪz/	n. 妥协	agreement: reach a compromise	【同】agreement【词根】com- 'together'+promise(承诺)	
com·pul·so·ry	/kəmˈpʌlsəri/	a. 强制性的	required: compulsory education	【反】optional, voluntary【词根】com- 'together'+puls(推)+-ory→强制性的 【联想】反义 optional 可选的
com·put·er	/kəmˈpjuːtər/	n. 计算机	machine: use a computer	【联想】compute 动词【词根】com-(一起)+put(想)+-er(物)→会算的机器→电脑	
com·rade	/ˈkɒmreɪd/	n. 同志	fellow: good comrade		
con·cen·trate	/ˈkɒnsəntreɪt/	v. 集中	focus	（on: concentrate on） 【同】focus 【联想】concentration 名词【词根】con-(一起)+centr(中心)+-ate→聚向中心→集中	
con·cept	/ˈkɒnsept/	n. 概念	idea: basic concept	【同】idea【词根】con- 'together'+cept(拿)	
con·cern	/kənˈsɜːn/	n. & v. 关注；涉及，关系到；使担心	worry: express concern	【同】attention, involve, worry 【联想】concerned 形容词【词根】con-(一起)+cern(筛选)→有关	
con·cert	/ˈkɒnsət/	n. 音乐会	performance: go to a concert	【词根】con-(一起)+cert(唱)→音乐会	
con·clude	/kənˈkluːd/	v. 结束	finish: conclude a meeting	【联想】conclusion 名词【词根】con-(一起)+clud(关闭)→一起收拢→总结	
con·clu·sion	/kənˈkluːʒən/	n. 结论	end: draw a conclusion	【同】end【词组】in conclusion 【同】FINALLY 【联想】conclude 动词【词根】con-(一起)+clus(关闭)+-ion→结论	
con·crete	/ˈkɒŋkriːt/	a. 具体的	specific: concrete building	n. 混凝土 【反】abstract 【联想】abstract 反义【词根】con-(一起)+cret(生长)→凝成的→混凝土	
con·demn	/kənˈdem/	v. 谴责	criticize: condemn a crime	【同】criticize, blame 【词根】con- 'together'+demn(伤害)→谴责 【联想】名词 condemnation 谴责
con·di·tion	/kənˈdɪʃən/	n. 条件	requirement: living condition	be in good/bad condition【词根】con-(一起)+dit(给)+-ion→共同给予的条件	
con·duct	/kənˈdʌkt/	v. 实施，进行	carry out: conduct an experiment	【同】carry out, MANAGE, direct, run, administer, organize, coordinate 【联想】conductor 名词【词根】con-(一起)+duct(引导)→指挥	
con·duc·tor	/kənˈdʌktər/	n. 指挥	director: train conductor	【联想】conduct 动词【词根】con-(一起)+duct(引导)+-or(人)→指挥者	
con·fe·rence	/ˈkɒnfərəns/	n. 会议	meeting: attend a conference	【同】meeting【词根】con-(一起)+fer(带来)+-ence→带到一起→会议	
con·fi·dent	/ˈkɒnfɪdənt/	a. 自信的	self-assured: feel confident	. be confident about something 【联想】confidence 名词【词根】con-(加强)+fid(信任)+-ent→自信的	
con·fi·den·tial	/ˌkɒnfɪˈdenʃəl/	a. 保密的	secret: confidential information	【同】secret【词根】con- 'together'+fid(信任)+-ential→信任的人之间→机密的 【联想】confidence, confident	
con·firm	/kənˈfɜːm/	v. 确认	verify: confirm a fact	【联想】confirmation 名词【词根】con-(加强)+firm(坚定)→确认	
con·flict	/ˈkɒnflɪkt/	n. 冲突	dispute: armed conflict	【同】DISPUTE, quarrel【词根】con-(一起)+flict(撞击)→冲突	
con·fuse	/kənˈfjuːz/	v. 混淆	bewilder: confuse someone	【同】BEWILDER, baffle, perplex, puzzle 【联想】confusion 名词, confused【词根】con-(一起)+fuse(倒)→混倒在一起→困惑	
con·grat·u·late	/kənˈɡrætʃəleɪt/	v. 祝贺	praise: congratulate someone	【联想】congratulation 名词【词根】con-(一起)+gratul(快乐)+-ate→共同庆贺→祝贺	
con·grat·u·la·tion	/kənˌɡrætʃəˈleɪʃən/	n. 祝贺	celebration: offer congratulations	【联想】congratulate 动词【词根】con-(一起)+gratul(快乐)+-ation→祝贺	
con·nect	/kəˈnekt/	v. 连接	attach: connect a wire	【同】ATTACH, join, ASSOCIATE, link. connect one object/place to another 【联想】connection 名词【词根】con-(一起)+nect(绑)→连接	
con·nec·tion	/kəˈnekʃən/	n. 连接	link: close connection	【联想】connect 动词【词根】con-(一起)+nect(绑)+-ion→连接	
con·science	/ˈkɒnʃəns/	n. 良心	moral sense: have a conscience	【词根】con- 'together'+sci(知道)+-ence(名词)	
con·sen·sus	/kənˈsensəs/	n. 共识	agreement: reach a consensus	【同】agreement【词根】con- 'together'+sens(感觉)+-us	
con·se·quence	/ˈkɒnsɪkwəns/	n. 后果	result: as a consequence	【同】result【词根】con-(一起)+sequ(跟随)+-ence→随后发生→后果	
con·ser·va·tion	/ˌkɒnsəˈveɪʃən/	n. 保护	preservation: wildlife conservation	【词根】con- 'together'+serv(保存)+-ation 【联想】动词 conserve 保护
con·ser·va·tive	/kənˈsɜːvətɪv/	a. 保守的	traditional: conservative view	【词根】con- 'together'+serv(保存)+-ative→保守的 【联想】conserve, conservation	
con·sid·er	/kənˈsɪdər/	v. 考虑	think about: consider a plan	【同】think about【词根】con- 'together'+sid(坐)+-er 【联想】consideration 名词, considerate	
con·sid·er·ate	/kənˈsɪdərət/	a. 体贴的	thoughtful: be considerate	【联想】consider【词根】con-(一起)+sider(星)+-ate→观星细心→体贴的	
con·sid·e·ra·tion	/kənˌsɪdəˈreɪʃən/	n. 考虑	thought: take into consideration	【联想】consider【词根】con-(一起)+sider(星)+-ation→考虑	
con·sist	/kənˈsɪst/	v. 组成	comprise: consist of	(+of) 【同】be made up (of)【词根】con- 'together'+sist(站) 【联想】consistent	
con·sis·tent	/kənˈsɪstənt/	a. 一致的；始终如一的	uniform; steady	【词根】con- 'together'+sist(站)+-ent→站在一起的→一致的 【联想】consist	
con·stant	/ˈkɒnstənt/	a. 恒定的	continual: constant change	【同】continual 【联想】constantly 副词【词根】con-(一起)+stant(站)→不变的→持续的	
con·sti·tu·tion	/ˌkɒnstɪˈtʃuːʃən/	n. 宪法	law: state constitution	【同】law【词根】con-(一起)+stitut(建立)+-ion→宪法	
con·struct	/kənˈstrʌkt/	v. 建造	build: construct a building	【同】build【词根】con- 'together'+struct(建造) 【联想】名词 construction 建筑
con·struc·tion	/kənˈstrʌkʃən/	n. 建筑	building: construction site	【联想】construct 动词【词根】con-(一起)+struct(建造)+-ion→建设	
con·sult	/kənˈsʌlt/	v. 咨询	seek advice: consult a doctor	【同】SEEK ADVICE FROM, ask. ask someone for advice【词根】con- 'together'+sult(坐)→坐下来商量→咨询 【联想】名词 consultant 顾问
con·sul·tant	/kənˈsʌltənt/	n. 顾问	advisor: hire a consultant	【联想】consult 动词【词根】con-(一起)+sult(坐)+-ant(人)→坐下来商量→顾问	
con·sume	/kənˈsjuːm/	v. 消耗	use up: consume energy	【同】use, eat, drink, or ingest 【联想】consumer 名词【词根】con-(一起)+sume(拿)→用尽→消费	
con·tain	/kənˈteɪn/	v. 包含	include: contain water	【同】have, hold, INCLUDE, comprise 【词根】con- 'together'+tain(拿住) 【联想】名词 container 容器
con·tain·er	/kənˈteɪnər/	n. 容器	holder: shipping container	【同】box, can, tin, jar, bottle 【联想】contain 动词【词根】con-(一起)+tain(握住)+-er(物)→容器	
con·tem·po·ra·ry	/kənˈtempərəri/	a. 当代的	modern: contemporary art	【同】MODERN, present, current 【词根】con- 'together'+tempor(时间)+-ary→同时代的	
con·tent	/kənˈtent/	a. 满意的	satisfied	n. 内容（=subject）【词根】con-(一起)+tent(握住)→容纳的内容	
con·ti·nent	/ˈkɒntɪnənt/	n. 大陆	landmass: the Asian continent	【词根】con-(一起)+tin(握住)→连成一片→大陆	
con·tin·ue	/kənˈtɪnjuː/	v. 继续	go on: continue to do	【同】go on 【联想】continuous 形容词【词根】con-(一起)+tin(握住)→持续	
con·tra·dict	/ˌkɒntrəˈdɪkt/	v. 矛盾，反驳	oppose: contradict a statement	【词根】contra- 'against'+dict(说) 【联想】名词 contradiction 矛盾
con·tra·dic·to·ry	/ˌkɒntrəˈdɪktəri/	a. 矛盾的	opposed: contradictory ideas	【同】opposed 【联想】contradict 动词【词根】contra-(相反)+dict(说)+-ory→矛盾的	
con·tra·ry	/ˈkɒntrəri/	n. 相反	opposite: contrary to	【词组】on the contrary【词根】contra-(相反)→相反的	
con·trib·ute	/kənˈtrɪbjuːt/	v. 贡献	donate: contribute to	【联想】contribution 名词【词根】con-(一起)+tribut(给)→贡献	
con·tri·bu·tion	/ˌkɒntrɪˈbjuːʃən/	n. 贡献	donation: make a contribution	【联想】contribute 动词【词根】con-(一起)+tribut(给)+-ion→贡献	
con·trol	/kənˈtrəʊl/	v. & n. 控制	manage: control a machine	【同】BE IN CHARGE OF, run, manage, direct, administer 【联想】controller 名词【词根】contra-(相反)+roll(轮)→对照检查→控制	
con·tro·ver·sial	/ˌkɒntrəˈvɜːʃəl/	a. 有争议的	disputed: controversial issue	【词根】contro-(相反)+vers(转)+-ial 【联想】名词 controversy 争议
con·ve·ni·ence	/kənˈviːniəns/	n. 方便	ease: for convenience	【同】ease【词根】con- 'together'+ven(来)+-ience 【联想】形容词 convenient 方便的
con·ve·ni·ent	/kənˈviːniənt/	a. 方便的	handy: convenient store	【联想】convenience 名词【词根】con-(一起)+ven(来)+-ient→便利的	
con·ven·tion·al	/kənˈvenʃənəl/	a. 传统的	traditional: conventional method	【同】traditional 【词根】con- 'together'+vent(来)+-ion+-al→约定俗成的→传统的 【联想】名词 convention 大会
con·ver·sa·tion	/ˌkɒnvəˈseɪʃən/	n. 对话	talk: have a conversation	【同】talk 【联想】converse 动词【词根】con-(一起)+vers(转)+-ation→交谈	
con·vey	/kənˈveɪ/	v. 传达	carry: convey a message	【同】carry, transport; EXPRESS, communicate【词根】con-(一起)+vey(道路)→运输→传达	
con·vince	/kənˈvɪns/	v. 使相信，说服	persuade: convince someone	【同】persuade 【联想】convincing 形容词【词根】con-(加强)+vinc(征服)+-e→说服	
cook	/kʊk/	v. 烹饪	prepare food: cook a meal	【同】boil, steam, fry, roast 【联想】cooker, cookbook	
cook·er	/ˈkʊkər/	n. 炊具	stove: kitchen cooker	【同】stove, oven, hob, grill 【联想】cook	
cook·ie	/ˈkʊki/	n. 曲奇饼干	biscuit: eat a cookie	【同】biscuit 【联想】同义 biscuit 饼干
cool	/kuːl/	a. 凉爽的	chilly: keep cool	【同】CHILLY 【反】warm 【联想】cold,反义 warm 温暖的
cop·y	/ˈkɒpi/	v. 复制	duplicate: copy a book	【词根】cop(多)+-y→复制	
cor·al	/ˈkɒrəl/	n. 珊瑚	reef material: coral reef		
corn	/kɔːn/	n. 玉米	maize: corn on the cob	【同】grain 谷物【备注】美式指玉米，英式指谷物
cor·ner	/ˈkɔːnər/	n. 角落	nook: at the corner		
cor·po·ra·tion	/ˌkɔːpərˈeɪʃən/	n. 公司	firm: major corporation	【同】company 【联想】corporate 形容词【词根】corpor(身体)+-ation→法人团体→公司	
cor·rect	/kəˈrekt/	a. 正确的	right: correct a mistake	【同】RIGHT, accurate, true, exact, precise 【反】wrong, incorrect 【联想】correction 名词【词根】cor-(加强)+rect(直)→改正	
cor·rec·tion	/kəˈrekʃən/	n. 更正	fix: make a correction	【联想】correct 动词【词根】cor-(加强)+rect(直)+-ion→更正	
cor·re·spond	/ˌkɒrɪˈspɒnd/	v. 对应，相符	agree: correspond with	【同】agree【词根】cor- 'together'+re- 'back'+spond(承诺) 【联想】名词 correspondence 通信
cor·rupt	/kəˈrʌpt/	a. 腐败的	rotten: corrupt official	【词根】cor- 'together'+rupt(打破) 【联想】名词 corruption 腐败
cost	/kɒst/	n. 成本	price	v. (cost, cost) 花费（=spend: cost a fortune） 【同】PRICE 【联想】形容词 costly 昂贵的
co·sy	/ˈkəʊzi/	a. （ 房间）舒适的	cozy	（+room: cosy room） 【同】comfortable 【联想】cozy 美式	
cot·tage	/ˈkɒtɪdʒ/	n. 小屋	cabin: small cottage		
cot·ton	/ˈkɒtən/	n. 棉花	fiber: cotton shirt	a cotton dress	
cough	/kɒf/	v. 咳嗽	cough: cough badly		
could	/kʊd/	v. 能够	able	（can 的过去式: could do better）	
count	/kaʊnt/	v. 计数	enumerate: count numbers	count things【词根】count(计算)→数	
coun·ter	/ˈkaʊntər/	n. 柜台	counter: counter argument	【词根】count(计算)+-er→计数器	
coun·try	/ˈkʌntri/	n. 国家	nation: visit a country	【同】nation 【联想】countryside 乡村	
coun·try·side	/ˈkʌntrisaɪd/	n. 乡村	rural area: in the countryside	【联想】country	
cou·ple	/ˈkʌpəl/	n. 一对	pair: a couple of days	a couple of people/things	
cour·age	/ˈkʌrɪdʒ/	n. 勇气	bravery: have courage	【同】bravery 【联想】encourage, courageous【词根】cour(心)+-age→勇气	
course	/kɔːs/	n. 课程	class: a math course	a series of lectures or lessons	
court	/kɔːt/	n. 法庭	tribunal: go to court	【联想】courtyard 庭院	
court·yard	/ˈkɔːtjɑːd/	n. 庭院	yard: school courtyard	【联想】court, yard	
cous·in	/ˈkʌzən/	n. 表亲	relative: my cousin		
cov·er	/ˈkʌvər/	v. 覆盖	overlay: cover a book	cover something with something 【联想】discover, uncover	
cow	/kaʊ/	n. 奶牛	cattle: black cow	【联想】cattle, ox 牛	
co·zy	/ˈkəʊzi/	a. 舒适的；安逸的	cozy; comfortable	【同】co·sy 【联想】cosy 英式	
crash	/kræʃ/	v. 碰撞，撞车	collide: car crash	. The truck ran off the road and crashed into a tree. 【联想】形近 crush 压碎
cray·on	/ˈkreɪɒn/	n. 蜡笔	colored pencil: draw with a crayon		
cra·zy	/ˈkreɪzi/	a. 疯狂的	mad: go crazy	【同】MAD, insane. a crazy idea 【联想】同义 mad 疯狂的
cream	/kriːm/	n. 奶油	dairy: ice cream	【联想】ice cream	
cre·ate	/kriˈeɪt/	v. 创建	make: create a story	【联想】creative, creation【词根】cre(生长)+-ate→创造	
crea·ture	/ˈkriːtʃər/	n. 生物	animal: strange creature	【同】animal 【联想】create【词根】cre(生长)+-ature→生物	
cred·it	/ˈkredɪt/	n. 信用	trust: credit card	【词组】credit card【词根】cred(相信)+-it→信任→信用	
crew	/kruː/	n. 机组人员	crew team: ship crew		
crime	/kraɪm/	n. 犯罪	offence: commit a crime	【同】OFFENCE 【联想】criminal 罪犯	
crim·i·nal	/ˈkrɪmɪnəl/	n. 罪犯	offender	（人: criminal case） 【联想】crime	
criteria	/kraɪˈtɪəriə/	n.pl. 标准	standards	（复数） 【联想】criterion 单数【词根】criteri(判断)→标准(复数)	
cri·te·ri·on	/kraɪˈtɪəriən/	n. 标准	standard: evaluation criterion	【同】standard 【联想】criteria 复数【词根】criteri(判断)→标准	
crit·i·cize	/ˈkrɪtɪsaɪz/	v. 批评	denounce: criticize someone	【同】denounce, condemn. criticize someone for doing something. She criticizes everything I do。【词根】critic(批评家)+-ize(使) 【反】praise 【联想】criticism 名词, critic	
crop	/krɒp/	n. 农作物	plants for food: grow a crop		
cross	/krɒs/	n. 十字架 v. 横穿 a. 交叉的	intersect: cross a road	【联想】crossing, crossroads 【搭配】cross the road
cross·ing	/ˈkrɒsɪŋ/	n. 交叉路口	junction: road crossing	【联想】cross	
cross·roads	/ˈkrɒsrəʊdz/	n. 十字路口	junction: at the crossroads	【联想】cross, crossing	
crowd	/kraʊd/	n. 人群	crowd: a crowd of people	a crowd of people 【联想】形容词 crowded 拥挤的
cru·el	/ˈkruːəl/	a. 残忍的，残酷的	brutal: be cruel	【反】kind 【联想】cruelty 名词【词根】cruel(残忍)→残酷的	
cry	/kraɪ/	v. 哭泣	weep: cry for help	【同】weep, sob 【反】laugh	
cube	/kjuːb/	n. 立方体	square block: ice cube	【联想】形容词 cubic 立方体的
cu·bic	/ˈkjuːbɪk/	a. 立方体的	cubic: cubic meter	【联想】cube	
cui·sine	/kwɪˈziːn/	n. 烹饪	cooking: local cuisine	【同】cooking	
cul·ture	/ˈkʌltʃər/	n. 文化	culture: culture shock	【联想】cultural 形容词【词根】cult(耕种)+-ure→耕种→文化	
cup	/kʌp/	n. 茶杯	cup: drink from a cup	Would you like a cup of tea?	
cup·board	/ˈkʌbəd/	n. 碗柜	cabinet: kitchen cupboard	【联想】cup, board	
cure	/kjʊər/	v. 治疗	heal: cure a disease	【同】HEAL 【联想】形近 curious 好奇的
cu·ri·ous	/ˈkjʊəriəs/	a. 好奇的	inquisitive: be curious about	【词组】be curious about，be curious to do 【联想】curiosity 名词【词根】cur(关心)+-ious→好奇的	
cur·ren·cy	/ˈkʌrənsi/	n. 货币	money: national currency	【同】money【词根】curr(跑)+-ency→流通→货币	
cur·ric·u·lum	/kəˈrɪkjələm/	n. 课程	syllabus: school curriculum	【词根】curr(跑)+-iculum→课程的跑道→课程	
cur·tain	/ˈkɜːtən/	n. 窗帘	drape: draw a curtain	【词根】curt(短)+-ain→窗帘	
cush·ion	/ˈkʊʃən/	n. 坐垫	pillow: sofa cushion		
cus·tom	/ˈkʌstəm/	n. 习俗	tradition: social custom	【同】tradition 【联想】customer, customs, accustom	
cus·tom·er	/ˈkʌstəmər/	n. 顾客	client: satisfy a customer	【联想】custom	
customs	/ˈkʌstəmz/	n. 海关	customs: go through customs	【联想】custom	
cut	/kʌt/	v. (cut, cut) 切割	slice: cut a cake	cut something	
cute	/kjuːt/	a. 可爱的	pretty: cute kitten	【同】pretty	
cy·cle	/ˈsaɪkəl/	n. 周期，循环 v. 骑自行车	repeating period: life cycle	【同】circle, ride a bike 【联想】cyclist, bicycle【词根】cycl(圆)+-e→循环	
cy·clist	/ˈsaɪklɪst/	n. 骑自行车的人	biker: keen cyclist	【联想】cycle, bicycle【词根】cycl(圆)+-ist(人)→骑自行车的人	
dad	/dæd/	n. 爸爸	dad: my dad	【联想】daddy 昵称	
dad·dy	/ˈdædi/	n. 爸爸	papa: my daddy	(儿童用语) 【联想】dad	
dai·ly	/ˈdeɪli/	a. 每日的	everyday: daily newspaper	【联想】名词 day 白天
dam	/dæm/	n. 水坝	wall holding back water: build a dam	【同】wall holding back water 【联想】形近 damage 损坏
dam·age	/ˈdæmɪdʒ/	v. 损坏	harm: cause damage	【同】harm伤害 【联想】dam 形近【词根】damn(损失)+-age→损害	
damp	/dæmp/	a. 潮湿的	moist: damp clothes	【同】slightly wet	
dance	/dɑːns/	v. 舞蹈	dance: dance to music	【联想】名词 dancer 舞者
dan·ger	/ˈdeɪndʒər/	n. 危险	peril: in danger	【反】safety. 【联想】dangerous 形容词【词根】dang(危险)+-er→危险	
dan·ger·ous	/ˈdeɪndʒərəs/	a. 危险的	unsafe: dangerous animal	【同】not safe 【反】safe 【联想】danger 名词【词根】dang(危险)+-erous→危险的	
dare	/deər/	v. 敢于	venture: dare to do		
dark	/dɑːk/	a. 黑暗的	dim: in the dark	【同】not light 【反】light, bright 【联想】名词 darkness 黑暗
dark·ness	/ˈdɑːknəs/	n. 黑暗	gloom: fear of darkness	【联想】dark 形容词【词根】dark(黑暗)+-ness→黑暗	
dash	/dæʃ/	v. 冲刺	rush: dash forward	【同】RUSH, race, run	
da·ta	/ˈdeɪtə/	n. 数据	information: collect data	【联想】database 数据库【词根】dat(给)+-a→数据	
da·ta·base	/ˈdeɪtəbeɪs/	n. 数据库	databank: search a database	【联想】data【词根】data(数据)+base(基础)→数据库	
date	/deɪt/	n. 日期	day	v.约会（=appointment: set a date）	
daugh·ter	/ˈdɔːtər/	n. 女儿	daughter: my daughter		
dawn	/dɔːn/	n. 黎明	first light: at dawn	【反】dusk黄昏 【联想】dusk 黄昏	
day	/deɪ/	n. 白天	daytime: every day	【联想】形容词 daily 每日的
dead	/ded/	a. 死亡的	lifeless: dead leaves	【同】not alive 【反】alive 【联想】die, death 词族	
dead·line	/ˈdedlaɪn/	n. 截止日期	due date: meet a deadline	【联想】dead, line【词根】dead(死)+line(线)→死亡线→截止日期	
deaf	/def/	a. 聋的	hearing-impaired: be deaf	【同】hearing-impaired	
deal	/diːl/	v. (dealt, dealt) 交易	bargain: make a deal	.【词组】deal with 处理	
dear	/dɪər/	a. 亲爱的	beloved	int. 哎呀（=oh: dear customer）	
death	/deθ/	n. 死亡	demise: fear of death	【联想】die 动词,形容词 dead 死亡的
de·bate	/dɪˈbeɪt/	v. 辩论	discussion: hold a debate	【同】DISCUSSION【词根】de-(向下)+bate(打)→辩驳→辩论	
debt	/det/	n. 债务	money owed: owe a debt	【词根】debt(欠)→债务	
dec·ade	/ˈdekeɪd/	n. 十年	ten years: last decade	【同】ten years【词根】dec(十)+-ade 【联想】century 词根 dec 十	
De·cem·ber	/dɪˈsembər/	n. 十二月	Dec: in December	【同】Dec 【联想】月份词 January, February	
de·cide	/dɪˈsaɪd/	v. 决定	resolve: decide to do	+ to do 【同】RESOLVE, determine, make up one's mind, make a decision 【联想】decision 名词【词根】de-(向下)+cid(切)+-e→切定→决定	
de·ci·sion	/dɪˈsɪʒən/	n. 决定	resolution: make a decision	【联想】decide 动词【词根】de-(向下)+cis(切)+-ion→决定	
de·clare	/dɪˈkleər/	v. 宣布	announce: declare war	【同】announce. declare war/independence 【联想】declaration 名词【词根】de-(加强)+clare(清楚)→讲清楚→声明	
de·cline	/dɪˈklaɪn/	v. 下降	go down: decline in value	【同】go down 不及物动词. 拒绝【词根】de- 'down'+cline(倾斜) 【联想】反义 incline 倾斜
dec·o·rate	/ˈdekəreɪt/	v. 装饰	ornament: decorate a room	【同】ORNAMENT, adorn, trim, embellish, garnish, furnish 【词根】decor(装饰)+-ate 【联想】名词 decoration 装饰
dec·o·ra·tion	/ˌdekəˈreɪʃən/	n. 装饰	ornamentation: room decoration	【联想】decorate 动词【词根】decor(装饰)+-ation→装饰	
de·crease	/dɪˈkriːs/	v. 减少	lessen: decrease in number	【同】LESSEN, reduce, drop, diminish, decline, dwindle, fall off, die down, abate, subside, tail off, ebb, wane, plummet, plunge 【联想】increase 反义【词根】de-(向下)+crease(增长)→减少	
deed	/diːd/	n. 行为	act: good deed		
deep	/diːp/	a. 深的	profound: deep in thought	【反】shallow 【联想】名词 depth 深度
deer	/dɪər/	n. 鹿	deer: a herd of deer		
de·feat	/dɪˈfiːt/	v. 战胜	beat: defeat an enemy	【同】BEAT, conquer, win against, triumph over 【反】victory 【联想】defeat 名词【词根】de-(向下)+feat(做)→打败	
de·fence	/dɪˈfens/	n. 防御	protection: national defence	(英式拼写) 【联想】defend 动词【词根】de-(加强)+fence(打击)→防御	
de·fend	/dɪˈfend/	v. 防卫	protect: defend a country	【同】PROTECT, guard, safeguard, secure, shield【反】attack, criticize 【联想】defence 名词【词根】de-(加强)+fend(打击)→防御	
de·fense	/dɪˈfens/	n. 防御	protection	（defence的美式拼写: national defense） 【联想】defend 动词【词根】de-(加强)+fense(打击)→防御	
de·gree	/dɪˈɡriː/	n. 程度，学位	level: a high degree	【同】level, diploma【词根】de-(向下)+gree(步)→一步步→程度	
de·lay	/dɪˈleɪ/	v. & n. 延迟	postpone: without delay	【同】postpone, put off	
de·lete	/dɪˈliːt/	v. 删除	remove: delete a file	【同】remove or erase (text)【词根】de-(去掉)+lete(擦)→删除	
de·lib·er·ate·ly	/dɪˈlɪbərətli/	ad. 故意地	intentionally: deliberately do	【同】intentionally 【联想】deliberate 形容词【词根】de-(加强)+liber(权衡)+-ately→深思熟虑地	
del·i·cate	/ˈdelɪkət/	a. 精致的	fine: delicate flower	【同】fine. These silk dresses are very old and delicate【词根】delic(愉悦)+-ate→精致的	
de·li·cious	/dɪˈlɪʃəs/	a. 美味的	tasty	（+food: delicious food）【词根】delic(愉悦)+-ious→美味的	
de·light	/dɪˈlaɪt/	n. & v. 欢乐	pleasure: take delight in	【同】please 【联想】delightful 形容词【词根】de-(加强)+light(光)→欢愉	
de·light·ed	/dɪˈlaɪtɪd/	a. 高兴的	pleased: delighted to do	【同】PLEASED, glad, happy, thrilled 【联想】delight 名词【词根】de-(加强)+light(光)+-ed→高兴的	
de·liv·er	/dɪˈlɪvər/	v. 递送	bring: deliver a speech	【同】BRING, take, convey, carry, transport, send, dispatch, remit 【联想】delivery 名词【词根】de-(加强)+liver(自由)→交付	
de·mand	/dɪˈmɑːnd/	v. 需求	require: meet a demand	【同】CALL FOR, ask for, request, REQUIRE, need, necessitate【词根】de-(加强)+mand(命令)→要求	
den·tist	/ˈdentɪst/	n. 牙医	dentist: see a dentist	【联想】tooth, doctor【词根】dent(牙齿)+-ist(人)→牙医	
de·part·ment	/dɪˈpɑːtmənt/	n. 部门	division: government department	(abbr. Dept.) 【联想】depart 词根【词根】de-(分开)+part(部分)+-ment→部门	
de·par·ture	/dɪˈpɑːtʃər/	n. 离开	leaving: departure time	【同】LEAVING, going 【反】arrival 【联想】depart 动词【词根】de-(离开)+part(分)+-ure→出发	
de·pend	/dɪˈpend/	v. 依赖	rely	（+on: depend on） 【同】rely (on) 【联想】dependent, independent【词根】de-(向下)+pend(悬挂)→挂在下面→依赖	
de·pos·it	/dɪˈpɒzɪt/	n. & v. 存款；沉淀物	put: make a deposit	【词根】de- 'down'+posit(放置)→沉淀物 【同】savings, sediment	
Dept.	/dɪˈpɑːtmənt/	n. 部门	division	（缩写） 【联想】department 全写	
depth	/depθ/	n. 深度	deepness: measure the depth	【联想】deep 形容词【词根】deep(深)→深度	
de·scribe	/dɪˈskraɪb/	v. 描述	report: describe a scene	【同】REPORT, recount, relate 【词根】de- 'down'+scribe(写) 【联想】名词 description 描述
de·scrip·tion	/dɪˈskrɪpʃən/	n. 描述	depiction: give a description	【联想】describe 动词【词根】de-(加强)+script(写)+-ion→描述	
des·ert	/ˈdezət/	n. 沙漠	desert: desert landscape	【联想】dessert 甜点 形近【词根】de-(离开)+sert(连接)→弃地→沙漠	
de·serve	/dɪˈzɜːv/	v. 应得；值得	merit	【词根】de-(加强)+serve(服务)	
de·sign	/dɪˈzaɪn/	v. 设计	plan: design a house	【词根】de-(加强)+sign(标记) 【联想】名词 designer 设计师
de·sire	/dɪˈzaɪər/	n. 愿望	wish: have a desire	【同】wish 【联想】desirable 形容词【词根】de-(向下)+sir(星)→渴望	
desk	/desk/	n. 书桌	table: sit at a desk	【同】table	
des·per·ate	/ˈdespərət/	a. 绝望的	hopeless: desperate situation	【同】hopeless.【词组】be desperate for something【词根】de- 'down'+sper(希望)+-ate 【联想】名词 despair 绝望
des·sert	/dɪˈzɜːt/	n. 甜点	dessert: eat dessert	【联想】desert 沙漠 形近	
des·ti·na·tion	/ˌdestɪˈneɪʃən/	n. 目的地	destination: reach a destination	【词根】de-(加强)+stin(站)+-ation→终点站→目的地	
de·stroy	/dɪˈstrɔɪ/	v. 毁灭	ruin: destroy a building	【同】ruin, SPOIL, wreck, DEMOLISH, knock down 【联想】destruction 名词【词根】de-(去掉)+stroy(建造)→摧毁	
de·tec·tive	/dɪˈtektɪv/	n. 侦探	investigator: hire a detective	【联想】detect 动词【词根】de-(去掉)+tect(盖)+-ive(人)→揭开盖子→侦探	
de·ter·mine	/dɪˈtɜːmɪn/	v. 决定	decide: determine to do	【同】decide 【联想】determination 名词【词根】de-(加强)+termin(界限)+-e→定界→决定	
de·vel·op	/dɪˈveləp/	v. 发展	grow: develop a plan	【同】GROW, expand, spread 【联想】development 名词【词根】de-(去掉)+velop(包裹)→展开→发展	
de·vel·op·ment	/dɪˈveləpmənt/	n. 发展	evolution: economic development	【同】EVOLUTION, growth 【联想】develop 动词【词根】de-(去掉)+velop(包)+-ment→发展	
de·vote	/dɪˈvəʊt/	v. 投入，献给	dedicate: devote oneself to	• He devoted most of his life to scientific research. 【联想】devotion 名词【词根】de-(加强)+vot(发誓)→献身	
de·vo·tion	/dɪˈvəʊʃən/	n. 忠诚	loyalty: show devotion	【联想】devote 动词【词根】de-(加强)+vot(发誓)+-ion→奉献	
di·a·gram	/ˈdaɪəɡræm/	n. 图表	chart: draw a diagram	【联想】graph, grammar 词根 gram 写【词根】dia-(穿过)+gram(写)→画出来→图解	
dial	/ˈdaɪəl/	n. & v. 拨号盘；拨号	dial; call: dial a number	【同】PHONE, telephone, call, ring	
dialog	/ˈdaɪəlɒɡ/	n. 对话	conversation	（美式拼写） 【联想】dialogue 英式【词根】dia-(穿过)+log(说话)→对话	
di·a·logue	/ˈdaɪəlɒɡ/	n. 对话	conversation	（英式拼写: have a dialogue） 【联想】dialog 美式【词根】dia-(穿过)+logue(说话)→对话	
di·a·mond	/ˈdaɪəmənd/	n. 钻石	gem: diamond ring		
di·a·ry	/ˈdaɪəri/	n. 日记	journal: keep a diary	【同】journal	
dic·ta·tion	/dɪkˈteɪʃən/	n. 听写	dictation: take dictation	【联想】dictate 动词【词根】dict(说)+-ation→听写	
dic·tion·a·ry	/ˈdɪkʃənəri/	n. 字典	lexicon: look up in a dictionary	【联想】dictation 词根 dict 说【词根】dict(说)+-ionary→词典	
die	/daɪ/	v. 死亡	perish: die of illness	【联想】death 名词,形容词 dead 死亡的
di·et	/ˈdaɪət/	n. 饮食	diet: go on a diet		
dif·fer	/ˈdɪfər/	v. 不同	differ: differ from	【同】be different 【联想】difference 名词, different【词根】dif-(分开)+fer(带来)→不同	
dif·fe·rence	/ˈdɪfərəns/	n. 差异	distinction: make a difference	【联想】differ 动词, different【词根】dif-(分开)+fer(带来)+-ence→差异	
dif·fe·rent	/ˈdɪfərənt/	a. 不同的	diverse: different from	+ from. 【同】various, diverse, distinct 【反】same, similar 【联想】differ 动词, difference【词根】dif-(分开)+fer(带)+-ent→不同的	
dif·fi·cult	/ˈdɪfɪkəlt/	a. 困难的	hard: a difficult task	【同】hard, challenging, tough 【反】easy 【联想】difficulty 名词【词根】dif-(不)+ficil(容易)+-t→困难的	
dif·fi·cul·ty	/ˈdɪfɪkəlti/	n. 困难	hardship: have difficulty	【联想】difficult 形容词【词根】dif-(不)+ficil(容易)+-ty→困难	
dig	/dɪɡ/	v. (dug, dug) 挖掘	excavate: dig a hole	dig a hole	
di·gest	/daɪˈdʒest/	v. 消化	break down food: digest food	【同】ASSIMILATE, absorb, take in 【联想】digestion 名词【词根】di-(分开)+gest(带)→消化	
di·gi·tal	/ˈdɪdʒɪtəl/	a. 数字的	numeric: digital camera	【联想】digit 数字【词根】digit(手指)+-al→用手指数→数字的	
dig·ni·ty	/ˈdɪɡnəti/	n. 尊严	self-respect: sense of dignity	【联想】dignified 形容词【词根】dign(值得)+-ity→尊严	
di·lem·ma	/daɪˈlemə/	n. 两难境地	difficult choice: be in a dilemma	【词根】di-(两)+lemma(命题)→两难 【同】difficult choice	
di·men·sion	/ˌdaɪˈmenʃən/	n. 维度	measurement: three dimensions	【词根】di-(分开)+mens(测量)+-ion→维度 【联想】measure, size	
dining room	/ˈdaɪnɪŋ ruːm/	n. 餐厅	room for meals: in the dining room	【联想】动词 dine 进餐
din·ner	/ˈdɪnər/	n. 晚餐	supper: have dinner	【联想】dining, supper	
di·no·saur	/ˈdaɪnəsɔːr/	n. 恐龙	extinct reptile: huge dinosaur		
di·ox·ide	/daɪˈɒksaɪd/	n. 二氧化物	compound with oxygen: carbon dioxide	【同】compound with oxygen 【联想】oxide 氧化物【词根】di-(二)+oxide(氧化物)→二氧化物	
dip	/dɪp/	v. 浸渍，蘸	dip briefly: dip a pen	put or let something down quickly or briefly in or into (liquid).	
di·plo·ma	/dɪˈpləʊmə/	n. 文凭	certificate: get a diploma	【词根】di-(两)+plo(折叠)+-ma→对折的纸→文凭	
di·rect	/daɪˈrekt/	a. 直接的	straight: direct a movie	【联想】direction 名词, director【词根】di-(分开)+rect(直)→直接的	
di·rec·tion	/daɪˈrekʃən/	n. 方向	way: in all directions	【联想】direct 动词【词根】di-(分开)+rect(直)+-ion→方向	
di·rec·tor	/daɪˈrektər/	n. 导演	film maker: film director	【联想】direct 动词【词根】di-(分开)+rect(直)+-or(人)→导演	
di·rec·to·ry	/dɪˈrektəri/	n. 目录	list: phone directory	【联想】direct 词根【词根】di-(分开)+rect(直)+-ory→目录	
dirt	/dɜːt/	n. 灰尘，泥土	dust; soil: remove dirt	【同】dust, mud, soil 【联想】形容词 dirty 脏的
dirt·y	/ˈdɜːti/	a. 脏的	unclean: dirty clothes	【反】clean 【联想】名词 dirt 灰尘，泥土
dis·a·bil·i·ty	/ˌdɪsəˈbɪləti/	n. 残疾	handicap: physical disability	【联想】able, disable【词根】dis-(不)+ability(能力)→残疾	
dis·a·bled	/dɪˈseɪbəld/	a. 有残疾的	handicapped: disabled person	【联想】able, disable【词根】dis-(不)+able(能)+-ed→残疾的	
dis·ad·van·tage	/ˌdɪsədˈvɑːntɪdʒ/	n. 劣势	drawback: put at a disadvantage	【同】DRAWBACK 【联想】advantage 反义【词根】dis-(不)+advantage(优势)→劣势	
dis·a·gree	/ˌdɪsəˈɡriː/	v. 不同意，不一致	oppose: disagree with	. 【同】contradict, oppose 【联想】agree 反义【词根】dis-(不)+agree(同意)→不同意	
dis·a·gree·ment	/ˌdɪsəˈɡriːmənt/	n. 分歧	dispute: have a disagreement	【联想】disagree 动词【词根】dis-(不)+agreement(同意)→分歧	
dis·ap·pear	/ˌdɪsəˈpɪər/	v. 消失	vanish: disappear from sight	【联想】appear 反义【词根】dis-(不)+appear(出现)→消失	
dis·ap·point	/ˌdɪsəˈpɔɪnt/	v. 使失望	let down	=LET DOWN（常用形容词形式disappointed: disappoint someone） 【联想】disappointed, disappointment【词根】dis-(不)+appoint(任命)→未达期望→使失望	
dis·ap·point·ed	/ˌdɪsəˈpɔɪntɪd/	a. 失望的；沮丧的	let down; dejected	【联想】disappoint 动词【词根】dis-(不)+appoint(任命)+-ed→失望的	
dis·ap·point·ment	/ˌdɪsəˈpɔɪntmənt/	n. 失望	letdown: express disappointment	【联想】disappoint【词根】dis-(不)+appoint(任命)+-ment→失望	
di·sas·ter	/dɪˈzɑːstər/	n. 灾难	catastrophe: natural disaster	【联想】disastrous 形容词【词根】dis-(不)+aster(星)→星位不好→灾难	
disc	/dɪsk/	n. 磁盘	disk: compact disc	【联想】disk 美式	
dis·count	/ˈdɪskaʊnt/	n. 折扣	rebate: get a discount	【联想】count 词根【词根】dis-(分开)+count(数)→减价→折扣	
dis·cour·age	/dɪˈskʌrɪdʒ/	v. 使沮丧；阻止	dispirit; deter: discourage someone	【反】encourage 【同】dispirit, deter 【联想】encourage 反义【词根】dis-(不)+courage(勇气)→使气馁	
dis·cov·er	/dɪˈskʌvər/	v. 发现	find: discover a new place	【同】find 【联想】discovery 名词, cover【词根】dis-(去掉)+cover(覆盖)→发现	
dis·cov·e·ry	/dɪˈskʌvəri/	n. 发现	finding: make a discovery	【同】finding 【联想】discover 动词【词根】dis-(去掉)+cover(盖)+-y→发现	
di·scrim·i·nate	/dɪˈskrɪmɪneɪt/	v. 歧视	bias against: discriminate against	【联想】discrimination 名词【词根】dis-(分开)+crimin(分辨)+-ate→区别对待	
di·scrim·i·na·tion	/dɪˌskrɪmɪˈneɪʃən/	n. 歧视	prejudice: racial discrimination	【同】PREJUDICE, bias 【联想】discriminate 动词【词根】dis-(分开)+crimin(分辨)+-ation→歧视	
di·scuss	/dɪˈskʌs/	v. 讨论	talk about: discuss a problem	【同】talk about 【联想】discussion 名词【词根】dis-(分开)+cuss(敲)→敲开→讨论	
di·scus·sion	/dɪˈskʌʃən/	n. 讨论	debate: have a discussion	【联想】discuss 动词【词根】dis-(分开)+cuss(敲)+-ion→讨论	
dis·ease	/dɪˈziːz/	n. 疾病	illness: catch a disease	【同】ILLNESS, sickness 【联想】ease 词根 dis-+ease【词根】dis-(不)+ease(安逸)→疾病	
dis·gust·ing	/dɪsˈɡʌstɪŋ/	a. 令人厌恶的，令人作呕的	revolting: disgusting smell	【联想】disgust 名词【词根】dis-(不)+gust(味道)+-ing→令人恶心的	
dish	/dɪʃ/	n. 盘子	plate: wash the dishes	【同】BOWL, plate	
disk	/dɪsk/	n. 磁盘	disk	（美式英语，英式英语为 disc） 【联想】disc 英式	
dis·like	/dɪˈslaɪk/	v. 不喜欢	hate: dislike doing	【同】hate, detest, loathe, abhor, despise 【联想】like 反义【词根】dis-(不)+like(喜欢)→不喜欢	
dis·miss	/dɪˈsmɪs/	v. 解雇	fire: dismiss a worker	【同】send away【词根】dis-(离开)+miss(送)→解雇 【联想】名词 dismissal 解雇
dis·tance	/ˈdɪstəns/	n. 距离	gap: long distance	【联想】distant 形容词【词根】dis-(分开)+st(站)+-ance→站开→距离	
dis·tant	/ˈdɪstənt/	a. 遥远的	far away: distant place	【同】far away 【联想】distance 名词【词根】dis-(分开)+st(站)+-ant→遥远的	
dis·tinc·tion	/dɪˈstɪŋkʃən/	n. 区别；差别	difference	【联想】distinct 形容词【词根】dis-(分开)+stinct(刺)+-ion→区别	
dis·tin·guish	/dɪˈstɪŋɡwɪʃ/	v. 区分	differentiate: distinguish between	【同】tell the difference between 【联想】distinction 名词【词根】dis-(分开)+stingu(刺)+-ish→辨别	
dis·trib·ute	/dɪˈstrɪbjuːt/	v. 分发	give out: distribute goods	【同】give out 【联想】distribution 名词【词根】dis-(分开)+tribut(给)+-e→分发	
dis·trict	/ˈdɪstrɪkt/	n. 区域	area: city district	【同】area, region【词根】dis-(分开)+strict(拉)→划分的区域	
dis·turb	/dɪˈstɜːb/	v. 打扰	bother: disturb someone	【联想】disturbance 名词【词根】dis-(分开)+turb(搅动)→打扰	
dis·turb·ing	/dɪˈstɜːbɪŋ/	a. 扰乱的	troubling: disturbing news	【联想】disturb 动词【词根】dis-(分开)+turb(搅)+-ing→令人不安的	
dive	/daɪv/	v. 潜水	submerge: go for a dive	【联想】名词 diver 潜水员
di·verse	/daɪˈvɜːs/	a. 多样的	various: diverse cultures	【同】various, different。【词根】di-(分开)+vers(转)+-e 【联想】名词 diversity 多样性
di·vide	/dɪˈvaɪd/	v. 分割	split: divide into groups	【同】SPLIT, SEPARATE。【词根】di-(分开)+vid(分开)+-e 【联想】名词 division 分割
di·vi·sion	/dɪˈvɪʒən/	n. 分割	separation: mathematical division	【联想】divide 动词【词根】di-(分开)+vis(分)+-ion→划分	
di·vorce	/dɪˈvɔːs/	n. & v. 离婚	end of marriage: get a divorce	【反】marriage, unity 【联想】marriage 反义【词根】di-(分开)+vorce(转)→分开→离婚	
diz·zy	/ˈdɪzi/	a. 眩晕的	giddy: feel dizzy		
do	/də/	v. (did, done) 做	perform: do homework		
doc·tor	/ˈdɒktər/	n. 医生	physician: see a doctor	【同】surgeon, specialist, Dentist 【联想】Dr, physician	
doc·u·ment	/ˈdɒkjəmənt/	n. 文件	document: important document	【联想】documentary 纪录片【词根】doc(教)+-ument→文件	
dog	/dɒɡ/	n. 狗	canine: pet dog		
doll	/dɒl/	n. 玩偶	toy: pretty doll	【同】toy	
dol·lar	/ˈdɒlər/	n. 美元	US currency: ten dollars		
don't	/dəʊnt/	v. 不做	do not	(do not 的缩写) 【联想】do not	
do·nate	/dəʊˈneɪt/	v. 捐赠	give: donate money	【联想】名词 donation 捐赠
door	/dɔːr/	n. 门	doorway: open the door		
dorm	/dɔːm/	n. 宿舍	dormitory	（非正式） 【联想】dormitory 全写	
dor·mi·to·ry	/ˈdɔːmɪtəri/	n. 宿舍，集体宿舍	dormitory: live in a dormitory	【联想】缩写 dorm 宿舍
dot	/dɒt/	n. 点	dot: a black dot		
doub·le	/ˈdʌbəl/	a. 双倍的	twofold: double the amount	【联想】twice, 反义 single【词根】doub(两)+-le→双倍	
doubt	/daʊt/	v. n. 怀疑	uncertainty: have a doubt	【同】UNCERTAINTY 【联想】doubtful 形容词【词根】doubt(两心)→怀疑	
down	/daʊn/	ad. 向下	downward: go down	【联想】downstairs, downtown 词族	
down·load	/ˌdaʊnˈləʊd/	v. 下载	transfer: download a file	【联想】load, upload	
down·side	/ˈdaʊnsaɪd/	n. 缺点	drawback: the downside of	【联想】down, side	
down·stairs	/ˌdaʊnˈsteəz/	ad. 楼下	downstairs: go downstairs	【联想】down, stairs	
down·town	/ˌdaʊnˈtaʊn/	n. 市中心	city center: downtown area	【联想】down, town	
doz·en	/ˈdʌzən/	n. 一打	twelve: a dozen eggs	【词根】doz(十二)→一打	
Dr	/ˈdɒktər/	n. 医生，博士	physician; phd: see Dr. Smith	(Doctor 的缩写) 【同】physician, PhD 【联想】doctor 全写	
draft	/drɑːft/	n. 草稿	rough version: make a draft	【词根】draft(拖)→草稿	
drag	/dræɡ/	v. 拖拽	pull: drag a box	【同】pull. • He dragged the table over to the window 【联想】形近 draw 画
draw	/drɔː/	v. (drew, drawn) 画	sketch: draw a picture	【联想】drawing 名词, drawer【词根】draw(拉)→画	
draw·back	/ˈdrɔːbæk/	n. 缺点；不利条件	disadvantage	【联想】draw, back	
drawer	/drɔːr/	n. 抽屉	drawer: open a drawer	【联想】draw 动词【词根】draw(拉)+-er→抽屉	
draw·ing	/ˈdrɔːɪŋ/	n. 绘画	sketch: draw a drawing	【同】SKETCH, picture 【联想】动词 draw 画
dream	/driːm/	n. (dreamed or dreamt) 梦，梦想	dream: have a dream		
dress	/dres/	n. 连衣裙	dress: dress up	【联想】address 形近, undress	
drill	/drɪl/	n. 钻子 v.钻孔	make a hole with a drill: do a drill	【同】make a hole with a drill	
drink	/drɪŋk/	v. (drank, drunk) 喝 n. 饮料	take in liquid: drink water	【同】beverage 【联想】drank, drunk
drive	/draɪv/	v. (drove, driven) 驾驶	drive: drive a car	【联想】driver 名词, drove	
driv·er	/ˈdraɪvər/	n. 司机	driver: taxi driver	【联想】动词 drive 驾驶
drop	/drɒp/	v. 掉下	let fall: drop a ball	【同】LET FALL	
drown	/draʊn/	v. 淹死，溺水	die in water: drown in water	【同】die, kill	
drug	/drʌɡ/	n. 药物	medicine: take drugs	【同】MEDICINE, medication, medicament, remedy, cure, antidote	
drum	/drʌm/	n. 鼓	drum: play the drum		
drunk	/drʌŋk/	a. 醉的	intoxicated: get drunk	【联想】动词 drink 喝
dry	/draɪ/	a. 干燥的	not wet: dry the clothes	【同】not wet 【反】wet 【联想】drier, 反义 wet	
duck	/dʌk/	n. 鸭子	duck: roast duck		
due	/dʒuː/	a. 应付的，预期的	owed: due to	【词组】due to【同】because of, owing, expected	
dull	/dʌl/	a. 枯燥的	boring: dull day	【同】boring, tedious	
dump·ling	/ˈdʌmplɪŋ/	n. 饺子	dumpling: eat dumplings		
dur·ing	/ˈdʒʊərɪŋ/	prep. 在…期间	throughout: during the day	【词根】dur(持续)+-ing→在…期间	
dusk	/dʌsk/	n. 黄昏	twilight: at dusk	【反】dawn黎明 【联想】dawn 黎明	
dust	/dʌst/	n. 灰尘	dirt: remove dust	【同】dirt 【联想】形容词 dusty 积满灰尘的
dust·bin	/ˈdʌstbɪn/	n. 垃圾桶	trash can: use a dustbin	【同】garbage can, trashcan 【联想】dust, bin	
dust·y	/ˈdʌsti/	a. 积满灰尘的	dirty: dusty room	【同】DIRTY 【联想】名词 dust 灰尘
du·ty	/ˈdʒuːti/	n. 责任	responsibility: do one’s duty	【同】responsibility	
dy·nam·ic	/daɪˈnæmɪk/	a. 动态的	energetic: dynamic performance	【同】ENERGETIC, spirited, active, lively。【词根】dynam(力量)+-ic→有力量的→动态的	
dyn·a·sty	/ˈdɪnəsti/	n. 朝代	ruling family: ancient dynasty	【词根】dyna(权力)+-sty→王朝	
each	/iːtʃ/	pron. 每个	every: each other	【同】every	
ea·ger	/ˈiːɡər/	a. 渴望的；热切的	keen: be eager to do sth.	【同】keen.【词组】be eager to 【联想】eagerness 名词【词根】eager(尖→急切)→渴望的	
ea·gle	/ˈiːɡəl/	n. 鹰	bird of prey: a golden eagle		
ear	/ɪər/	n. 耳朵	hearing organ: an ear of corn	【联想】hear 听见	
ear·ly	/ˈɜːli/	a. 早的	ahead of time: get up early	【反】late	
earn	/ɜːn/	v. 赚得	make money	（+money: earn money）【同】make, gain, bring in【词组】earn a living, earn money 【联想】earnings 名词【词根】earn(收获)→赚得	
earth	/ɜːθ/	n. 地球	globe: on the earth	【联想】earthquake, earthy	
earth·quake	/ˈɜːθkweɪk/	n. 地震	quake: an earthquake disaster	【联想】earth, quake	
east	/iːst/	n. 东方	eastern direction: in the east	【同】eastern direction 【反】west 【联想】形容词 eastern 东方的
Eas·ter	/ˈiːstər/	n. 复活节	christian holiday: Easter eggs	【同】Christian holiday 【联想】Christ, 复活节	
east·ern	/ˈiːstən/	a. 东方的	oriental: eastern culture	【联想】名词 east 东方
eas·y	/ˈiːzi/	a. 容易的	simple: an easy task	【反】hard 【联想】easily 副词, ease	
eat	/iːt/	v. (ate, eaten) 吃	consume: eat breakfast		
e·col·o·gy	/iˈkɒlədʒi/	n. 生态学	study of environment: marine ecology	【词根】eco(家)+logy(学)→生态学 【同】study of environment 【联想】形容词 ecological 生态的
edge	/edʒ/	n. 边缘	border: the edge of the table	【同】BORDER, boundary, extremity, fringe, margin, side【词根】edge(刀刃)→边缘	
e·di·tion	/ɪˈdɪʃən/	n. 版本	version: a new edition	【同】version 【联想】edit 动词【词根】edit(给出)+-ion→版本	
ed·i·tor	/ˈedɪtər/	n. 编辑	person who edits: a newspaper editor	【同】person who edits 【联想】edit 动词, edition【词根】edit(给出)+-or→编辑	
ed·u·cate	/ˈedʒukeɪt/	v. 教育	teach: educate children	【同】teach 【联想】education 名词, educator【词根】e-(出)+duc(引导)+-ate→引导出来→教育	
ed·u·ca·tion	/ˌedʒʊˈkeɪʃən/	n. 教育	schooling: higher education	【词组】receive/get an education, higher education 【联想】educate 动词【词根】e-(出)+duc(引导)+-ation→教育	
ed·u·ca·tor	/ˈedʒukeɪtər/	n. 教育者	teacher: a famous educator	【联想】educate, education【词根】e-(出)+duc(引导)+-ator→教育者	
ef·fect	/ɪˈfekt/	n. 影响	influence: have an effect on	/ɪˈfekt/ 重音在后，名词。对应动词 affect 【同】influence, impact【词组】have an effect on, take effect, side effect 【联想】affect 形近【词根】ef-(出)+fect(做)→效果	
ef·fort	/ˈefət/	n. 努力	attempt: make an effort	/ˈef.ət/ 重音在前 make an effort to do something. 【同】ATTEMPT, try【词根】ef-(出)+fort(力量)→努力	
egg	/eɡ/	n. 鸡蛋	oval food: boiled egg	【联想】eggplant 茄子	
egg·plant	/ˈeɡplɑːnt/	n. 茄子	purple vegetable: stir-fried eggplant	【同】purple vegetable 【联想】egg, plant	
eight	/eɪt/	num. 八	number 8: at eight o'clock	【联想】eighth, eighteen	
ei·ther	/ˈaɪðər/	pron. 也	any one: either...or...		
el·der	/ˈeldər/	a. & n. 年长的；长辈	older; senior: elder sister	• Her elder son is at college. 【同】older, senior 【联想】older 同义, elderly	
e·lect	/iˈlekt/	v. 选举	vote: elect a president	【联想】election 名词【词根】e-(出)+lect(选择)→选举	
e·lec·tric	/iˈlektrɪk/	a. 用电的，电动的	powered: electric light	electric guitar. 【同】powered by electricity 【联想】electricity 名词, electrical【词根】electr(电)+-ic→电的	
e·lec·tri·cal	/iˈlektrɪkəl/	a. 电气的，与电有关的	related to electricity: electrical equipment	【同】related to electricity 【联想】electric, electricity【词根】electr(电)+-ical→电的	
e·lec·tri·ci·ty	/ˌelɪkˈtrɪsəti/	n. 电力	power: generate electricity	【联想】electric 形容词【词根】electr(琥珀→电)+-icity→电	
e·lec·tron·ic	/ˌelekˈtrɒnɪk/	a. 电子的	using electricity: electronic products	【同】electric-powered. • electronic magazines 【联想】electron, electric【词根】electr(电)+-onic→电子的	
el·e·gant	/ˈelɪɡənt/	a. 优雅的	graceful: an elegant lady	【同】graceful 【联想】elegance 名词【词根】e-(出)+leg(选择)+-ant→优雅的	
el·e·phant	/ˈelɪfənt/	n. 大象	large mammal: a wild elephant		
e·lev·en	/ɪˈlevən/	num. 十一	11: eleven students	【同】11	
else	/els/	ad. 其他的	other: something else		
e-mail	/ˈiːmeɪl/	n. 电子邮件	email	【联想】mail 邮件	
em·bar·rass	/ɪmˈbærəs/	v. 使尴尬	mortify: embarrass oneself	【联想】embarrassed, embarrassment【词根】em-(进入)+barr(栅栏)+-ass→使困窘	
em·bar·rassed	/ɪmˈbærəst/	a. 尴尬的	awkward: feel embarrassed	be/feel embarrassed about something 【联想】动词 embarrass 使尴尬
em·bas·sy	/ˈembəsi/	n. 大使馆	diplomatic mission: the Chinese embassy	【同】diplomatic mission	
e·mer·gen·cy	/ɪˈmɜːdʒənsi/	n. 紧急情况	urgent situation: in an emergency	from emerge。【词根】e- 'out'+merg(沉浸)+-ency 【同】urgent situation 【联想】动词 emerge 浮现
em·pe·ror	/ˈempərər/	n. 皇帝	ruler: an ancient emperor	【同】RULER, king 【联想】empire 帝国	
empire	/ˈempaɪər/	n. 帝国	kingdom: the Roman Empire	【同】KINGDOM, realm 【联想】emperor 皇帝	
em·ploy	/ɪmˈplɔɪ/	v. 雇佣	hire: employ workers	【同】hire 【词根】em-(进入)+ploy(折叠) 【联想】employment 名词, employee	
emp·ty	/ˈempti/	a. 空的	unfilled: an empty bottle	【反】full	
en·cour·age	/ɪnˈkʌrɪdʒ/	v. 鼓励	inspire: encourage sb. to do sth.	【同】inspire, motivate 【联想】courage 词根, encouragement【词根】en-(使)+courage(勇气)→鼓励	
en·cour·age·ment	/ɪnˈkʌrɪdʒmənt/	n. 鼓励	support: give encouragement	【联想】encourage 动词【词根】en-(使)+courage(勇气)+-ment→鼓励	
end	/end/	n. 结束	finish: at the end of	【联想】ending, endless 词族	
end·ing	/ˈendɪŋ/	n. 结尾	conclusion: a happy ending	【联想】名词 end 结束
end·less	/ˈendləs/	a. 无尽的	unending: endless trouble	【联想】end	
en·e·my	/ˈenəmi/	n. 敌人	foe: a common enemy	【反】friend	
en·er·get·ic	/ˌenəˈdʒetɪk/	a. 精力充沛的	active: an energetic person	【同】active, lively, dynamic 【联想】名词 energy 能量
en·er·gy	/ˈenədʒi/	n. 能量	power: solar energy	【同】power 【联想】energetic 形容词【词根】en-(进入)+erg(工作)+-y→能量	
en·gine	/ˈendʒɪn/	n. 发动机	motor: car engine	【联想】engineer 名词【词根】engine(天赋)→引擎	
en·gi·neer	/ˌendʒɪˈnɪər/	n. 工程师	technical professional: a civil engineer	【同】technical professional 【联想】engine 词根【词根】engine(天赋)+-er→工程师	
En·gland	/ˈɪŋɡlənd/	n. 英格兰	Britain: in England	【联想】English	
En·glish	/ˈɪŋɡlɪʃ/	n. 英语	language of england: English class	【同】language of England 【联想】England	
En·glish·man	/ˈɪŋɡlɪʃmən/	n. 英国人	Briton: an Englishman	【联想】English, England	
en·joy	/ɪnˈdʒɔɪ/	v. 享受	like: enjoy oneself	【同】like 【联想】enjoyable 形容词【词根】en-(使)+joy(快乐)→享受	
en·joy·a·ble	/ɪnˈdʒɔɪəbəl/	a. 愉快的	pleasant: an enjoyable trip	【联想】enjoy 动词【词根】enjoy(享受)+-able→令人愉快的	
en·large	/ɪnˈlɑːdʒ/	v. 扩大	extend: enlarge a photo	【同】extend, expand, grow 【联想】large 形容词【词根】en-(使)+large(大)→扩大	
e·nough	/ɪˈnʌf/	a. 足够的	sufficient: enough money	【同】sufficient, adequate, ample 【反】insufficient, lacking	
en·qui·ry	/ɪnˈkwaɪəri/	n. 查询	question: make an enquiry	【同】question, query. 是 inquiry 的变体 【联想】动词 inquire 询问
en·ter	/ˈentər/	v. 进入	go into: enter a room	【同】go into 【反】exit, leave 【联想】名词 entrance 入口
en·ter·prise	/ˈentəpraɪz/	n. 企业	business: a private enterprise	【同】business, company, firm 【词根】enter(进入)+prise(拿) 【联想】enter 词根, prise	
en·ter·tain·ment	/entəˈteɪnmənt/	n. 娱乐	amusement: entertainment industry	【词根】enter(进入)+tain(保持)+-ment 【联想】动词 entertain 娱乐
en·thu·si·as·m	/ɪnˈθjuːziæzəm/	n. 热情	eagerness: show enthusiasm for	【同】EAGERNESS, keenness, ardour, fervour, passion, zeal 【联想】enthusiastic 形容词【词根】en-(进入)+thus(神)+-iasm→热情	
en·thu·si·as·tic	/ɪnˌθjuːziˈæstɪk/	a. 热情的	eager: be enthusiastic about	be enthusiastic about something. 【同】EAGER, keen, avid, ardent, fervent, passionate, zealous。【词根】en-(使)+thus(神)+-iastic→有神的灵感→热情的 【联想】名词 enthusiasm 热情
en·tire	/ɪnˈtaɪər/	a. 整个的	whole: the entire family	【同】whole, complete 【联想】entirely 副词【词根】en-(进入)+tire(完整)→整个的	
en·trance	/ˈentrəns/	n. 入口	entry: the entrance to the park	【同】ENTRY, way in, access 【反】exit 【联想】动词 enter 进入
en·try	/ˈentri/	n. 条目	item: make an entry	【同】entrance, ITEM, record 【联想】enter 动词【词根】entr(进入)+-y→入口	
en·ve·lope	/ˈenvələʊp/	n. 信封	paper cover: an envelope letter	【词根】en-(进入)+velop(包裹)→信封	
en·vi·ron·ment	/ɪnˈvaɪrənmənt/	n. 环境	surroundings: protect the environment	【词根】en-(在)+viron(环绕)+-ment 【联想】形容词 environmental 环境的
en·vy	/ˈenvi/	v. 嫉妒	be jealous: feel envy towards	【同】be jealous of 【联想】形容词 envious 嫉妒的
e·qual	/ˈiːkwəl/	a. 相等的	same: be equal to	【同】same.【词组】 be equal to 【联想】equality 名词【词根】equ(相等)+-al→平等的	
e·qual·i·ty	/iˈkwɒləti/	n. 平等	fairness: equality of opportunity	【联想】equal 形容词【词根】equ(相等)+-ality→平等	
e·quip	/ɪˈkwɪp/	v. 配备	furnish: equip with tools	be equipped with 【联想】equipment 名词【词根】equip(装备)→装备	
e·quip·ment	/ɪˈkwɪpmənt/	n. 设备	apparatus: medical equipment	【同】APPARATUS 【联想】equip 动词【词根】equip(装备)+-ment→设备	
e·rase	/ɪˈreɪz/	v. 擦除	rub out: erase a mistake	【同】rub out 【联想】名词 eraser 橡皮擦
e·ras·er	/ɪˈreɪzər/	n. 橡皮擦	rubber: a rubber eraser	【同】rubber(英) 【联想】动词 erase 擦除
er·ror	/ˈerər/	n. 错误	mistake: make an error	【同】mistake【词根】err(游荡)+-or→错误	
e·rupt	/ɪˈrʌpt/	v. （ 火山）喷发	burst out: a volcano erupts	【词根】e- 'out'+rupt(打破)→爆发 【联想】名词 eruption 爆发
es·cape	/ɪˈskeɪp/	v. 逃脱	run away: escape from prison	【同】RUN AWAY【词根】es-(出)+cape(斗篷)→逃跑	
es·pe·cial·ly	/ɪˈspeʃəli/	ad. 特别地	mainly: especially important	【同】mainly, mostly. Teenagers can get bored, especially in small towns and villages 【联想】special, especial	
es·say	/ˈeseɪ/	n. 散文	short written piece: write an essay	【同】short written piece【词根】es-(出)+say(说)→随笔	
Eu·rope	/ˈjʊərəp/	n. 欧洲	european continent: travel in Europe	【同】European continent 【联想】European	
Eu·ro·pe·an	/ˌjʊərəˈpiːən/	n. 欧洲人	person from europe: European countries	【同】person from Europe 【联想】Europe	
e·val·u·ate	/ɪˈvæljueɪt/	v. 评估	assess: evaluate performance	【同】assess【词根】e- 'out'+val(价值)+-uate 【联想】evaluation 名词, value	
eve	/iːv/	n. 前夜	vigil: on New Year's Eve	【联想】evening, New Year's Eve	
e·ven	/ˈiːvən/	ad. 甚至	still	（表示强调: even though） 【反】odd	
eve·ning	/ˈiːvnɪŋ/	n. 晚上	night: in the evening	【联想】eve, night	
e·vent	/ɪˈvent/	n. 事件	occurrence: an important event	【词根】e- 'out'+vent(来)	
e·ven·tu·al·ly	/ɪˈventʃuəli/	ad. 最终	finally: eventually succeed	【同】finally 【联想】eventual 形容词【词根】e-(出)+vent(来)+-ually→最终	
ev·er	/ˈevər/	ad. 曾经	at any time: ever since		
ev·ery	/ˈevri/	a. 每个	each: every day	【同】EACH 【联想】everybody, everything 词族	
ev·ery·bod·y	/ˈevriˌbɒdi/	pron. 每个人	all people: greet everybody	【联想】everyone, everything	
ev·ery·day	/ˈevrideɪ/	a. 日常的	daily: everyday life	【联想】every, day	
ev·ery·one	/ˈevriwʌn/	pron. 每个人	all people: help everyone	【联想】everybody	
ev·ery·thing	/ˈevriθɪŋ/	pron. 一切	all: do everything	【反】nothing 【联想】everyone, everywhere	
ev·ery·where	/ˈevriweər/	ad. 到处	all over: look everywhere	【联想】everyone, everywhere 词族	
ev·i·dence	/ˈevɪdəns/	n. 证据	proof: provide evidence	【同】proof 【联想】evident 形容词【词根】e-(出)+vid(看)+-ence→证据	
ev·i·dent	/ˈevɪdənt/	a. 明显的	obvious: it is evident that	【同】obvious, clear 【联想】evidence 名词【词根】e-(出)+vid(看)+-ent→明显的	
ev·o·lu·tion	/ˌiːvəˈluːʃən/	n. 进化	gradual development: the theory of evolution	【词根】e- 'out'+volut(转)+-ion(名词) 【同】gradual development 【联想】动词 evolve 进化
ex·act	/ɪɡˈzækt/	a. 精确的	precise: the exact time	【同】precise, accurate, correct 【词根】ex- 'out'+act(做) 【联想】副词 exactly 正确地
ex·act·ly	/ɪɡˈzæktli/	ad. 正确地	correctly: exactly right	【联想】exact 形容词【词根】ex-(出)+act(做)+-ly→做到位的→精确地	
ex·am	/ɪɡˈzæm/	n. 考试	test: take an exam	【同】test, examination 【联想】examination 全写【词根】ex-(出)+am(取)→考试	
ex·am·i·na·tion	/ɪɡˌzæmɪˈneɪʃən/	n. 考试	test: physical examination	【联想】exam 缩写【词根】ex-(出)+amin(考试)+-ation→考试	
ex·am·ine	/ɪɡˈzæmɪn/	v. 检查	inspect: examine a patient	【同】inspect 【联想】examination 名词【词根】ex-(出)+amine(测试)→考查	
ex·am·ple	/ɪɡˈzɑːmpəl/	n. 示例	instance: for example	for example【词根】ex-(出)+ample(取)→拿出来做示范→例子	
ex·cel·lent	/ˈeksələnt/	a. 优秀的	outstanding: an excellent student	【同】extremely good, outstanding 【联想】excellence 名词【词根】ex-(出)+cell(升高)+-ent→出众的→卓越的	
ex·cept	/ɪkˈsept/	prep. 除了	excluding: except for	【词根】ex- 'out'+cept(拿) 【联想】名词 exception 例外
ex·change	/ɪksˈtʃeɪndʒ/	v. 交换	swap: exchange gifts	【词根】ex-(出)+change(换)→交换	
ex·cite	/ɪkˈsaɪt/	v. 激动	thrill: excite the audience	【词根】ex- 'out'+cite(召唤) 【联想】excited, exciting, excitement	
ex·cit·ed	/ɪkˈsaɪtɪd/	a. 激动的	thrilled: be excited about	【同】thrilled 【联想】excite 动词【词根】ex-(出)+cite(唤)+-ed→被唤起→兴奋的	
ex·cit·ing	/ɪkˈsaɪtɪŋ/	a. 激动人心的	thrilling: an exciting game	【联想】excite 动词【词根】ex-(出)+cite(唤)+-ing→令人兴奋的	
ex·cuse	/ɪkˈskjuːz/	v. 借口	pretext: make an excuse	Excuse me.【词根】ex-(出)+cuse(理由)→给出理由→借口	
ex·er·cise	/ˈeksəsaɪz/	n. 锻炼	workout: do exercise	do some exercise【词根】ex-(出)+erc(围栏)+-ise→把身体带出围栏→锻炼	
ex·hi·bi·tion	/ˌeksɪˈbɪʃən/	n. 展览	display: an art exhibition	【同】display, show 【联想】exhibit 动词【词根】ex-(出)+hibit(握)+-ion→拿出来展示→展览	
ex·ist	/ɪɡˈzɪst/	v. 存在	be real: exist in nature	【联想】existence 名词【词根】ex-(出)+ist(站)→站出来→存在	
ex·ist·ence	/ɪɡˈzɪstəns/	n. 存在	state of being: come into existence	【联想】exist 动词【词根】ex-(出)+ist(站)+-ence→存在	
ex·it	/ˈeksɪt/	n. 出口	way out: the exit sign	【反】entrance 【联想】entrance 反义【词根】ex-(出)+it(走)→出口	
ex·pand	/ɪkˈspænd/	v. 扩展	enlarge: expand a business	make or become larger【词根】ex- 'out'+pand(伸展) 【联想】名词 expansion 扩张
ex·pect	/ɪkˈspekt/	v. 期望	anticipate: expect to do sth.	【同】anticipate【词根】ex- 'out'+spect(看) 【联想】名词 expectation 期待
ex·pec·ta·tion	/ˌekspekˈteɪʃən/	n. 期待	anticipation: meet expectations	【联想】expect 动词【词根】ex-(出)+pect(看)+-ation→向外看→期望	
ex·pense	/ɪkˈspens/	n. 开销	cost: travel expenses	【同】cost【词根】ex- 'out'+pens(称量)+-e 【联想】expensive 形容词, spend 词根	
ex·pen·sive	/ɪkˈspensɪv/	a. 昂贵的	costly: an expensive car	【同】not cheap 【联想】expense 名词【词根】ex-(出)+pens(称量)+-ive→称重付出→昂贵的	
ex·pe·ri·ence	/ɪkˈspɪəriəns/	n. 经验	know-how: work experience	【联想】experiment 形近; experienced【词根】ex-(出)+peri(尝试)+-ence→亲身尝试→经验	
ex·per·i·ment	/ɪkˈsperɪmənt/	n. 实验	test: do an experiment	do/carry out an experiment 【联想】experience 形近【词根】ex-(出)+peri(尝试)+-ment→实验	
ex·pert	/ˈekspɜːt/	n. 专家	specialist: an expert in physics	【同】SPECIALIST【词根】ex-(出)+pert(试)→有经验→专家	
ex·plain	/ɪkˈspleɪn/	v. 解释	describe: explain a problem	【同】DESCRIBE, ACCOUNT FOR【词根】ex- 'out'+plain(平坦) 【联想】名词 explanation 解释
ex·pla·na·tion	/ˌekspləˈneɪʃən/	n. 解释	description: give an explanation	【联想】explain 动词【词根】ex-(出)+plan(平)+-ation→铺平讲清→解释	
ex·pli·cit	/ɪkˈsplɪsɪt/	a. 明确的	clear: explicit instructions	【词根】ex- 'out'+plic(折叠)+-it	
ex·plode	/ɪkˈspləʊd/	v. 爆炸	blast: explode a bomb	• A bomb has exploded in the shopping centre. 【联想】explosion 名词, explosive【词根】ex-(出)+plode(拍)→拍炸→爆炸	
ex·ploit	/ɪkˈsplɔɪt/	v. 开发	utilize: exploit resources	【同】UTILIZE, use, make use of, TAKE ADVANTAGE OF 【联想】exploitation 名词【词根】ex-(出)+ploit(折)→展开利用→开发	
ex·plore	/ɪkˈsplɔːr/	v. 探索	investigate: explore the forest	【词根】ex- 'out'+plore(喊)→喊出来→探索 【联想】explorer 名词, exploration	
ex·port	/ɪkˈspɔːt/	v. 出口	send abroad: export goods	【词根】ex- 'out'+port(运) 【联想】import 反义, port 词根	
ex·pose	/ɪkˈspəʊz/	v. 使暴露	uncover: expose to sunlight	expose someone to【词根】ex- 'out'+pos(放置)+-e 【联想】名词 exposure 暴露
ex·press	/ɪkˈspres/	v. 表达	communicate: express one's feelings	【同】COMMUNICATE, convey, indicate, show, demonstrate, reveal, make manifest, articulate。【词根】ex- 'out'+press(压) 【联想】名词 expression 表达
ex·pres·sion	/ɪkˈspreʃən/	n. 表达	statement: facial expression	【联想】express 动词【词根】ex-(出)+press(压)+-ion→压出→表达	
ex·ten·sion	/ɪkˈstenʃən/	n. 扩展	stretching: an extension cord	【词根】ex- 'out'+tens(伸展)+-ion 【联想】动词 extend 延伸
ex·tra	/ˈekstrə/	a. 额外的	additional: extra money	【同】ADDITIONAL, more 【联想】extraordinary【词根】extra(超出)→额外的	
ex·traor·di·na·ry	/ɪkˈstrɔːdɪnəri/	a. 非凡的	unusual: an extraordinary story	【同】unusual 【联想】extra, ordinary【词根】extra(超出)+ordinary(普通)→非凡的	
ex·treme	/ɪkˈstriːm/	a. 极端的	drastic: extreme weather	【联想】extremely 副词【词根】extr(超出)→极端的	
ex·treme·ly	/ɪkˈstriːmli/	ad. 极其	very: extremely cold	【同】very 【联想】extreme 形容词【词根】extr(超出)+-emely→极端地	
eye	/aɪ/	n. 眼睛	organ of sight: an eye problem	【联想】eyesight 视力	
eye·sight	/ˈaɪsaɪt/	n. 视力	sight: poor eyesight	【联想】eye, sight	
face	/feɪs/	n. 面部	front of head: face to face	【联想】形容词 facial 面部的
fa·cial	/ˈfeɪʃəl/	a. 面部的	of the face: facial features	【联想】名词 face 面部
fact	/fækt/	n. 事实	truth: in fact	【词根】fact(做)→事实	
fac·to·ry	/ˈfæktəri/	n. 工厂	plant: a car factory	【同】plant, mill, workshop 【联想】factor, fact 词根【词根】fact(做)+-ory(地方)→工厂	
fade	/feɪd/	v. 褪色	lose color: fade away		
fail	/feɪl/	v. 失败	not succeed: fail an exam	【反】succeed, pass 【联想】名词 failure 失败
fail·ure	/ˈfeɪljər/	n. 失败	defeat: a failure in business	【联想】fail 动词【词根】fail(失败)+-ure→失败	
fair	/feər/	a. 公平的	just: a fair price	【联想】fairly 副词, fairness 名词【词根】fair(美丽)→公平的	
fair·ly	/ˈfeəli/	ad. 公平地	justly: fairly good	【同】quite. Matt is fairly good at tennis 【联想】fair	
fair·ness	/ˈfeənəs/	n. 公平	justice: the fairness of rules	【联想】fair【词根】fair(公平)+-ness→公平	
faith	/feɪθ/	n. 信仰	belief: have faith in	【同】belief, trust【词组】have faith in, lose faith in 【联想】faithful 形容词【词根】faith(信任)→信念	
fall	/fɔːl/	v. (fell, fallen) 跌落 n. 秋天	come down: fall down	【同】drop down 【联想】fell, fallen
false	/fɒls/	a. 错误的	wrong: false information	【反】true 【联想】反义 true 真实的
fa·mil·i·ar	/fəˈmɪliər/	a. 熟悉的	known: be familiar with	be familiar with【词根】family(家庭)+-ar(…的) 【联想】family 词根	
fam·i·ly	/ˈfæməli/	n. 家庭	household: a big family	【联想】familiar 词根	
fa·mous	/ˈfeɪməs/	a. 著名的	well-known: be famous for	【同】well-known【词根】fame(名声)+-ous(…的) 【反】unknown 【联想】名词 fame 名声
fan	/fæn/	n. 风扇	enthusiast: a football fan		
fan·cy	/ˈfænsi/	a. 奢华的	luxurious: fancy clothes	v. 想要（=desire: fancy someone） 【同】want【词根】fant(显现)+-y→幻想	
fan·tas·tic	/fænˈtæstɪk/	a. 极好的	great: a fantastic idea	【同】good 【联想】fantasy 词根【词根】fant(显现)+-astic→极好的	
fan·ta·sy	/ˈfæntəsi/	n. 幻想	imagination: a fantasy world	【词根】phant(显示)+-asy→幻想 【联想】fantastic	
far	/fɑːr/	ad. (farther, farthest, or further, furthest) 远的	distant: far away	【反】near, close	
fare	/feər/	n. 车费	ticket price: bus fare	【同】TICKET PRICE	
farm	/fɑːm/	n. 农场	agricultural land: a big farm	【同】agricultural land 【联想】名词 farmer 农民
farm·er	/ˈfɑːmər/	n. 农民	agricultural worker: a hardworking farmer	【同】agricultural worker 【联想】farm	
far·ther	/ˈfɑːðər/	ad. 更远的	further	（far的比较级: go farther） 【联想】比较级 far 远的
fast	/fɑːst/	a. 快速的	quick: run fast	【同】quick 【反】slow 【联想】形近 fasten 固定
fas·ten	/ˈfɑːsən/	v. 固定	secure: fasten the seatbelt	【联想】形近 fast 快速的
fat	/fæt/	a. 肥胖的	overweight: a fat cat	【反】thin	
fa·ther	/ˈfɑːðər/	n. 父亲	male parent: my father		
fault	/fɒlt/	n. 错误	defect: it's my fault	【同】DEFECT, mistake 【联想】形容词 faulty 有缺陷的
fa·vor	/ˈfeɪvər/	n. 喜爱	act of kindness	（美式拼写: do sb. a favor） will you do me a favor? 【联想】favorite 形容词【词根】favor(好感)→恩惠	
fa·vo·rite	/ˈfeɪvərɪt/	a. 最喜欢的	best-liked	（美式拼写: a favorite book） 【联想】favor 名词【词根】favor(好感)+-ite→最喜爱的	
fa·vour	/ˈfeɪvər/	n. 喜爱；恩惠；支持；偏袒	favor; benefit; support; bias	（英式拼写） 【联想】favourite 形容词【词根】favour(好感)→恩惠	
fa·vou·rite	/ˈfeɪvərɪt/	a. 特别喜爱的	preferred	（英式拼写） 【联想】favour 名词【词根】favour(好感)+-ite→最喜爱的	
fax	/fæks/	n. 传真	document transmission: send a fax	【同】document transmission	
fear	/fɪər/	v. 恐惧	be afraid of: fear of heights	【联想】形容词 fearful 害怕的
feast	/fiːst/	n. 宴会	banquet: a wedding feast	【同】BANQUET, celebration meal 【联想】形近 festival 节日
feath·er	/ˈfeðər/	n. 羽毛	plume: a bird feather	【同】plume【词根】feather(羽毛)→羽毛	
Feb·ru·a·ry	/ˈfebruəri/	n. 二月	Feb: in February	Feb. 【联想】月份词	
fed·e·ral	/ˈfedərəl/	a. 联邦的	central national: federal government	【词根】feder(联盟)+-al 【同】central national 【联想】federation 联邦	
fee	/fiː/	n. 费用	payment: tuition fee	【同】payment【词根】fee(财产)→费用	
feed	/fiːd/	v. (fed, fed) 喂养	give food: feed the animals	【联想】名词 food 食物
feel	/fiːl/	v. (felt, felt) 感觉	sense: feel happy	【联想】feeling 名词, felt	
feel·ing	/ˈfiːlɪŋ/	n. 感觉	sensation: a feeling of sadness	【同】SENSATION, sense, consciousness 【联想】动词 feel 感觉
fellow	/ˈfeləʊ/	n. 伙伴	companion: fellow students	【同】COMPANION	
fe·male	/ˈfiːmeɪl/	a. 女性的	woman or girl: female workers	【联想】male 反义【词根】fem(女人)+-ale→女性的	
fence	/fens/	n. 栅栏	hedge: a wooden fence	【同】hedge. There was a tall wooden fence around the garden	
fer·ry	/ˈferi/	n. 渡轮；渡船	passenger boat: take a ferry	'ferry boat'	
fes·ti·val	/ˈfestɪvəl/	n. 节日	cultural celebration: Spring Festival	【同】cultural celebration 【联想】festive, feast【词根】fest(节日)+-ival→节日	
fetch	/fetʃ/	v. 取来	go and get: fetch water	【同】go and get	
fe·ver	/ˈfiːvər/	n. 发烧	high temperature: have a fever	an illness 【同】high temperature	
few	/fjuː/	a. 很少	small number: a few friends	【反】many	
fi·ber	/ˈfaɪbər/	n. 纤维	thread-like material	（美式拼写） 【联想】fibre 英式	
fi·bre	/ˈfaɪbər/	n. 纤维	thread	（英式拼写: dietary fibre） 【同】THREAD, strand 【联想】fiber 美式	
fic·tion	/ˈfɪkʃən/	n. 小说	novels: science fiction	【同】NOVELS, stories, creative writing, prose literature。【词根】fict(做→虚构)+-ion 【联想】fictional, non-fiction	
field	/fiːld/	n. 田野	open land: a football field	There were cows in the field.	
fierce	/fɪəs/	a. 凶猛的	ferocious: a fierce dog	【同】FEROCIOUS, savage, vicious, aggressive, violent, untamed 【反】gentle, mild	
fif·teen	/ˌfɪfˈtiːn/	num. 十五	15: fifteen apples	【联想】five 数字词	
fifth	/fɪfθ/	num. 第五	5th: the fifth floor	【联想】five 序数词	
fif·ty	/ˈfɪfti/	num. 五十	50: fifty dollars	【联想】five	
fight	/faɪt/	v. (fought, fought) 战斗；打架	combat: fight against	【联想】名词 fighter 战士
fig·ure	/ˈfɪɡər/	n. 数字；人物；身材 v. 认为；计算	number or shape: a famous figure	【词组】figure out【词根】fig(塑造)+-ure→图形	
file	/faɪl/	n. 文件	document: a file cabinet		
fill	/fɪl/	v. 填充	make full: fill a glass	【词组】 fill a container/space (with) something 【联想】形容词 full 满的
film	/fɪlm/	n. 电影	movie: a film star	【同】movie	
fi·nal	/ˈfaɪnəl/	a. 最后的	last: the final exam	【同】last 【联想】副词 finally 最后
fi·nance	/ˈfaɪnæns/	n. 金融	money management: finance department	【同】money management 【联想】financial 形容词【词根】fin(结束)+-ance→金融	
find	/faɪnd/	v. (found, found) 找到	discover: find a book	【同】discover 【反】lose【词根】find(发现)→发现	
fine	/faɪn/	a. 好的	good	=good. n. 罚款（=penalty: a fine day）.【词根】fine(界限)→好的	
fin·ger	/ˈfɪŋɡər/	n. 手指	digit: a finger injury	【联想】fingernail, toe	
fin·ger·nail	/ˈfɪŋɡəneɪl/	n. 指甲	nail: long fingernails	【联想】finger, nail	
fin·ish	/ˈfɪnɪʃ/	v. 完成	complete: finish homework	【同】COMPLETE, end 【反】start, begin 【联想】final 词根 fin	
fire	/faɪər/	n. 火	flame: make a fire	【联想】fireman, fireworks	
fireworks	/ˈfaɪəwɜːks/	n. 烟花	explosive display: watch fireworks	【同】explosive display 【联想】fire, works	
firm	/fɜːm/	a. 坚固的	hard	=HARD, solid. n. 公司（=solid: a law firm） 【同】COMPANY, business【词根】firm(坚固)→坚定的	
first	/ˈfɜːst/	num. 第一	1st: at first	【反】last	
fish	/fɪʃ/	n. 鱼	aquatic animal: catch fish	【联想】fisherman, fishing	
fish·er·man	/ˈfɪʃəmən/	n. 渔夫	person who fishes: a poor fisherman	【同】person who fishes 【联想】fish	
fist	/fɪst/	n. 拳头	clenched hand: clench one's fist	【联想】finger 手指	
fit	/fɪt/	a. v. 适合	suit	a.合适的（=suitable: keep fit） 【同】SUITABLE	
five	/faɪv/	num. 五	5: five people	【同】5 【联想】fifteen, fifty 数字词	
fix	/fɪks/	v. 修理	repair: fix a bike	【同】FASTEN, REPAIR, mend【词根】fix(固定)→修理	
flag	/flæɡ/	n. 旗帜	banner: national flag		
flame	/fleɪm/	n. 火焰	fire: a burning flame	【同】fire 【联想】同义 fire 火
flash	/flæʃ/	v. 闪光	gleam: a flash of light	【联想】flashlight 手电筒	
flash·light	/ˈflæʃlaɪt/	n. 手电筒	torch: use a flashlight	【联想】flash, light	
flat	/flæt/	a. 平的	even: a flat tire	【同】even	
flee	/fliː/	v. (fled, fled) 逃跑	run away: flee from danger	【同】run away, escape 【联想】形近 flew 飞(过去式)
flesh	/fleʃ/	n. 肉	soft tissue: human flesh	【同】MUSCLE, meat 【联想】fresh 形近; meat	
flex·i·ble	/ˈfleksəbəl/	a. 灵活的	not rigid: a flexible schedule	【同】not rigid【词根】flex(弯曲)+-ible(能…的) 【联想】名词 flexibility 灵活性
flight	/flaɪt/	n. 飞行	flying: a long flight	【联想】fly 动词【词根】fly(飞)+-t→飞行	
float	/fləʊt/	v. 漂浮	stay afloat: float on water	【反】sink 【联想】flow 形近; sink 反义【词根】float(漂浮)→漂浮	
flood	/flʌd/	n. 洪水	overflow of water: a flood disaster	【同】overflow of water	
floor	/flɔːr/	n. 地板	ground level: the second floor	【反】ceiling, roof 【联想】ceiling 天花板	
flour	/flaʊər/	n. 面粉	powder: a bag of flour	【同】a powder obtained by grinding grain, used to make bread, cakes, and pastry 【联想】flower 形近【词根】flour(花)→面粉	
flow	/fləʊ/	v. 流动	move steadily: a river flows	【联想】float 形近【词根】flow(流动)→流动	
flow·er	/flaʊər/	n. 花	bloom: a beautiful flower	【联想】flour 形近【词根】flow(花)→花	
flu	/fluː/	n. 流感	influenza: catch the flu	【同】influenza	
fluency	/ˈfluːənsi/	n. 流利	smooth speech: fluency in English	【词根】flu(流动)+-ency(名词) 【联想】形容词 fluent 流畅的
flu·ent	/ˈfluːənt/	a. 流畅的	articulate: speak fluent French	【同】ARTICULATE, eloquent 【词根】flu(流动)+-ent(…的) 【联想】名词 fluency 流利
fly	/flaɪ/	v. (flew, flown) 飞	travel through air: fly a kite	【同】travel through air 【联想】flight 名词, flew, flown	
fo·cus	/ˈfəʊkəs/	v. 焦点	center of attention: focus on study	【同】concentrate; center of attention【词根】focus(炉火)→焦点	
fog	/fɒɡ/	n. 雾	mist: thick fog	【同】mist 【联想】foggy 形容词, smog	
fog·gy	/ˈfɒɡi/	a. 有雾的	misty: a foggy day	【联想】名词 fog 雾
fold	/fəʊld/	v. 折叠	bend: fold a piece of paper	【联想】unfold 反义【词根】fold(折叠)→折叠	
folk	/fəʊk/	a. & n. 民间的；民间	people: folk music	【同】traditional, folk【词根】folk(人民)→民间的	
fol·low	/ˈfɒləʊ/	v. 跟随	go after: follow the rules	【同】go after 【联想】名词 follower 追随者
fond	/fɒnd/	a. 喜爱的	keen on: be fond of	be fond of 【同】KEEN ON, partial to, addicted to, enthusiastic about, passionate about	
food	/fuːd/	n. 食物	nourishment: junk food	【联想】动词 feed 喂养
fool	/fuːl/	n. 愚蠢的人	idiot: make a fool of	【同】idiot 【联想】形容词 foolish 愚蠢的
fool·ish	/ˈfuːlɪʃ/	a. 愚蠢的	silly: a foolish decision	【同】silly, stupid 【反】wise, clever 【联想】名词 fool 愚蠢的人
foot	/fʊt/	n. (pl. feet) 脚	part of leg: on foot	【联想】feet 复数, football	
foot·ball	/ˈfʊtbɔːl/	n. 足球	soccer: play football	【同】soccer 【联想】foot, ball	
for	/fɔːr/	prep. 为了	intended for: look for		
for·bid	/fəˈbɪd/	v. (forbade, forbidden) 禁止	ban: forbid smoking	【同】not allow, ban, prohibit 【联想】过去分词 forbidden 禁止的
force	/fɔːs/	n. & v. 力量；强迫	strength; compel: force sb. to do sth.	【同】strength, compel【词根】force(力量)→力量	
fore·cast	/ˈfɔːkɑːst/	v. (forecast, forecast) 预测	predict: weather forecast	【同】predict 【联想】fore 前, cast【词根】fore-(预先)+cast(投)→预测	
fore·head	/ˈfɒrɪd/	n. 额头	front of head: a high forehead	【联想】fore 前, head	
for·eign	/ˈfɒrən/	a. 外国的	of another country: foreign countries	【同】of another country 【联想】foreigner 名词【词根】foreign(外部)→外国的	
for·eign·er	/ˈfɒrənər/	n. 外国人	person from abroad: a foreign visitor	【同】person from abroad 【联想】foreign【词根】foreign(外部)+-er→外国人	
fore·see	/fəˈsiː/	v. (foresaw, foreseen) 预见	anticipate: foresee the future	【同】ANTICIPATE, predict, forecast, expect 【联想】fore 前, see【词根】fore-(预先)+see(看)→预见	
for·est	/ˈfɒrɪst/	n. 森林	woods: a deep forest	【词根】forest(外部)→森林	
for·ev·er	/fəˈrevər/	ad. 永远	eternally: love forever	【联想】for, ever【词根】for(为)+ever(永远)→永远	
for·get	/fəˈɡet/	v. (forgot, forgotten) 忘记	fail to remember: forget to do sth.	【同】fail to remember 【反】remember 【联想】形容词 forgetful 健忘的
for·get·ful	/fəˈɡetfəl/	a. 健忘的	absent-minded: a forgetful person	【联想】forget	
for·give	/fəˈɡɪv/	v. (forgave, forgiven) 原谅	pardon: forgive sb. for sth.	【联想】forgiveness 名词【词根】for-(完全)+give(给)→原谅	
fork	/fɔːk/	n. 叉子	eating utensil: a dinner fork		
form	/fɔːm/	n. 形式	shape: fill in a form	【联想】formal, inform【词根】form(形状)→形式	
for·mat	/ˈfɔːmæt/	n. 格式	layout: a new format	【联想】form 词根【词根】form(形状)+-at→格式	
for·mer	/ˈfɔːmər/	a. 以前的	previous: the former president	【同】PREVIOUS 【联想】latter 对比【词根】form(形状)+-er→前者	
fort·night	/ˈfɔːtnaɪt/	n. 两周	two weeks: in a fortnight	【同】two weeks【词根】fourteen(十四)+night(夜)→两周	
for·tu·nate	/ˈfɔːtʃənət/	a. 幸运的	lucky: be fortunate to do sth.	【同】lucky 【联想】fortune 名词【词根】fortun(命运)+-ate→幸运的	
for·tu·nate·ly	/ˈfɔːtʃənətli/	ad. 幸运地	luckily: fortunately, it didn't rain	【联想】fortunate 形容词【词根】fortun(命运)+-ately→幸运地	
for·tune	/ˈfɔːtʃuːn/	n. 财富	wealth: make a fortune	【联想】fortunate 形容词【词根】fortun(命运)→财富	
for·ty	/ˈfɔːti/	num. 四十	40: forty years old	【联想】four	
for·ward	/ˈfɔːwəd/	ad. 向前	ahead: look forward to	【联想】fore 前, backward 反义【词根】fore(前)+ward(方向)→向前	
found	/faʊnd/	v. 建立	establish: found a company	【同】ESTABLISH, set up 【联想】founder 名词, foundation【词根】found(基础)→建立	
foun·tain	/ˈfaʊntɪn/	n. 喷泉	water feature: a beautiful fountain	【词根】fount(泉)+-ain→喷泉	
four	/fɔːr/	num. 四	4: four seasons	【联想】forty, fourteen	
fourth	/fɔːθ/	num. 第四	4th: the fourth month	【联想】four	
fox	/fɒks/	n. 狐狸	wild animal: a sly fox		
fra·gile	/ˈfrædʒaɪl/	a. 易碎的	easily broken	=easily broken, delicate【词根】frag-(break 破碎) + -ile（形容词后缀：易于… 的: fragile goods） 【联想】fragment 词根 frag	
fra·grant	/ˈfreɪɡrənt/	a. 芳香的	sweet-smelling: a fragrant flower	【同】sweet-smelling 【联想】名词 fragrance 芬芳
frame·work	/ˈfreɪmwɜːk/	n. 框架；结构	structure	【联想】frame 框架【词根】frame(框架)+work(工作)→框架	
franc	/fræŋk/	n. 法郎（货币单位）	currency unit		
France	/frɑːns/	n. 法国	european country: visit France	【同】European country 【联想】French	
free	/friː/	a. 自由的	not restricted: free time	【反】busy, occupied 【联想】freedom 名词, freely	
free·dom	/ˈfriːdəm/	n. 自由	liberty: fight for freedom	【联想】free【词根】free(自由)+-dom→自由	
free·way	/ˈfriːweɪ/	n. 高速公路	highway: drive on the freeway	【联想】free, way	
freeze	/friːz/	v. (froze, frozen) 冻结	turn to ice: freeze water	【联想】frozen 过去分词, freezing【词根】freeze(结冰)→冻结
freezing	/ˈfriːzɪŋ/	a. 冰冻的	below zero: freezing weather	【同】very cold 【联想】动词 freeze 冻结
French	/frentʃ/	n. 法语	language of france: French cuisine	【同】language of France 【联想】France	
French·man	/ˈfrentʃmən/	n. 法国人	person from france: a Frenchman	【同】person from France 【联想】French, France	
fre·quent	/ˈfriːkwənt/	a. 频繁的	regular: frequent visitors	【词根】frequ(频繁)+-ent 【联想】副词 frequently 频繁地
fresh	/freʃ/	a. 新鲜的	new: fresh air	【联想】refresh,形近 flesh 肉
fric·tion	/ˈfrɪkʃən/	n. 摩擦	rubbing force: reduce friction	【词根】fric(摩擦)+-ion→摩擦	
Fri·day	/ˈfraɪdeɪ/	n. 星期五	day of week: on Friday	【联想】星期词 Monday, Tuesday	
fridge	/frɪdʒ/	n. 冰箱	refrigerator: put in the fridge	【联想】refrigerator 全写	
friend	/frend/	n. 朋友	companion: a good friend	【反】enemy 【联想】friendly, friendship 词族	
friend·ly	/ˈfrendli/	a. 友好的	kind: be friendly to	【联想】friend	
friend·ship	/ˈfrendʃɪp/	n. 友谊	bond between friends: a deep friendship	【同】bond between friends 【联想】friend	
fright	/fraɪt/	n. 惊吓	fear: give sb. a fright	【联想】frighten, frightened	
frog	/frɒɡ/	n. 青蛙	amphibian: a green frog		
from	/frɒm/	prep. 从	starting at: come from		
front	/frʌnt/	n. 前面	foremost part: in front of	【反】back 【联想】frontier 边界【词根】front(额→前面)→前面	
fron·tier	/ˈfrʌntɪər/	n. 边界	border: the national frontier	【联想】front 前【词根】front(前面)+-ier→边疆	
frost	/frɒst/	n. 霜	ice crystals: a frost in the morning	【联想】frozen, cold	
fruit	/fruːt/	n. 水果	produce: eat more fruit	【联想】vegetable 蔬菜【词根】fruit(果实)→水果	
fry	/fraɪ/	v. 炸	cook in oil: fry eggs	【联想】过去式 fried 油炸的
fu·el	/ˈfjuːəl/	n. 燃料	energy source: fossil fuel	【词根】fuel(火)→燃料	
full	/fʊl/	a. 满的	filled completely: a full glass	【同】filled completely 【反】empty 【联想】动词 fill 填充【词组】be full of 充满
fun	/fʌn/	n. 乐趣	enjoyment: have fun	【联想】形容词 funny 有趣的，滑稽的
func·tion	/ˈfʌŋkʃən/	n. 功能	purpose: the function of a machine	【词根】funct(执行)+-ion→功能 【联想】形容词 functional 功能的
fun·da·men·tal	/ˌfʌndəˈmentəl/	a. 基本的	basic: fundamental rights	【词根】fund(基础)+-amental→根本的	
fu·ne·ral	/ˈfjuːnərəl/	n. 葬礼	burial ceremony: attend a funeral	【词根】funer(葬礼)→葬礼	
fun·ny	/ˈfʌni/	a. 有趣的，滑稽的	amusing: a funny story	【词根】fun(有趣)+n+y(…的) 【联想】名词 fun 乐趣
fur	/fɜːr/	n. 毛皮	animal hair: a fur coat	【联想】形容词 furry 毛茸茸的
furnished	/ˈfɜːnɪʃt/	a. 配备家具的	with furniture: a furnished room	【联想】名词 furniture 家具
fur·ni·ture	/ˈfɜːnɪtʃər/	n. 家具	household items: buy furniture	【联想】furnish 动词【词根】furnish(布置)+-ure→家具	
fur·ther	/ˈfɜːðər/	ad. 更进一步（far 的比较级）	more advanced: further study	【联想】比较级 far 远的
fu·ture	/ˈfjuːtʃər/	n. 未来	coming time: in the future	【词根】fut(将要)+-ure→未来
gain	/ɡeɪn/	v. 获得；增加；利润	acquire	【词根】gain(收获)→获得	
gale	/ɡeɪl/	n. 强风	strong: a strong gale	【联想】storm, wind 大风	
gal·le·ry	/ˈɡæləri/	n. 画廊	art space: an art gallery	【词根】gallery(长廊)→画廊	
gal·lon	/ˈɡælən/	n. 加仑	unit of volume: a gallon of milk		
game	/ɡeɪm/	n. 游戏	pastime: a basketball game		
gar·age	/ˈɡærɑːʒ/	n. 车库	car shed: a car garage		
gar·bage	/ˈɡɑːbɪdʒ/	n. 垃圾	rubbish: throw away garbage	【同】rubbish 【联想】同义 rubbish 垃圾
gar·den	/ˈɡɑːdən/	n. 花园	planted area: a beautiful garden	【联想】gardener 名词【词根】gard(围栏)+-en→花园	
gar·lic	/ˈɡɑːlɪk/	n. 大蒜	pungent bulb: a clove of garlic		
gar·ment	/ˈɡɑːmənt/	n. 衣服	piece of clothing: a woollen garment	【同】clothes, clothing item 【联想】clothes 同义【词根】garment(装备)→衣服
gas	/ɡæs/	n. 气体	vapor: natural gas	【联想】gasoline, petrol	
gate	/ɡeɪt/	n. 大门	entrance door: the school gate		
gath·er	/ˈɡæðər/	v. 收集，聚集	come together: gather together	【联想】together 词根	
gay	/ɡeɪ/	a. 同性恋的	homosexual: a gay party		
gen·e·ral	/ˈdʒenərəl/	a. 一般的，普遍的	widespread: in general	【联想】generally 副词【词根】gener(种类)+-al→一般的
gen·er·al·ly	/ˈdʒenərəli/	ad. 通常	usually: generally speaking	【联想】general【词根】gener(种类)+-ally→通常	
gen·e·ra·tion	/ˌdʒenəˈreɪʃən/	n. 一代	age group: a new generation	【词根】gener(产生)+-ation(名词) 【联想】动词 generate 产生
gen·e·rous	/ˈdʒenərəs/	a. 慷慨的	giving freely: a generous person	【联想】generosity 名词【词根】gener(出生)+-ous→慷慨的	
gen·tle	/ˈdʒentəl/	a. 温柔的	mild: a gentle voice	【联想】gentleman, gently【词根】gent(出生→家族)+-le→温和的	
gen·tle·man	/ˈdʒentəlmən/	n. 绅士	polite man: a real gentleman	【反】lady 【联想】lady 女士【词根】gentle+man→绅士	
ge·og·ra·phy	/dʒiˈɒɡrəfi/	n. 地理	study of earth: study geography	【词根】geo(地球)+graphy(写) 【联想】geology 词根 geo	
ge·om·e·try	/dʒiˈɒmətri/	n. 几何学	study of shapes: plane geometry	【词根】geo(地球)+metry(测量) 【联想】geography 词根 geo	
Ger·man	/ˈdʒɜːmən/	n. 德国人	person from germany: German language	【同】person from Germany 【联想】Germany	
Ger·man·y	/ˈdʒɜːməni/	n. 德国	European nation: visit Germany	【联想】German	
ges·ture	/ˈdʒestʃər/	n. 手势	hand signal: make a gesture	【词根】gest(带)+-ure→手势	
get	/ɡet/	v. (got, got or gotten) 得到	obtain: get a gift	【同】obtain
gift	/ɡɪft/	n. 礼物	present: a birthday gift	【联想】形容词 gifted 有天赋的
gift·ed	/ˈɡɪftɪd/	a. 有天赋的	talented: a gifted child	【联想】gift【词根】gift(天赋)+-ed→有天赋的	
gi·raffe	/dʒɪˈrɑːf/	n. 长颈鹿	tall animal: a tall giraffe		
girl	/ɡɜːl/	n. 女孩	female child: a pretty girl	【联想】boy 对比	
give	/ɡɪv/	v. (gave, given) 给予	hand over: give a gift	【同】offer, hand over 【联想】过去分词 given 给予(过去分词)
give up	/ˌɡɪv ˈʌp/	v. 放弃	quit: give up smoking	【联想】give, quit	
glad	/ɡlæd/	a. 高兴的	pleased: be glad to do sth.	【同】PLEASED, happy, delighted
glance	/ɡlɑːns/	v. 一瞥	quick look: take a glance	【联想】形近 glare 怒目而视
glare	/ɡleər/	v. 怒目而视	stare angrily: glare at sb.	【联想】glance 形近; stare	
glass	/ɡlɑːs/	n. 玻璃	transparent material: a glass of water	【同】transparent material 【联想】glasses 眼镜	
globe	/ɡləʊb/	n. 地球仪	spherical map: a world globe	【联想】global 形容词【词根】glob(球)+-e→地球	
glo·ry	/ˈɡlɔːri/	n. 光荣	honor: win glory	【联想】glorious 形容词【词根】glor(光荣)→荣耀	
glove	/ɡlʌv/	n. 手套	hand covering: a pair of gloves		
glue	/ɡluː/	n. 胶水	adhesive: stick with glue		
go	/ɡəʊ/	v. (went, gone) 去	move: go to school	【同】move
goal	/ɡəʊl/	n. 球门；目标	target: achieve a goal	【词组】achieve/reach a goal, set a goal【词根】goal(目标)→目标	
goat	/ɡəʊt/	n. 山羊	animal: a wild goat		
god	/ɡɒd/	n. 神	deity: believe in god	【联想】goddess 女神	
gold	/ɡəʊld/	n. 金子	precious metal: a gold ring	【联想】形容词 golden 金色的
gold·en	/ˈɡəʊldən/	a. 金色的	made of gold: a golden opportunity	【联想】gold 名词【词根】gold(金)+-en→金色的	
golf	/ɡɒlf/	n. 高尔夫	sport: play golf	球	
good	/ɡʊd/	a. (better, best) 好的	satisfactory: a good idea	【同】satisfactory 【联想】well 副词, goodbye
good-bye	/ˌɡʊdˈbaɪ/	int. 再见	farewell: say good-bye	【同】bye, farewell 【联想】bye, farewell
goods	/ɡʊdz/	n. 货物	products for sale: household goods	【同】products for sale	
goose	/ɡuːs/	n. (pl. geese) 鹅	water bird: a wild goose	【联想】复数 geese 鹅(复数)
gov·ern	/ˈɡʌvən/	v. 统治，治理	rule: govern a country	【同】RULE, control, be in charge of 【联想】government 名词【词根】govern(掌舵)→统治	
gov·ern·ment	/ˈɡʌvənmənt/	n. 政府	administration: local government	【联想】govern 动词【词根】govern(统治)+-ment→政府	
grade	/ɡreɪd/	n. 年级	level or score: get good grades	【联想】gradual, graduate 词根 grad	
grad·u·al	/ˈɡrædʒuəl/	a. 逐渐的	slow: a gradual change	【词根】grad(步)+-ual(…的) 【联想】grade 词根 grad 步	
grad·u·a·lly	/ˈɡrædʒuəli/	ad. 逐渐地	slowly: gradually improve	【联想】gradual 形容词【词根】grad(步)+-ually→逐渐地	
grad·u·ate	/ˈɡrædʒuət/	v. 毕业	complete studies: graduate from college	【词根】grad(步)+-uate(使) 【同】complete studies 【联想】名词 graduation 毕业
grad·u·a·tion	/ˌɡrædʒuˈeɪʃən/	n. 毕业	completion of studies: graduation ceremony	【同】completion of studies 【联想】graduate 动词【词根】grad(步)+-uation→毕业	
grain	/ɡreɪn/	n. 谷粒	seed of cereal: a grain of rice	【联想】corn 玉米, wheat 小麦, rice 大米, cereal 谷物【词根】grain(谷物)→谷物
gram	/ɡræm/	n. 克	unit of mass: a gram of salt	【联想】kilogram,形近 grammar 语法
gram·mar	/ˈɡræmər/	n. 语法	language rules: English grammar	【联想】grammatical 形容词【词根】gram(写)+-mar→语法	
grand	/ɡrænd/	a. 宏大的	impressive: a grand hotel	【联想】grandfather, grandmother【词根】grand(大)→宏伟的	
grand·child	/ˈɡræntʃaɪld/	n. 孙子	descendant: a lovely grandchild	【联想】grand, child	
grand·daugh·ter	/ˈɡrændɔːtər/	n. 孙女	female descendant: a smart granddaughter	【同】female descendant 【联想】grand, daughter	
grand·fa·ther	/ˈɡrænfɑːðər/	n. 祖父	male elder: my grandfather	【联想】grand, father【词根】grand(大)+father(父亲)→祖父	
grand·ma	/ˈɡrænmɑː/	n. 奶奶	elderly woman: my grandma	【联想】grandmother, grandpa	
grand·moth·er	/ˈɡrænmʌðər/	n. 祖母	female elder: my grandmother	【联想】grandma, grandpa	
grand·pa	/ˈɡrænpɑː/	n. 爷爷	elderly man: my grandpa	【联想】grandma, grandfather	
grandparents	/ˈɡrænpeərənt/	n. 祖父母	elders: visit grandparents	【联想】grand, parents	
grand·son	/ˈɡrænsʌn/	n. 孙子	male descendant: a little grandson	【联想】grand, son	
gran·ny	/ˈɡræni/	n. 老奶奶	elderly woman: a kind granny	【联想】grandma 老奶奶	
grape	/ɡreɪp/	n. 葡萄	fruit: a bunch of grapes		
graph	/ɡrɑːf/	n. 图表	diagram: a bar graph	【联想】graphic, paragraph 词根 graph 写【词根】graph(写)→图表	
grasp	/ɡrɑːsp/	v. 抓住	seize: grasp the chance	【同】GRIP, clutch, clasp, hold, clench, catch, seize, grab, snatch【例句】grasp the rope
grass	/ɡrɑːs/	n. 草	green plant: walk on the grass		
grate·ful	/ˈɡreɪtfəl/	a. 感激的	thankful: be grateful to	【联想】gratitude 名词【词根】grat(感激)+-eful→感激的	
grav·i·ty	/ˈɡrævəti/	n. 重力	force of attraction: the law of gravity	【同】force of attraction 【联想】grave 形近; serious【词根】grav(重)+-ity→重力	
gray	/ɡreɪ/	a. 灰色的（美式拼写）	grey color: gray hair	【联想】grey 英式	
great	/ɡreɪt/	a. 伟大的	excellent: a great idea		
greed·y	/ˈɡriːdi/	a. 贪婪的	selfish for more: a greedy person	【同】selfish for more 【联想】名词 greed 贪婪
Greek	/ɡriːk/	n. 希腊人	person from greece: Greek mythology	【同】person from Greece	
green	/ɡriːn/	a. 绿色的	color of grass: green leaves	【联想】greengrocer 蔬菜商	
green·gro·cer	/ˈɡriːŋɡrəʊsər/	n. 蔬菜水果商	fruit seller: a local greengrocer	【联想】green, grocer	
greet	/ɡriːt/	v. 问候	welcome: greet guests	【联想】名词 greeting 问候
greet·ing	/ˈɡriːtɪŋ/	n. 问候	salutation: a warm greeting	【联想】动词 greet 问候
grey	/ɡreɪ/	a. 灰色的（英式拼写）	gray color: grey clouds	【联想】gray 美式	
grill	/ɡrɪl/	n. & v. 烤架；烧烤	cook on bars: grill meat	【同】cook, barbecue【例句】Grill the steak for about four minutes each side.
gro·cer	/ˈɡrəʊsər/	n. 杂货商	food seller: a small grocer	【联想】grocery 杂货店	
gro·cer·y	/ˈɡrəʊsəri/	n. 杂货店	food store: a grocery store	【联想】grocer	
ground	/ɡraʊnd/	n. 地面	earth surface: sit on the ground	【联想】background, playground	
group	/ɡruːp/	n. 群组	collection: a group of students		
grow	/ɡrəʊ/	v. (grew, grown) 生长，成长	increase: grow flowers	【同】increase 【联想】growth 名词, grown
growth	/ɡrəʊθ/	n. 成长	development: economic growth	【联想】动词 grow 生长，成长【词根】grow(生长)+-th(名词)
guar·an·tee	/ˌɡærənˈtiː/	v. 保证	assurance: give a guarantee	【词根】guar(保护)+-antee→保证	
guard	/ɡɑːd/	n. 守卫	protector: guard the door	【联想】guardian 监护人	
guess	/ɡes/	v. 猜测	estimate: guess the answer	【同】estimate
guest	/ɡest/	n. 客人	visitor: a special guest	【联想】host 主人	
guid·ance	/ˈɡaɪdəns/	n. 指导	direction: seek guidance	【词根】guide(指导)+-ance(名词) 【联想】动词 guide 向导
guide	/ɡaɪd/	n. 向导	leader: a tour guide	【联想】guidance 名词【词根】guid(指导)+-e→指导	
guilt·y	/ˈɡɪlti/	a. 有罪的	not innocent: feel guilty	【同】not innocent 【联想】guilt 名词【词根】guilt(罪)+-y→内疚的	
gui·tar	/ɡɪˈtɑːr/	n. 吉他	string instrument: play the guitar	【同】string instrument 【联想】violin, piano 乐器	
gun	/ɡʌn/	n. 枪	weapon: a toy gun		
gym	/dʒɪm/	n. 体育馆	fitness center: go to the gym	【联想】gymnasium 全写	
gym·nas·tics	/dʒɪmˈnæstɪks/	n. 体操	physical exercises: do gymnastics	【同】physical exercises	
hab·it	/ˈhæbɪt/	n. 习惯	regular practice: a bad habit	【同】regular practice【词根】habit(持有)→习惯【例句】Smoking is a very bad habit.
hair	/heər/	n. 头发	head strands: long hair	【联想】hairy 形容词, haircut	
hair·cut	/ˈheəkʌt/	n. 理发	hair styling: get a haircut	【联想】hair, cut	
half	/hɑːf/	n. 一半	one of two equal parts: half an hour	【词组】half an hour 【同】one of two equal parts	
hall	/hɔːl/	n. 大厅	large room: a big hall		
ham	/hæm/	n. 火腿	cured meat: a slice of ham		
ham·burg·er	/ˈhæmˌbɜːɡər/	n. 汉堡包	sandwich: eat a hamburger	【联想】ham, burger	
ham·mer	/ˈhæmər/	n. 锤子	tool for nails: use a hammer		
hand	/hænd/	n. 手	body part: by hand	【联想】handbag, handwriting 复合词	
hand·bag	/ˈhændbæɡ/	n. 手提包	purse: a beautiful handbag	【联想】hand, bag	
hand·ful	/ˈhændfʊl/	n. 一把	small amount: a handful of sand	【词组】 a handful of 【联想】hand, full	
hand·ker·chief	/ˈhæŋkətʃiːf/	n. 手帕	cloth square: a silk handkerchief	【联想】hand, kerchief	
han·dle	/ˈhændəl/	n. 把手 v. 处理；应付	deal with: handle a problem	【词组】handle a problem/situation 【联想】hand 词根	
hand·some	/ˈhænsəm/	a. 英俊的	good-looking: a handsome man	【词根】hand(手)+some(有)→手巧的→英俊的	
hand·writ·ing	/ˈhændˌraɪtɪŋ/	n. 书写，笔迹	penmanship: good handwriting	【联想】hand, writing	
hand·y	/ˈhændi/	a. 方便的	useful: a handy tool	【联想】hand	
hang	/hæŋ/	v. (hung, hung) 悬，挂 【同】suspend	suspend: hang clothes	【联想】过去式 hung 悬挂(过去式)
hap·pen	/ˈhæpən/	v. 发生	occur: happen to do sth.	【联想】名词 happening 事件
hap·pi·ness	/ˈhæpinəs/	n. 幸福	joy: seek happiness	【联想】happy 形容词【词根】happy(快乐)+-ness→幸福	
hap·py	/ˈhæpi/	a. 快乐的	joyful: a happy family	【联想】名词 happiness 幸福
har·bour	/ˈhɑːbər/	n. 海港（英式拼写）	port	【联想】harbor 美式, port【词根】harbour(庇护)→港口	
harbor	/ˈhɑːbər/	n. 港口（美式拼写）	port: a busy harbor	【联想】harbour 英式【词根】harbor(庇护)→港口	
hard	/hɑːd/	a. 坚硬的	firm: work hard	【反】easy, soft 【联想】hardly, hardworking 词族	
hard·ly	/ˈhɑːdli/	ad. 几乎不	scarcely: hardly ever	【联想】hard	
hard·ship	/ˈhɑːdʃɪp/	n. 艰苦	difficulty: face hardship	【联想】hard【词根】hard(困难)+ship(状态)→困苦	
hardworking	/ˌhɑːdˈwɜːkɪŋ/	a. 勤劳的	diligent: a hardworking student	【反】lazy 【联想】hard, work	
harm	/hɑːm/	v. n. 伤害	damage: do harm to	【联想】harmful, harmless 词族【词根】harm(伤害)→伤害	
harm·ful	/ˈhɑːmfəl/	a. 有害的	damaging: harmful chemicals	【联想】harm【词根】harm(伤害)+-ful→有害的	
harm·less	/ˈhɑːmləs/	a. 无害的	safe: harmless insects	【联想】harm【词根】harm(伤害)+-less→无害的	
har·mo·ny	/ˈhɑːməni/	n. 和谐；协调	peaceful agreement	【词根】harmonia(和谐)+-ous 【联想】形容词 harmonious 和谐的
har·vest	/ˈhɑːvɪst/	n. 收获	gathering of crops: harvest crops	【同】gathering of crops【词根】harvest(秋天)→收获	
hat	/hæt/	n. 帽子	headwear: wear a hat	【联想】cap 帽子	
hatch	/hætʃ/	v. 孵化（蛋）	emerge from egg: hatch eggs	【词根】hatch(孵化)→孵化	
hate	/heɪt/	v. 憎恨	loathe: hate doing sth.	【联想】名词 hatred 仇恨
have	/hæv/	v. (had, had) 有 【同】POSSESS, own; COMPRISE, consist of, contain, include, be composed of; EAT, consume	possess: have breakfast		
he	/hiː/	pron. 他	male person: he is tall		
head	/hed/	n. 头	upper body part: shake one's head	【联想】headache, headline, headmaster	
head·ache	/ˈhedeɪk/	n. 头痛	pain in head: have a headache	【联想】head, ache	
head·line	/ˈhedlaɪn/	n. 标题	title: a newspaper headline	【联想】head, line	
head·mas·ter	/ˌhedˈmɑːstər/	n. 校长	principal: the school headmaster	【联想】head, master	
health	/helθ/	n. 健康	well-being: keep healthy	【联想】形容词 healthy 健康的
health·y	/ˈhelθi/	a. 健康的	fit: a healthy diet	【反】sick, ill 【联想】名词 health 健康
hear	/hɪər/	v. (heard, heard) 听见	perceive sound: hear a noise	【同】PERCEIVE sound 【联想】hearing 名词, ear
hear·ing	/ˈhɪərɪŋ/	n. 听力	ability to hear: a hearing problem	【联想】动词 hear 听见
heart	/hɑːt/	n. 心脏	bodily organ: heart disease		
heat	/hiːt/	n. 热量	warmth: feel the heat	【联想】hot	
heav·en	/ˈhevən/	n. 天堂	paradise: go to heaven	【词根】heaven(天)→天堂	
heav·y	/ˈhevi/	a. 重的	weighty: a heavy box	【反】light 【联想】heavily 副词, weight	
heel	/hiːl/	n. 脚跟	back of foot: high heels		
height	/haɪt/	n. 高度	measurement: the height of a building	【联想】high 形容词【词根】height(高)→高度	
hel·i·cop·ter	/ˈhelɪˌkɒptər/	n. 直升机	rotor aircraft: a rescue helicopter	【词根】helico(螺旋)+pter(翅膀)→直升机	
hello	/heˈləʊ/	int. 你好	greeting: say hello	【联想】hi 打招呼	
hel·met	/ˈhelmət/	n. 头盔	head protection: wear a helmet		
help	/help/	v. 帮助	assist: help sb. with sth.	【联想】形容词 helpful 有帮助的
help·ful	/ˈhelpfəl/	a. 有帮助的	useful: a helpful book	【联想】动词 help 帮助
hen	/hen/	n. 母鸡	female chicken: a white hen	【联想】cock 公鸡, chicken	
her	/hɜːr/	pron. 她的	belonging to her: her book	【同】belonging to her	
herb	/hɜːb/	n. 草药	medicinal plant: a kind of herb		
here	/hɪər/	ad. 这里	this place: come here	【反】there	
he·ro	/ˈhɪərəʊ/	n. 英雄	brave person: a national hero	【联想】heroine 女英雄, heroic【词根】hero(英雄)→英雄	
hers	/hɜːz/	pron. 她的	belonging to her: this book is hers	【同】belonging to her 【联想】her	
her·self	/hɜːˈself/	pron. 她自己	her own self: by herself	【联想】her, self	
hes·i·tate	/ˈhezɪteɪt/	v. 犹豫	pause: hesitate to do sth.	【词组】hesitate to do sth【词根】hes(粘)+-itate→粘住不动→犹豫 【联想】名词 hesitation 犹豫
hi	/haɪ/	int. 嗨	greeting: say hi	【联想】hello	
hide	/haɪd/	v. (hid, hidden) 隐藏 【同】conceal	conceal: hide and seek	【联想】过去分词 hidden 隐藏的
high	/haɪ/	a. 高的	tall: a high mountain	【反】low 【联想】height 名词, highly	
high·way	/ˈhaɪweɪ/	n. 高速公路	main road: drive on the highway	【联想】high, way	
hill	/hɪl/	n. 小山	small mountain: climb a hill	【同】a small mountain
him	/hɪm/	pron. 他	that male: tell him	【联想】his, himself	
him·self	/hɪmˈself/	pron. 他自己	his own self: himself alone	【联想】him, self	
hire	/haɪər/	v. 雇佣	employ: hire a car	【词组】for hire, hire a car	
his	/hɪz/	pron. 他的	belonging to him: his pen	【同】belonging to him 【联想】him	
his·to·ry	/ˈhɪstəri/	n. 历史	past events: history class	【联想】historical 形容词【词根】hist(知道)+-ory→历史	
hit	/hɪt/	v. (hit, hit) 击打	strike: hit the ball	【同】strike
hob·by	/ˈhɒbi/	n. 爱好	leisure activity: a new hobby	【同】leisure activity	
hold	/həʊld/	v. (held, held) 握住	grasp: hold a meeting	【同】grasp 【联想】过去式 held 举行(过去式)
hole	/həʊl/	n. 洞	opening: a big hole	【联想】形近 hollow 中空的
hol·i·day	/ˈhɒlədeɪ/	n. 假日	vacation: on holiday	【联想】holy 词源;同义 vacation 假期
ho·ly	/ˈhəʊli/	a. 圣洁的	sacred: a holy place	【联想】holiday 词源	
home	/həʊm/	n. 家	dwelling: go home	【联想】homeland, hometown, homework	
home·land	/ˈhəʊmlænd/	n. 祖国	native country: one's homeland	【联想】home, land	
hometown	/ˈhəʊmtaʊn/	n. 家乡	native place: my hometown	【联想】home, town	
home·work	/ˈhəʊmwɜːk/	n. 家庭作业	school assignments: do homework	【同】school assignments 【联想】home, work	
hon·est	/ˈɒnɪst/	a. 诚实的	truthful: an honest person	【反】dishonest 【联想】honesty 名词【词根】honest(荣誉)→诚实的	
hon·ey	/ˈhʌni/	n. 蜂蜜	sweet substance from bees: a jar of honey	【同】sweet substance from bees 【联想】bee 蜜蜂【词根】honey(蜜)→蜂蜜	
hon·or	/ˈɒnər/	n. 荣誉	respect: win honor	【同】respect 【联想】形容词 honorable 光荣的【词根】honor(荣誉)→荣誉【例句】It is a great honor to represent your country.
hon·our	/ˈɒnər/	n. 荣誉（英式拼写）	respect: in honour of	【联想】honor 美式【词根】honour(荣誉)→荣誉	
hook	/hʊk/	n. 钩子	curved tool: a fish hook		
hope	/həʊp/	v. 希望	wish: hope to do sth.	【反】despair 【联想】hopeful, hopeless 词族【词根】hope(希望)→希望	
hope·ful	/ˈhəʊpfəl/	a. 有希望的	optimistic: a hopeful future	【联想】hope【词根】hope(希望)+-ful→有希望的	
hope·less	/ˈhəʊpləs/	a. 没有希望的	desperate: a hopeless situation	【联想】hope【词根】hope(希望)+-less→绝望的	
hor·ri·ble	/ˈhɒrəbəl/	a. 可怕的	dreadful: a horrible accident	【联想】horror 名词【词根】horr(发抖)+-ible→可怕的	
horse	/hɔːs/	n. 马	animal: ride a horse		
hos·pi·tal	/ˈhɒspɪtəl/	n. 医院	medical center: go to hospital	【联想】hospitalize 动词【词根】hospit(客人)+-al→接待客人的地方→医院	
host	/həʊst/	n. 东道主	entertainer: a party host	【联想】hostess, guest 客人【词根】host(客人)→主人	
host·ess	/ˈhəʊstes/	n. 女主人	female host: a beautiful hostess	【联想】host【词根】host(主人)+-ess(女)→女主人	
hot	/hɒt/	a. 热的	high temperature: a hot day	【同】high temperature【反】cold 【联想】名词 heat 热量
hot dog	/ˈhɒt ˌdɒɡ/	n. 热狗	food item: eat a hot dog	【联想】hot, dog	
ho·tel	/həʊˈtel/	n. 酒店	lodging: stay in a hotel	【词根】hotel(旅馆)→酒店	
hour	/aʊər/	n. 小时	sixty minutes: an hour later	【联想】形容词 hourly 每小时的
house	/haʊs/	n. 房屋	building: a big house	【联想】housewife, housework 复合词	
house·wife	/ˈhaʊswaɪf/	n. 家庭主妇	homemaker: a busy housewife	【联想】house, wife	
house·work	/ˈhaʊswɜːk/	n. 家务	domestic chores: do housework	【联想】house, work	
how	/haʊ/	ad. 如何	in what way: how to do it		
how·ev·er	/ˌhaʊˈevər/	ad. 然而	nevertheless: however difficult	【联想】how, ever	
howl	/haʊl/	v. （ 狼, 狗）嚎叫	make wolf sound: a wolf howls		
hug	/hʌɡ/	v. 拥抱	embrace: give a hug	【联想】同义 embrace 拥抱
huge	/hjuːdʒ/	a. 巨大的	enormous: a huge building	【反】small, tiny	
hu·man	/ˈhjuːmən/	n. 人类	person: human beings	【反】animal 【联想】human being, humanity【词根】hum(土)+-an→人类	
human being	/ˈhjuːmən/	n. 人类	person: a kind human being	【联想】human	
humor	/ˈhjuːmər/	n. 幽默 • I really like Sam - he's got a great sense of humour.	wit: a sense of humor	【联想】humorous 形容词, humour 英式【词根】humor(体液)→幽默	
hu·mor·ist	/ˈhjuːmərɪst/	n. 幽默家	comic writer: a famous humorist	【联想】humor	
hu·mor·ous	/ˈhjuːmərəs/	a. 幽默的	amusing: a humorous story	【联想】humor 名词【词根】humor(幽默)+-ous→幽默的	
hu·mour	/ˈhjuːmər/	n. 幽默	amusement: British spelling of "humor"	【联想】humor 美式【词根】humour(体液)→幽默	
hun·dred	/ˈhʌndrəd/	num. 百	100: hundreds of people	【联想】thousand 千
hun·ger	/ˈhʌŋɡər/	n. 饥饿	need for food: die of hunger	【联想】hungry 形容词【词根】hunger(饥饿)→饥饿	
hun·gry	/ˈhʌŋɡri/	a. 饥饿的	needing food: be hungry	【反】full 【联想】hunger 名词【词根】hungr(饥饿)+-y→饥饿的	
hunt	/hʌnt/	v. 狩猎	chase for food: hunt for food	【联想】名词 hunter 猎人
hunt·er	/ˈhʌntər/	n. 猎人	person who hunts: a brave hunter	【同】person who hunts 【联想】动词 hunt 狩猎
hur·ri·cane	/ˈhʌrɪkən/	n. 飓风	violent storm: a strong hurricane	【同】storm【词根】hurrican(旋风)+-e 【联想】storm, typhoon 风暴	
hur·ry	/ˈhʌri/	v. 匆忙	rush: in a hurry	【同】BE QUICK, rush【词组】hurry up
hurt	/hɜːt/	v. (hurt, hurt) （ 使）感到疼痛，伤害 【同】BE PAINFUL, INJURE, wound, damage; cause pain	cause pain: hurt one's leg		
hus·band	/ˈhʌzbənd/	n. 丈夫	spouse: her husband	【反】wife 【联想】wife 妻子	
hy·dro·gen	/ˈhaɪdrədʒən/	n. 氢气	lightest gas: hydrogen energy	(符号 H) 【联想】oxygen 氧气【词根】hydro(水)+gen(产生)→氢	
I	/aɪ/	pron. 我	me		
ice	/aɪs/	n. 冰	frost: ice cube	【联想】ice cream, iceberg	
ice cream	/aɪs/	n. 冰淇淋	frozen sweet food: eat ice-cream	【同】frozen sweet food 【联想】ice, cream	
i·dea	/aɪˈdɪə/	n. 想法	thought: a good idea	【联想】ideal 形近【词根】idea(看)→想法	
i·den·ti·fi·ca·tion	/aɪˌdentɪfɪˈkeɪʃən/	n. 识别；鉴定；身份证明	ID	【联想】identify 动词【词根】ident(相同)+-ification→识别	
i·den·ti·ty	/aɪˈdentəti/	n. 身份	who someone is: identity card	who someone is 【联想】identify 动词【词根】ident(相同)+-ity→身份	
id·i·om	/ˈɪdiəm/	n. 成语	fixed phrase: an English idiom		
if	/ɪf/	conj. 如果	whether: if possible		
ig·nore	/ɪɡˈnɔːr/	v. 忽视，不理睬	disregard: ignore the problem	【词根】i-(不)+gnor(知道)+-e→不知道→忽视 【联想】ignorant, ignorance	
ill	/ɪl/	a. 生病的	sick: fall ill	【联想】名词 illness 疾病
il·le·gal	/ɪˈliːɡəl/	a. 非法的	unlawful: illegal behavior	【联想】legal 反义【词根】il-(不)+legal(法律)→非法的	
ill·ness	/ˈɪlnəs/	n. 疾病	disease: a serious illness	【联想】ill 形容词【词根】ill(病)+-ness(名词)→疾病	
i·ma·gine	/ɪˈmædʒɪn/	v. 想象	envision: imagine a world	【联想】imagination 名词, imaginary【词根】imag(形象)+-ine→想象	
im·me·di·ate	/ɪˈmiːdiət/	a. 立即的	instant: immediate action	【词根】im- 'not'+medi(中间)+-ate→没有中间间隔的→立即的 【联想】副词 immediately 立即
im·me·di·ate·ly	/ɪˈmiːdiətli/	ad. 立即	at once: leave immediately	【联想】immediate 形容词【词根】im-(不)+medi(中间)+-ately→没有间隔→立即	
im·mi·gra·tion	/ˌɪmɪˈɡreɪʃən/	n. 移民	moving to another country: immigration policy	【同】moving to another country 【联想】immigrate 动词【词根】im-(进入)+migr(迁移)+-ation→移入→移民	
im·port	/ɪmˈpɔːt/	v. 进口	bring in: import goods	【反】export 【联想】export 反义, port 词根【词根】im-(进入)+port(运)→进口	
im·por·tance	/ɪmˈpɔːtəns/	n. 重要性	significance: the importance of study	【联想】important 形容词【词根】im-(进入)+port(运)+-ance→重要	
im·por·tant	/ɪmˈpɔːtənt/	a. 重要的	significant: an important meeting	【同】SIGNIFICANT, consequential, momentous, of great import, major, critical, crucial, vital 【联想】importance 名词【词根】im-(进入)+port(运)+-ant→重要的	
im·pos·si·ble	/ɪmˈpɒsəbəl/	a. 不可能的	not possible: an impossible task	【联想】possible 反义【词根】im-(不)+possible(可能)→不可能	
im·press	/ɪmˈpres/	v. 给…留下印象	strike: impress sb. with sth.	【词组】be impressed with 【联想】impression 名词【词根】im-(进入)+press(压)→压入印象→给印象	
im·pres·sion	/ɪmˈpreʃən/	n. 印象	feeling: leave a good impression	【联想】impress 动词【词根】im-(进入)+press(压)+-ion→印象	
im·prove	/ɪmˈpruːv/	v. 改进	make better: improve one's English	【同】make better, become better 【联想】improvement 名词【词根】im-(使)+prove(利益)→改进	
in	/ɪn/	prep. 在…里面	inside: in the box	【反】out	
inch	/ɪntʃ/	n. 英寸	unit of length: an inch long		
in·ci·dent	/ˈɪnsɪdənt/	n. 事件	event: an accident incident	【联想】accident 同义【词根】in-(上)+cid(落)+-ent→突然落下的→事件	
in·clude	/ɪnˈkluːd/	v. 包括	contain: include sth. in	【反】exclude 【联想】including, exclude 反义【词根】in-(进入)+clud(关闭)→包含	
in·come	/ˈɪŋkʌm/	n. 收入	earnings: family income	【联想】come 词根, outcome【词根】in(进)+come(来)→收入	
in·crease	/ɪnˈkriːs/	v. 增加	grow: increase in price	【同】grow, rise. The price of fuel has increased by 5%【反】decrease 【联想】decrease 反义【词根】in-(加强)+crease(增长)→增加	
in·deed	/ɪnˈdiːd/	ad. 确实	truly: indeed it is	【词根】in(在)+deed(事实)→确实	
in·de·pen·dence	/ˌɪndɪˈpendəns/	n. 独立	self-rule: gain independence	【联想】depend, independent【词根】in-(不)+depend(依赖)+-ence→独立	
independent	/ˌɪndɪˈpendənt/	a. 独立的	self-governing: an independent country	【词根】in- 'not' 【联想】depend, independence	
In·di·a	/ˈɪndiə/	n. 印度	south asian country: visit India	【同】South Asian country 【联想】Indian	
In·di·an	/ˈɪndiən/	n. 印度人	from India: Indian food	【联想】India	
in·di·cate	/ˈɪndɪkeɪt/	v. 指示，指出	point out: indicate the way	【同】point out, show【词根】in- 'in'+dic(说)+-ate 【联想】indication, indicator	
in·dus·try	/ˈɪndəstri/	n. 工业	manufacturing: heavy industry	【联想】industrial 形容词【词根】in-(内)+dustr(建造)→工业	
in·fer	/ɪnˈfɜːr/	v. 推断	deduce: infer from the text	【同】deduce; conclude from evidence【词根】in- 'in'+fer(带) 【联想】名词 inference 推断
in·flu·ence	/ˈɪnfluəns/	v. & n. 影响	power to affect: have an influence on	【词根】in- 'in'+flu(流动)+-ence 【联想】形容词 influential 有影响力的
in·form	/ɪnˈfɔːm/	v. 通知	notify: inform sb. of sth.	【联想】information 名词【词根】in-(进入)+form(形式)→告知	
in·for·ma·tion	/ˌɪnfəˈmeɪʃən/	n. 信息	data: get information	【联想】inform 动词【词根】in-(进入)+form(形式)+-ation→信息	
i·ni·tial	/ɪˈnɪʃəl/	a. 初始的	first: initial stage	【反】final【词根】init(开始)+-ial(…的) 【联想】副词 initially 最初
in·jure	/ˈɪndʒər/	v. 伤害	hurt: injure one's arm	【同】HURT, wound, damage, harm 【联想】injury 名词【词根】in-(不)+jure(法律)→伤害	
in·ju·ry	/ˈɪndʒəri/	n. 伤害；损伤	wound	【联想】injure 动词【词根】in-(不)+jur(法)+-y→伤害	
ink	/ɪŋk/	n. 墨水	writing liquid: a bottle of ink		
inn	/ɪn/	n. 小旅馆	pub: a small inn		
in·no·cent	/ˈɪnəsənt/	a. 清白的	not guilty: an innocent child	【联想】innocence 名词【词根】in-(不)+noc(伤害)+-ent→不伤害的→无辜的	
in·sect	/ˈɪnsekt/	n. 昆虫	small bug: a harmful insect	【同】an animal【词根】in- 'in'+sect(切)→身体切成段的→昆虫	
in·sert	/ɪnˈsɜːt/	v. 插入	put in: insert a coin	【同】put【词根】in-(进入)+sert(连接)→插入	
in·side	/ɪnˈsaɪd/	prep. 在里面	within: inside the room	【联想】side,反义 outside 在外面
in·sist	/ɪnˈsɪst/	v. 坚持	demand firmly: insist on doing sth.	【词根】in- 'in'+sist(站) 【联想】名词 insistence 坚持【搭配】insist on (doing) something
in·spect	/ɪnˈspekt/	v. 检查	examine: inspect the goods	【同】examine【词根】in- 'in'+spect(看) 【联想】inspection 名词, inspector	
in·spire	/ɪnˈspaɪər/	v. 激励，启示	encourage: inspire sb. to do sth.	【同】encourage【词根】in- 'in'+spire(呼吸)→吸入灵气→激励 【联想】名词 inspiration 灵感
in·stant	/ˈɪnstənt/	a. & n. 立即的；瞬间	immediate: instant coffee	【同】IMMEDIATE 【词根】in- 'in'+st(站)+-ant(…的) 【联想】副词 instantly 立即
in·stead	/ɪnˈsted/	ad. 代替	in place of: instead of	【词根】in(在)+stead(位置)→代替
in·sti·tute	/ˈɪnstɪtʃuːt/	n. 机构；学院	organization: a research institute	【词根】in- 'in'+stitut(建立)+-e→建立的组织→学院 【联想】名词 institution 机构
in·sti·tu·tion	/ˌɪnstɪˈtʃuːʃən/	n. 机构	organization: an educational institution	【联想】institute【词根】in-(建立)+stitut(站立)+-ion→建立的组织→机构
in·struct	/ɪnˈstrʌkt/	v. 指导	direct: instruct sb. to do sth.	【同】order, direct, command 【词根】in- 'in'+struct(建造) 【联想】名词 instruction 指令
in·struc·tion	/ɪnˈstrʌkʃən/	n. 指令	order: follow the instructions	【同】order, command 【联想】instruct 动词【词根】in-(进入)+struct(建造)+-ion→传授建造→教导	
in·stru·ment	/ˈɪnstrəmənt/	n. 乐器，仪器	tool: a musical instrument	【词根】in- 'in'+stru(建造)+-ment→工具	
in·sur·ance	/ɪnˈʃɔːrəns, ɪnˈʃʊərəns/	n. 保险	coverage: buy insurance	【联想】insure 动词【词根】in-(使)+sur(安全)+-ance→保险	
in·sure	/ɪnˈʃɔːr/	v. 投保	buy insurance: insure a car	【联想】insurance 名词【词根】in-(使)+sure(确定)→投保	
in·tel·li·gence	/ɪnˈtelɪdʒəns/	n. 智力	mental ability: artificial intelligence	【词根】intel-(在中间)+lig(选)+-ence→辨别能力→智力 【联想】形容词 intelligent 聪明的
in·tel·li·gent	/ɪnˈtelɪdʒənt/	a. 聪明的	clever: an intelligent student	【同】clever, smart, bright, brilliant【词根】intel-(在中间)+lig(选)+-ent→有辨别力的→聪明的 【联想】名词 intelligence 智力
in·tend	/ɪnˈtend/	v. 打算	plan: intend to do sth.	【联想】intention 名词【词根】in-(进入)+tend(伸)→伸向→打算	
in·ten·tion	/ɪnˈtenʃən/	n. 意图	purpose: with the intention of	【同】AIM, purpose, intent, objective, object, goal, target 【联想】intend 动词【词根】in-(进入)+tent(伸)+-ion→意图	
in·terest	/ˈɪntrest/	n. 兴趣	curiosity: show interest in	【联想】interested, interesting 词族	
in·terest·ed	/ˈɪntrestɪd/	a. 感兴趣的	curious: be interested in	【联想】interest 名词【词根】inter-(之间)+est(存在)+-ed→兴趣所在→感兴趣的
in·terest·ing	/ˈɪntrestɪŋ/	a. 有趣的	fascinating: an interesting book	【反】boring, dull 【联想】interest【词根】inter-(之间)+est(存在)+-ing→有趣的	
in·ter·na·tion·al	/ˌɪntəˈnæʃənəl/	a. 国际的	global: international trade	【联想】nation, national【词根】inter-(之间)+national(国家的)→国际的	
In·ter·net	/ˈɪntənet/	n. 互联网	web: surf the Internet	【联想】net, web	
in·ter·pret·er	/ɪnˈtɜːprətər/	n. 口译	translator: a professional interpreter	【同】translator 【联想】interpret 动词, translator【词根】inter-(之间)+pret(解释)+-er(人)→口译员	
in·ter·rupt	/ˌɪntəˈrʌpt/	v. 打断	break: interrupt sb.	【同】break 【词根】inter- 'between'+rupt(打破)→打断 【联想】名词 interruption 打断
in·ter·val	/ˈɪntəvəl/	n. 间隔	gap: at intervals	【词根】inter- 'between'+val(墙)→间隔 【同】gap, pause	
in·ter·view	/ˈɪntəvjuː/	n. 采访	meeting: have an interview	【联想】interviewer, interviewee【词根】inter-(之间)+view(看)→互相看→采访	
in·to	/ˈɪntuː/	prep. 进入	toward inside: go into the		
in·tro·duce	/ˌɪntrəˈdʒuːs/	v. 介绍	present: introduce new ideas	【联想】introduction 名词【词根】intro-(进入)+duce(引导)→引入→介绍	
in·tro·duc·tion	/ˌɪntrəˈdʌkʃən/	n. 引言	preface: make an introduction	【联想】introduce 动词【词根】intro-(进入)+duct(引导)+-ion→介绍	
in·vent	/ɪnˈvent/	v. 发明	create: invent a machine	【同】create创造【词根】in- 'in'+vent(来) 【联想】invention 名词, inventor	
in·ven·tion	/ɪnˈvenʃən/	n. 发明	creation: a great invention	【联想】invent 动词【词根】in-(进入)+vent(来)+-ion→想出来→发明	
in·vi·ta·tion	/ˌɪnvɪˈteɪʃən/	n. 邀请	request to attend: send an invitation	【同】request to attend 【联想】invite 动词【词根】in-(进入)+vit(邀请)+-ation→邀请	
in·vite	/ɪnˈvaɪt/	v. 邀请	ask: invite friends	【联想】invitation 名词【词根】in-(进入)+vite(邀请)→邀请	
i·ron	/aɪən/	n. 铁	a metal: iron clothes		
ir·ri·gate	/ˈɪrɪɡeɪt/	v. 灌溉	supply water to crops: irrigate fields	【同】water; supply water to crops 【联想】irrigation 名词【词根】ir-(进入)+rig(浇灌)+-ate→灌溉	
irrigation	/ˌɪrɪˈɡeɪʃən/	n. 灌溉	watering: the process of irrigation	【联想】irrigate 动词【词根】ir-(进入)+rig(浇灌)+-ation→灌溉	
is·land	/ˈaɪlənd/	n. 岛屿	isle: a small island	【联想】同义 isle 小岛
it	/ɪt/	pron. 它	that thing: it is sunny		
its	/ɪts/	pron. 它的	belonging to it: its color	【联想】it	
it·self	/ɪtˈself/	pron. 它自己	its own self: itself a mystery	【联想】it, self	
jack·et	/ˈdʒækɪt/	n. 夹克	short coat: wear a jacket	【联想】coat 外套	
jam	/dʒæm/	n. 果酱 • strawberry jam	preserve: a jar of jam		
Jan·u·a·ry	/ˈdʒænjuəri/	n. 一月	first month: in January	【联想】月份词	
Japan	/dʒəˈpæn/	n. 日本	east asian country: visit Japan	【同】East Asian country 【联想】Japanese	
Jap·a·nese	/ˌdʒæpənˈiːz/	n. 日本的	from Japan: Japanese culture	【联想】Japan	
jar	/dʒɑːr/	n. 罐子 • a jar of marmalade	container: a glass jar		
jaw	/dʒɔː/	n. 颚	mouth bone: open one's jaw		
jazz	/dʒæz/	n. 爵士乐	jazz music: listen to jazz	【联想】music 音乐	
jeans	/dʒiːnz/	n. 牛仔裤 • He was wearing an old pair of jeans.	denim pants: a pair of jeans		
Jeep	/dʒiːp/	n. 吉普车	off-road vehicle: drive a jeep	【同】off-road vehicle	
jet	/dʒet/	n. 喷气式飞机 • He has his own private jet.	jet plane: a jet plane		
jew·el·lery	/ˈdʒuːəlri/	n. 珠宝	ornaments	（英式拼写） 【联想】jewel 宝石	
jewelry	/ˈdʒuːəlri/	n. 珠宝	ornaments	（美式拼写: buy jewelry） 【联想】jewel 宝石	
job	/dʒɒb/	n. 工作	work: get a job		
jog	/dʒɒɡ/	v. 慢跑	run slowly	（锻炼: jog in the park） run slowly, especially for exercise 【联想】running,同义 run 跑
join	/dʒɔɪn/	v. 加入	become a member: join a club	【联想】名词 joint 关节
joke	/dʒəʊk/	n. 笑话	funny story: tell a joke	【联想】funny, humor 幽默	
jour·nal·ist	/ˈdʒɜːnəlɪst/	n. 记者	reporter: a good journalist	【联想】journal 名词, journalism【词根】journ(日)+-alist→记者	
jour·ney	/ˈdʒɜːni/	n. 旅行	trip: a long journey	【联想】trip, travel 同义【词根】journ(日)+-ey→旅程	
joy	/dʒɔɪ/	n. 快乐	pleasure: feel joy	【同】pleasure, happiness 【联想】joyful 形容词【词根】joy(快乐)→欢乐	
judge	/dʒʌdʒ/	n. 法官	court official: judge a case	v.判断 【联想】judgement 名词【词根】judge(判断)→法官	
judgement	/ˈdʒʌdʒmənt/	n. 判断；裁判；审判	verdict	（英式拼写: make a judgement） 【联想】judge 动词【词根】judge(判断)+-ment→判断	
judg·ment	/ˈdʒʌdʒmənt/	n. 判断	verdict	（美式拼写） 【联想】judge 动词【词根】judge(判断)+-ment→判断	
juice	/dʒuːs/	n. 果汁	fruit drink: a glass of juice		
Ju·ly	/dʒuˈlaɪ/	n. 七月	seventh month: in July	【联想】月份词	
jump	/dʒʌmp/	v. 跳跃	leap: jump high		
June	/dʒuːn/	n. 六月	jun: in June	【同】Jun 【联想】月份词	
jun·gle	/ˈdʒʌŋɡəl/	n. 丛林	rainforest: explore the jungle	【联想】forest 森林	
junior	/ˈdʒuːniər/	a. 年轻的	younger: a junior student	【反】 senior 【联想】反义 senior 年长的
just	/dʒʌst/	ad. 仅仅，刚才	merely: just right		
jus·tice	/ˈdʒʌstɪs/	n. 正义	fairness: seek justice	【词根】just(公正)+-ice(名词) 【联想】just 词根, judge	
kan·ga·roo	/ˌkæŋɡərˈuː/	n. 袋鼠	marsupial: a kangaroo jumps		
keep	/kiːp/	v. (kept, kept) 保持，保留 【同】retain, continue. Keep calm and try not to worry	retain: keep a pet	【联想】过去式 kept 保持(过去式)
ket·tle	/ˈketəl/	n. 水壶	pot for boiling: a kettle for water		
key	/kiː/	n. 钥匙	lock opener: a key to the door	【联想】keyboard 键盘	
key·board	/ˈkiːbɔːd/	n. 键盘	set of keys for typing: type on the keyboard	【同】set of keys for typing 【联想】key, board【词根】key(键)+board(板)→键盘	
kick	/kɪk/	v. 踢	strike with foot: kick a ball	【同】strike with foot【词组】kick the ball
kid	/kɪd/	n. 孩子	child: a cute kid	【联想】同义 child 孩子
kill	/kɪl/	v. 杀死	slay: kill a fly	【联想】名词 killer 杀手
ki·lo	/ˈkiːləʊ/	n. 千克	kilogram: a kilo of apples	【联想】kilogram 千克	
kil·o·gram	/ˈkɪləɡræm/	n. 千克	1000 grams: a kilogram of rice	【联想】kilo, gram	
kilometer	/ˈkɪləˌmiːtər/	n. 千米	1000 meters: a kilometer away	【词根】kilo(千)+meter(米) 【联想】kilo, meter	
kil·o·me·tre	/ˈkɪləˌmiːtər/	n. 千米；公里	1000 meters	【联想】kilo, metre	
kind	/kaɪnd/	n. 种类 a. 和蔼的	type: a kind person	【反】cruel, unkind 【联想】名词 kindness 善良【例句】What kind of music do you like?
kin·der·gar·ten	/ˈkɪndəˌɡɑːtən/	n. 幼儿园	nursery school: go to kindergarten	【联想】kid, garden 儿童花园【词根】kinder(儿童)+garten(花园)→幼儿园【词源】德语音译
kind·ness	/ˈkaɪndnəs/	n. 善良	warmth: show kindness	【联想】kind【词根】kind(善良)+-ness→善良	
king	/kɪŋ/	n. 国王	ruler: a king's crown	【联想】kingdom 王国	
king·dom	/ˈkɪŋdəm/	n. 王国	country ruled by king: a kingdom of fairies	【同】country ruled by king 【联想】king【词根】king(王)+-dom(领域)→王国	
kiss	/kɪs/	v. 亲吻	peck: kiss on the cheek		
kitch·en	/ˈkɪtʃən/	n. 厨房	a room: in the kitchen		
kite	/kaɪt/	n. 风筝	toy flier: fly a kite		
knee	/niː/	n. 膝盖	leg joint: bend one's knee		
knife	/naɪf/	n. (pl. knives) 刀	cutting tool: use a knife	【同】blade
knock	/nɒk/	v. 敲击（门）	tap: knock on the door		
know	/nəʊ/	v. (knew, known) 知道	be aware of: know the answer	【联想】名词 knowledge 知识, known 过去分词	
knowl·edge	/ˈnɒlɪdʒ/	n. 知识	understanding: gain knowledge	【同】information, understanding 【联想】know 动词【词根】know(知道)+-ledge→知识	
lab	/læb/	n. 实验室	laboratory: in the lab	【联想】laboratory 全写【词根】labor(劳动)缩写→实验室	
la·bor	/ˈleɪbər/	n. 劳动	work: do some labor	【联想】laboratory 词根【词根】labor(劳动)→劳动	
la·bor·a·tory	/ləˈbɒrətəri/	n. 实验室	lab	【词根】labor(劳动)+-atory(地方)→劳动的地方→实验室 【联想】缩写 lab 实验室
labour	/ˈleɪbər/	n. 劳动；劳工	work	（英式拼写） 【联想】labor 美式【词根】labour(劳动)→劳动	
lack	/læk/	v. & n. 缺乏	shortage: lack of money	【同】shortage, deficiency, absence【词组】lack of, be lacking in【词根】lack(缺少)→缺乏	
lad·der	/ˈlædər/	n. 梯子 🪜	climbing steps: climb a ladder		
la·dy	/ˈleɪdi/	n. 女士	gentleman: a beautiful lady	【反】gentleman 【联想】gentleman 对比	
lake	/leɪk/	n. 湖泊	pond: by the lake		
lamb	/læm/	n. 羔羊	young sheep: a little lamb	【联想】sheep 绵羊	
lame	/leɪm/	a. 瘸的	crippled: a lame duck		
lamp	/læmp/	n. 灯	light: turn on the lamp	【联想】形近 lantern 灯笼
land	/lænd/	n. 陆地	ground: land on the moon	【同】GROUNDS, fields【反】sea, water 【联想】landlord, mainland	
lan·guage	/ˈlæŋɡwɪdʒ/	n. 语言	tongue: a foreign language	【词根】lang(舌头)+-uage→语言	
lan·tern	/ˈlæntən/	n. 灯笼	lamp: a paper lantern	【同】lamp 【联想】lamp 灯	
lap	/læp/	n. 大腿	thighs: sit on one's lap		
large	/lɑːdʒ/	a. 大的	big: a large house	【同】BIG, great, huge 【反】small 【联想】动词 enlarge 扩大
last	/lɑːst/	a. 最后的 v. 持续	final: the last page		
late	/leɪt/	a. 晚的	tardy: arrive late	【反】 early 【联想】later, latest 词族	
late·ly	/ˈleɪtli/	ad. 最近	recently: lately I'm busy	【联想】late 最近【词根】late(晚)+-ly→最近	
lat·er	/ˈleɪtər/	ad. 后来	subsequently: see you later	【同】SUBSEQUENTLY 【反】earlier, ago, before 【联想】late	
lat·ter	/ˈlætər/	a. 后者的	second: the latter option	【联想】former 对比【词根】latter(后)→后者	
laugh	/lɑːf/	v. 笑	chuckle: laugh out loud	【同】chuckle, giggle, snigger/snicker, be in stitches【反】cry 【联想】名词 laughter 笑声
laugh·ter	/ˈlɑːftər/	n. 笑声	amusement: burst into laughter	【联想】laugh 动词【词根】laugh(笑)+-ter→笑声	
laun·dry	/ˈlɔːndri/	n. 洗衣	clothes washing: do the laundry	【同】WASHING【词根】laund(洗)+-ry(地方)→洗衣店	
law	/lɔː/	n. 法律	rule: obey the law	【联想】lawyer 名词, lawful	
law·yer	/ˈlɔɪər/	n. 律师	legal professional: hire a lawyer	【同】attorney, solicitor; legal professional 【联想】law【词根】law(法律)+-yer(人)→律师	
lay	/leɪ/	v. (laid, laid) 放置	put: lay the table	【同】put 【联想】过去式 laid 放置(过去式)
la·zy	/ˈleɪzi/	a. 懒惰的	industrious: a lazy cat	【反】industrious 【联想】名词 laziness 懒惰
lead	/liːd/	v. (led, led) 领导	guide: lead the way	【同】GUIDE 【反】follow 【联想】名词 leader 领导者
lead·er	/ˈliːdər/	n. 领导者	chief: a great leader	【联想】动词 lead 领导
leaf	/liːf/	n. (pl. leaves) 叶子	foliage: a fallen leaf	【同】foliage 【联想】复数 leaves 叶子(复数)
league	/liːɡ/	n. 联盟	group: join a league	【同】group, alliance	
leak	/liːk/	v. & n. 泄漏	escape of liquid/gas: a leak in the roof	【同】escape of liquid/gas	
learn	/lɜːn/	v. (learnt or learned) 学习	study: learn a language	【同】study 【联想】名词 learner 学习者
least	/liːst/	a. 最少	minimal: at least	【反】most【词组】at least至少 【联想】little 最高级, less	
leath·er	/ˈleðər/	n. 皮革 • a leather bag	hide: a leather bag		
leave	/liːv/	v. (left, left) 离开	depart: leave a message	【反】arrive 【联想】过去式 left 左边
lec·ture	/ˈlektʃər/	n. 讲座	talk: attend a lecture	【同】speech【词组】give/deliver a lecture, attend a lecture 【联想】lecturer 名词【词根】lect(读)+-ure→讲座	
left	/left/	a. 左边	left side: turn left		
leg	/leɡ/	n. 腿	limb: a broken leg		
le·gal	/ˈliːɡəl/	a. 合法的	lawful: legal rights	【联想】illegal 反义【词根】leg(法律)+-al→合法的	
lem·on	/ˈlemən/	n. 柠檬	citrus fruit: a lemon tree	【联想】lemonade 柠檬水	
lem·on·ade	/ˌleməˈneɪd/	n. 柠檬水	lemon drink: a glass of lemonade	【联想】lemon	
lend	/lend/	v. (lent, lent) 借出	give temporarily: lend a book	【同】loan 【反】borrow 【联想】borrow 反义, lent
length	/leŋθ/	n. 长度	how long: the length of a rope	how long 【联想】long 形容词【词根】length(长)→长度	
less	/les/	a. 较少的	more: less water	【反】more 【联想】最高级 least 最少
les·son	/ˈlesən/	n. 课程	class. have/take lessons: a math lesson	【同】class. have/take lessons 【联想】learn 词根【词根】less(读)+-on→功课	
let	/let/	v. (let, let) 让 【同】ALLOW, permit, enable	allow: let me in		
let·ter	/ˈletər/	n. 信件；字母	character: write a letter		
lev·el	/ˈlevəl/	n. 水平，水平面	degree: a high level		
lib·e·rate	/ˈlɪbəreɪt/	v. 解放	free: liberate the slaves	【同】free, release 【词根】liber(自由)+-ate(使) 【联想】liberty 名词, liberation	
liberation	/ˌlɪbərˈeɪʃən/	n. 解放	freeing: the liberation of a city	【同】FREEING, release 【联想】liberate 动词【词根】liber(自由)+-ation→解放	
lib·er·ty	/ˈlɪbəti/	n. 自由	freedom: fight for liberty	【同】FREEDOM【词根】liber(自由)+-ty 【联想】liberate, freedom	
li·brar·i·an	/laɪˈbreəriən/	n. 图书管理员	book keeper: a librarian at work	【联想】library 图书馆【词根】libr(书)+-arian(人)→图书管理员	
li·bra·ry	/ˈlaɪbrəri/	n. 图书馆	building of books: go to the library	【同】building of books 【联想】librarian【词根】libr(书)+-ary(地方)→图书馆	
li·cense	/ˈlaɪsəns/	n. 许可证	permit: get a license	【词根】lic(允许)+-ense→执照	
lid	/lɪd/	n. 盖子	cover: put on the lid		
lie	/laɪ/	v. (lay, lain, lying) 躺；(lied, lied, lying) 说谎 n. 谎言	recline: lie on the bed	【同】recline 【联想】lied 说谎过去式
life	/laɪf/	n. (pl. lives) 生命	existence: a happy life	【同】existence 【联想】lifetime, living, live
life·time	/ˈlaɪftaɪm/	n. 一生	life span: a lifetime achievement	【联想】life, time	
lift	/lɪft/	v. 举起，提升 【同】RAISE, hoist, heave, haul up. n. 电梯 【同】elevator	raise: lift a box	【联想】同义 elevator 电梯
light	/laɪt/	n. 光	illumination: turn on the light	【联想】lightning 形近, lighten	
light·ning	/ˈlaɪtnɪŋ/	n. 闪电	electrical flash: a flash of lightning	【同】electrical flash 【联想】形近 light 光
like	/laɪk/	v. 喜欢 【同】BE FOND OF. prep. 像 【同】SIMILAR TO, the same as, identical to	be fond of; similar to: like ice cream	【联想】likely, alike 词族	
like·ly	/ˈlaɪkli/	a. 可能的	probable: likely to happen	be likely to, 【同】probably 【联想】like【词根】like(相似)+-ly→可能的	
lim·it	/ˈlɪmɪt/	n. 限制 v. 限制	boundary: set a limit	【同】restrict 【联想】limitation 名词【词根】limit(界限)→限制	
line	/laɪn/	n. 线	stripe: draw a line	【联想】underline, linear【词根】line(线)→线	
link	/lɪŋk/	n. & v. 链接	connection: link the two ideas	【同】CONNECTION【词根】link(连接)→连接	
li·on	/ˈlaɪən/	n. 狮子	big wild cat: a wild lion		
lip	/lɪp/	n. 嘴唇	edge of mouth: one's lips	【联想】 mouth 嘴	
liq·uid	/ˈlɪkwɪd/	n. 液体	fluid: a liquid state	【同】fluid, not solid/gas【词根】liqu(流动)+-id→液体	
list	/lɪst/	n. 列表	catalog: make a list		
lis·ten	/ˈlɪsən/	v. 听(+to)	hear: listen to music	【同】hear 【联想】名词 listener 听众
li·ter	/ˈliːtər/	n. 升	litre: a liter of milk	【联想】litre 英式【词根】liter(升)→升	
lit·e·ra·ry	/ˈlɪtərəri/	a. 文学的	of literature: a literary work	【词根】liter(文字)+-ary(…的) 【联想】名词 literature 文学
lit·e·ra·ture	/ˈlɪtrətʃər/	n. 文学	written works: study literature	【同】written works【词根】liter(文字)+-ature(名词) 【联想】形容词 literary 文学的
li·tre	/ˈliːtər/	n. 升	litre	【联想】liter 美式	
lit·ter	/ˈlɪtər/	n. 垃圾	rubbish: litter on the ground		
lit·tle	/ˈlɪtəl/	a. (less, least) 小的	small: a little boy	【同】small
live	/lɪv/	v. 生活	exist: live in a house	【联想】lively, living, alive	
live·ly	/ˈlaɪvli/	a. 生动的	vibrant: a lively party	【联想】live	
liv·ing	/ˈlɪvɪŋ/	n. 生活	way of life	【联想】live, life	
living room	/ˈlɪvɪŋ ruːm/	n. 客厅	sitting room	【联想】living, room	
load	/ləʊd/	v. n. 负载	burden: load the truck	v.装载 【联想】download, unload	
loaf	/ləʊf/	n. 一条（面包）	shaped mass of bread: a loaf of bread	a loaf of bread. 【同】shaped mass of bread	
lo·cal	/ˈləʊkəl/	a. 当地的	nearby: a local restaurant	【联想】locality 名词【词根】loc(地方)+-al→当地的	
lock	/lɒk/	n. & v. 锁	fasten: lock the door	【联想】反义 unlock 解锁
lone·ly	/ˈləʊnli/	a. 孤独的	solitary: feel lonely	【联想】alone 同义【词根】lone(单独)+-ly→孤独的	
long	/lɒŋ/	a. 长的	not short: long hair	【联想】名词 length 长度
look	/lʊk/	v. 看	gaze: look at the picture	【联想】see, watch 同义
loose	/luːs/	a. 松散的	not tight: a loose shirt	【联想】lose 形近; tight 反义【词根】loose(松)→松的	
lor·ry	/ˈlɒri/	n. 卡车	truck: a big lorry	=truck（美） =truck（美） 【联想】同义 truck 卡车
lose	/luːz/	v. (lost, lost) 失去	fail to keep: lose a game	【同】misplace 【反】win 【联想】loss 名词, lost【词根】lose(失去)→失去
loss	/lɒs/	n. 损失. 是 lose 的名词	deprivation: suffer a loss	【联想】lose 动词【词根】loss(失去)→损失	
lot	/lɒt/	n. 许多	many: a lot of books	【词组】 lots of 【同】a large number of	
loud	/laʊd/	a. 大声的	not quiet: speak loud	【反】quiet 【联想】aloud, loudly 词族	
lounge	/laʊndʒ/	n. 休息室	a sitting room: in the lounge	【同】a sitting room	
love	/lʌv/	vt. & n. 爱	adore: love one's family	【反】hate 【联想】形容词 lovely 可爱的
love·ly	/ˈlʌvli/	a. 可爱的	beautiful: a lovely flower	【同】BEAUTIFUL, pretty, attractive, good-looking 【联想】love	
low	/ləʊ/	a. 低的	not high高的: a low voice	【反】high 【联想】动词 lower 降低
luck	/lʌk/	n. 运气	fortune: good luck	【联想】lucky 形容词【词根】luck(运气)→运气	
luck·y	/ˈlʌki/	a. 幸运的	fortunate: a lucky day	【反】unlucky 【联想】luck 名词, unlucky【词根】luck(运气)+-y→幸运的	
lug·gage	/ˈlʌɡɪdʒ/	n. 行李	baggage: carry luggage	【联想】baggage 同义【词根】lugg(提)+-age→行李	
lunch	/lʌntʃ/	n. 午餐	midday meal: have lunch	【联想】breakfast, dinner 三餐
lung	/lʌŋ/	n. 肺	breathing organ	【词根】lung(肺)→肺	
ma·chine	/məˈʃiːn/	n. 机器	device: a washing machine	【联想】machinery 机械【词根】mach(机械)+-ine→机器	
mad	/mæd/	a. 疯狂的	insane: go mad	【同】crazy, insane. be mad at 【联想】名词 madness 疯狂
mad·am	/ˈmædəm/	n. 女士，夫人	madam: Dear madam	【联想】Madame, sir	
Mad·ame	/ˈmædəm/	n. 夫人；女士	Mrs	【联想】madam, Mrs	
mag·a·zine	/ˌmæɡəˈziːn/	n. 杂志	journal: read a magazine	【词根】magaz(仓库)+-ine→杂志	
ma·gic	/ˈmædʒɪk/	a. & n. 有魔力的；魔术的；神奇的	supernatural power	【联想】magician 魔术师【词根】mag(大)+-ic→魔术	
maid	/meɪd/	n. 女仆	servant: a maid servant		
mail	/meɪl/	n. 邮件	post: send mail	【联想】e-mail, mailbox, post	
mail·box	/ˈmeɪlbɒks/	n. 邮箱	post box: a mailbox on the street	【联想】mail, box	
main	/meɪn/	a. 主要的	primary: the main idea	【同】most important, major 【联想】mainly 副词, mainland	
main·land	/ˈmeɪnlænd/	n. 大陆	continent: the mainland of China	【联想】main, land	
ma·jor	/ˈmeɪdʒər/	a. 主要的	main: a major problem	【反】minor 【联想】majority 名词【词根】maj(大)+-or→主要的【搭配】major in history
ma·jor·i·ty	/məˈdʒɒrəti/	n. 多数	most of: the majority of people	【同】most of【词根】major(主要)+-ity(名词) 【联想】形容词 major 主要的
make	/meɪk/	v. (made, made) 制造 【同】build, produce, cause	build: make a cake		
male	/meɪl/	a. 男性	female: a male teacher	【反】female 【联想】female 反义【词根】male(男)→男性	
man	/mæn/	n. (pl. men) 男人	adult male: a strong man	【同】adult male 【联想】mankind, 复数 men
man·age	/ˈmænɪdʒ/	v. 管理	supervise: manage a company	【词组】manage to do设法做到 【联想】manager 名词, management【词根】man(手)+-age→管理	
man·ag·er	/ˈmænɪdʒər/	n. 经理	supervisor: a company manager	【联想】manage 动词【词根】man(手)+-ager→经理	
man·kind	/mænˈkaɪnd/	n. 人类	human beings: mankind's progress	【联想】man, kind【词根】man(人)+kind(类)→人类	
man·ner	/ˈmænər/	n. 方式	way: in a polite manner	【词根】manner(手→方式)→方式	
man·y	/ˈmeni/	a. (more, most) 许多	numerous: many books	【同】NUMEROUS, a lot of, plenty of【反】few	
map	/mæp/	n. 地图	chart: draw a map		
ma·ple	/ˈmeɪpəl/	n. 枫树	tree with syrup: a maple tree		
mar·a·thon	/ˈmærəθən/	n. 马拉松	long race: run a marathon		
mar·ble	/ˈmɑːbəl/	n. 大理石	stone: a marble statue		
March	/mɑːtʃ/	n. 三月	third month: in March	【同】Mar	
march	/mɑːtʃ/	v. 行军	walk in step: march forward		
mark	/mɑːk/	n. 标记	symbol: make a mark	【词根】mark(标记)→标记	
mar·ket	/ˈmɑːkɪt/	n. 市场	marketplace: go to the market	【联想】supermarket 超市【词根】mark(交易)+-et→市场	
mar·riage	/ˈmærɪdʒ/	n. 婚姻	wedlock: a happy marriage	【联想】marry 动词【词根】marri(结婚)+-age→婚姻	
mar·ry	/ˈmæri/	v. 结婚	wed: marry someone	【联想】marriage 名词, married【词根】marri(结婚)→结婚	
mask	/mɑːsk/	n. 面具	disguise: wear a mask	【同】disguise【词根】mask(面具)→面具	
mass	/mæs/	n. 大量	large amount: a mass of people	【联想】massive 形容词【词根】mass(团)→大量
mas·ter	/ˈmɑːstər/	n. 大师，主人	expert: master a skill	【反】servant 【联想】headmaster, masterpiece【词根】master(主人)→掌握	
mat	/mæt/	n. 地垫；垫子	doormat: a table mat	【同】DOORMAT, table mat	
match	/mætʃ/	n. 比赛 v. 匹配	contest: a football match	【联想】match 比赛	
ma·te·ri·al	/məˈtɪəriəl/	n. 材料	substance: building materials	【联想】matter 词根【词根】mater(物质)+-ial→材料	
math	/ˌmæθˈmætɪks/	n. 数学	mathematics: study math	【同】mathematics 【联想】mathematics 全写	
math·e·mat·ics	/ˌmæθˈmætɪks/	n. 数学	math	【联想】math/maths	
maths	/mæθs/	n. 数学	mathematics	（非正式） 【联想】math, mathematics	
mat·ter	/ˈmætər/	n. 事情，问题	affair: a matter of fact	【同】substance, material. no matter how/where/what etc. as a matter of fact. it matters/doesn't matter (to someone). What's the matter? 【联想】material【词根】matter(物质)→事情	
ma·ture	/məˈtʃʊər/	a. 成熟的	ripe: mature fruit	【联想】immature 反义, maturity【词根】matur(成熟)+-e→成熟的	
max·i·mum	/ˈmæksɪməm/	n. 最大值	greatest: the maximum speed	【联想】minimum 反义【词根】max(最大)+-imum→最大值	
May	/meɪ/	n. 五月	fifth month: in May	【联想】月份词	
may	/meɪ/	v. 可以	might: may I come in	【联想】过去式 might 可能
may·be	/ˈmeɪbi/	ad. 或许	perhaps(英): maybe it's true	【联想】may, perhaps	
me	/miː/	pron. 我	myself: give me a hand		
meal	/mɪəl/	n. 餐	dinner: a big meal		
mean	/miːn/	v. (meant, meant) 意思	signify: mean a lot	【同】signify 【联想】meaning 名词, means
mean·ing	/ˈmiːnɪŋ/	n. 意义	definition: the meaning of a word	【联想】动词 mean 意思【词根】mean(意思)+-ing(名词)
means	/miːnz/	n. 方法	method: by all means	【同】METHOD, way 【联想】mean【词根】mean(中间)+-s→手段	
mean·while	/ˈmiːnwaɪl/	ad. 与此同时	in the meanwhile: meanwhile I'll wait	【同】in the meanwhile 【联想】mean, while	
mea·sure	/ˈmeʒər/	v. 测量 n. 措施	gauge: measure the length	【词组】take measures to do sth 【联想】measurement 名词【词根】meas(测量)+-ure→测量	
meat	/miːt/	n. 肉	flesh: a piece of meat	【同】flesh【联想】各种动物的肉 fish	
med·al	/ˈmedəl/	n. 奖牌	award: win a medal	【联想】medal 奖牌【词根】medal(金属)→奖牌	
me·di·a	/ˈmiːdiə/	n. 媒体	press: the media coverage	【联想】medium 单数【词根】medi(中间)+-a→媒体
med·i·cal	/ˈmedɪkəl/	a. 医学的	of medicine: medical care	【联想】medicine 名词【词根】medic(医治)+-al→医学的	
medi·cine	/ˈmedɪsən/	n. 药物	drug: take some medicine	【联想】medical 形容词【词根】medic(医治)+-ine→药	
me·di·um	/ˈmiːdiəm/	a. 中等的	average: a medium size	【联想】media 复数【词根】medi(中间)+-um→媒体/中等的	
meet	/miːt/	v. (met, met) 会面	encounter: meet a friend	【同】encounter 【联想】meeting 名词, met
meet·ing	/ˈmiːtɪŋ/	n. 会议	gathering: attend a meeting	【联想】动词 meet 会面【词根】meet(会面)+-ing(名词)
mel·on	/ˈmelən/	n. 瓜，甜瓜	sweet fruit: eat melon	【联想】watermelon 西瓜	
mem·ber	/ˈmembər/	n. 成员	component: a club member	【联想】membership 会员【词根】member(肢体)→成员	
me·mo·ri·al	/məˈmɔːriəl/	n. 纪念碑	monument: a war memorial	【联想】memory 名词【词根】memor(记忆)+-ial→纪念碑	
mem·o·ry	/ˈmeməri/	n. 记忆	recall: have a good memory	【词根】memor(记忆)+-y 【联想】memorize 动词, memorial	
mend	/mend/	v. 修理	repair: mend a broken cup	【同】repair, fix 【联想】同义 repair 修
men·tal	/ˈmentəl/	a. 精神的	psychological: mental health	【词根】ment(心智)+-al	
men·tion	/ˈmenʃən/	v. 提及	refer to: mention a name	【词根】ment(心智)+-ion→提及	
men·u	/ˈmenjuː/	n. 菜单	food list: a restaurant menu		
mer·chant	/ˈmɜːtʃənt/	n. 商人	trader: a rich merchant	【联想】commerce, trade【词根】merc(商品)+-hant→商人
mer·ci·ful	/ˈmɜːsɪfəl/	a. 仁慈的	compassionate: a merciful king	【联想】名词 mercy 怜悯
mer·cy	/ˈmɜːsi/	n. 怜悯	compassion: show mercy	【联想】merciful 形容词【词根】merc(报酬)+-y→仁慈	
mere·ly	/ˈmɪəli/	ad. 仅仅	just: merely a suggestion	【同】just, only 【联想】mere 形容词【词根】mere(纯粹)+-ly→仅仅	
mer·ry	/ˈmeri/	a. 欢乐的	happy: a merry Christmas	【同】happy【词组】 Merry Christmas!	
mess	/mes/	n. 混乱	disorder: make a mess	【联想】形容词 messy 凌乱的
mes·sage	/ˈmesɪdʒ/	n. 消息	note: send a message	【联想】messenger 信使	
mess·y	/ˈmesi/	a. 凌乱的	dirty or untidy: a messy room	【反】tidy 【联想】名词 mess 混乱
met·al	/ˈmetəl/	n. 金属	alloy: a metal box		
me·ter	/ˈmiːtər/	n. 米	metre	（美式拼写: a measuring meter） 【联想】metre 英式, kilometer【词根】meter(测量)→米	
meth·od	/ˈmeθəd/	n. 方法	way: a good method	【词根】meth(按照)+od(路)→方法	
me·tre	/ˈmiːtər/	n. 米；公尺	metre	（英式拼写） 【联想】meter 美式	
Mex·i·co	/ˈmeksɪkəʊ/	n. 墨西哥	north american country: visit Mexico	【同】North American country	
mi·cro·scope	/ˈmaɪkrəskəʊp/	n. 显微镜	magnifier	【联想】micro 词根, telescope【词根】micro(小)+scope(看)→显微镜	
mi·cro·wave	/ˈmaɪkrəweɪv/	n. 微波炉	microwave oven: use a microwave	【联想】micro, wave	
mid·day	/ˌmɪdˈdeɪ/	n. 正午	noon: at midday	【联想】mid, day	
mid·dle	/ˈmɪdəl/	a. & n. 中间的；中部	centre: in the middle of	【同】CENTRE【词组】 in the middle of 【联想】mid, 中间【词根】mid(中间)+-dle→中间	
mid·night	/ˈmɪdnaɪt/	n. 午夜	12am: at midnight	【联想】mid, night【词根】mid(中间)+night(夜)→午夜	
might	/maɪt/	v. 可能	could: might as well	【联想】may 原形	
mild	/maɪld/	a. 温和的	gentle: a mild climate	【同】GENTLE【反】harsh, strong, severe. 【联想】wild 形近【词根】mild(温和)→温和的	
mile	/maɪl/	n. 英里	1.6km: a mile away		
milk	/mɪlk/	n. 牛奶	dairy drink: drink milk	【联想】形容词 milky 奶状的
millimeter	/ˈmɪlɪˌmiːtər/	n. 毫米	mm	（美式拼写: a millimeter ruler） 【联想】milli, meter【词根】milli(千分之一)+meter(米)→毫米	
mil·li·me·tre	/ˈmɪlɪˌmiːtər/	n. 毫米	mm	（英式拼写） 【联想】milli, metre【词根】milli(千分之一)+metre(米)→毫米	
mil·lion	/ˈmɪljən/	num. 百万	1: a million dollars	【同】1, 000, 000 【联想】billion, millionaire【词根】million(千×千)→百万	
mil·lion·aire	/ˌmɪljəˈneər/	n. 百万富翁	rich person: a millionaire's house	【联想】million【词根】million(百万)+-aire→百万富翁	
mind	/maɪnd/	n. 心智 v. 介意	intellect: change one's mind	【联想】remind 提醒【词根】mind(心智)→心智	
mine	/maɪn/	pron. 我的东西；n. 矿山	my own: this is mine	【联想】miner 矿工	
min·e·ral	/ˈmɪnərəl/	n. 矿物	ore: a mineral spring	【联想】mine 矿【词根】mine(矿)+-ral→矿物	
min·i·bus	/ˈmɪnibʌs/	n. 小型巴士	small bus: a minibus for travel	【联想】mini, bus	
min·i·mum	/ˈmɪnɪməm/	n. 最小值	least: the minimum amount	【反】maximum 【联想】maximum 反义【词根】minim(最小)+-um→最小值	
min·is·ter	/ˈmɪnɪstər/	n. 部长	government official: a government minister	【同】government official 【联想】ministry 名词【词根】minis(小)+-ter→大臣	
min·is·try	/ˈmɪnɪstri/	n. 部	government department: the ministry of education	【同】government department 【联想】minister【词根】minis(小)+-try→部	
mi·nor·i·ty	/maɪˈnɒrəti/	n. 少数	smaller group: a minority group	【词根】minor(较小)+-ity(名词) 【联想】反义 majority 多数
mi·nus	/ˈmaɪnəs/	prep. 减号	subtract: minus five degrees	【联想】反义 plus 加
min·ute	/ˈmɪnɪt/	n. 分钟	60 seconds: a minute hand	【词根】minut(小)+-e→分钟	
mir·ror	/ˈmɪrər/	n. 镜子	reflective glass: look in the mirror	【同】reflective glass【词根】mir(惊奇)+-or→镜子	
miss	/mɪs/	n. 小姐	title for a woman: Miss Smith	v. 错过，想念（=fail to catch: miss the bus）【反】catch, hit	
mis·sile	/ˈmɪsaɪl/	n. 导弹	guided weapon: a guided missile	【同】rocket【词根】miss(送)+-ile→投掷物→导弹	
mist	/mɪst/	n. 雾	fog: a thick mist	【联想】同义 fog 雾
mis·take	/mɪˈsteɪk/	n. 错误	error: make a mistake	【同】error, fault 【词根】mis-(错)+take(拿) 【联想】mistaken, take	
mis·tak·en	/mɪˈsteɪkən/	a. 错误的	wrong: be mistaken about	【联想】mistake【词根】mis-(错)+take(拿)+-en→弄错的	
mis·ter	/ˈmɪstər/	n. 先生	Mr	（用于姓名或姓之前，作为对男子的称呼） 【联想】Mr, sir	
mis·tress	/ˈmɪstrəs/	n. 情妇；女主人；女教师	female master	【联想】master, Mrs	
mis·un·der·stand	/ˌmɪsʌndəˈstænd/	v. (misunderstood, misunderstood) 误解	misinterpret: misunderstand someone	【同】misinterpret 【联想】反义 understand 理解
mix	/mɪks/	v. 混合	blend: mix colors	【同】combine 【联想】mixture 名词【词根】mix(混合)→混合	
mix·ture	/ˈmɪkstʃər/	n. 混合物	blend: a chemical mixture	【联想】mix 动词【词根】mix(混合)+-ture→混合物	
mo·bile	/ˈməʊbaɪl/	a. 移动的	movable: a mobile device	【词根】mob(动)+-ile→移动的 【联想】mobile phone	
mobile phone	/ˈməʊbaɪl/	n. 手机	cellphone: use a mobile-phone	【联想】mobile, phone	
mod·el	/ˈmɒdəl/	n. 模型	prototype: a model plane	【词根】model(模式)→模型	
mod·ern	/ˈmɒdən/	a. 现代的	contemporary: a modern building	【反】past, old-fashioned. 【联想】modernize, 反义 ancient【词根】moder(现在)+-n→现代的	
mod·est	/ˈmɒdɪst/	a. 谦虚的	humble: a modest person	【同】humble, moderate 【联想】modesty 名词【词根】modest(适中)→谦虚的	
mom	/mɒm/	n. 妈妈	mum: Mom is at home	【联想】mum 英式, mother	
mo·ment	/ˈməʊmənt/	n. 时刻	instant: a moment ago	【词根】moment(动)→瞬间	
mom·my	/ˈmɒmi/	n. 妈妈	mother: Mommy loves me	【联想】mom, mother	
Mon·day	/ˈmʌndeɪ/	n. 星期一	mon: on Monday	【同】Mon 【联想】星期词	
mon·ey	/ˈmʌni/	n. 钱	currency: make money		
mon·i·tor	/ˈmɒnɪtər/	n. 显示器	screen: monitor a class	【词根】monit(提醒)+-or→监视器	
mon·key	/ˈmʌŋki/	n. 猴子	primate: a naughty monkey		
month	/mʌnθ/	n. 月份	30 days: last month	【联想】形容词 monthly 每月的
mon·u·ment	/ˈmɒnjəmənt/	n. 纪念碑	memorial structure: a war monument	【同】memorial structure 【联想】memorial 纪念碑【词根】monu(提醒)+-ment→纪念碑	
moon	/muːn/	n. 月亮	lunar body: the moon in the sky	【联想】month 词源; sunlight	
mop	/mɒp/	n. 拖把	floor cleaner: use a mop		
mor·al	/ˈmɒrəl/	a. & n. 道德的；道德	ethical: moral principles	【联想】morality 名词【词根】mor(道德)+-al→道德的	
more	/mɔːr/	a. 更多	additional: more books	【同】additional, extra 【联想】最高级 most 最，最多
morn·ing	/ˈmɔːnɪŋ/	n. 早晨	a.m.: in the morning		
mos·qui·to	/məˈskiːtəʊ/	n. 蚊子	blood-sucking insect: kill a mosquito	【同】blood-sucking insect	
most	/məʊst/	a. 最，最多	majority: most people	【反】least 【联想】比较级 more 更多
moth·er	/ˈmʌðər/	n. 母亲	parent	【联想】motherland, mom	
moth·er·land	/ˈmʌðəlænd/	n. 祖国	native country: our motherland	【联想】mother, land	
mo·ti·vate	/ˈməʊtɪveɪt/	v. 激励	inspire: motivate students	【同】inspire, stimulate 【词根】mot(移动)+-iv(e)+-ate(使) 【联想】名词 motivation 动机
mo·ti·va·tion	/ˌməʊtɪˈveɪʃən/	n. 动机	drive: a source of motivation	【联想】motivate 动词【词根】mot(动)+-ivation→动机	
mo·tor	/ˈməʊtər/	n. 发动机	engine: a motor car	【联想】motorbike, motorcycle【词根】mot(动)+-or→马达	
mo·tor·bike	/ˈməʊtəbaɪk/	n. 摩托车	motorcycle: ride a motorbike	【联想】motor, bike	
mo·tor·cy·cle	/ˈməʊtəˌsaɪkəl/	n. 摩托车	motorbike	【联想】motor, cycle	
mot·to	/ˈmɒtəʊ/	n. 座右铭	saying: a school motto		
moun·tain	/ˈmaʊntɪn/	n. 山(-s) 【同】hill	hill: climb a mountain	【联想】mountaineer, mountainous【词根】mount(山)+-ain→山	
moun·tain·ous	/ˈmaʊntɪnəs/	a. 多山的	hilly: a mountainous area	【联想】mountain【词根】mount(山)+-ainous→多山的	
mourn	/mɔːn/	v. 哀悼	grieve for: mourn the dead	【同】GRIEVE FOR 【联想】mourning 哀悼【词根】mourn(悲伤)→哀悼	
mouse	/maʊs/	n. (pl. mice) 老鼠	small rodent: a little mouse	【同】rodent 【联想】mice 复数, rat
mous·tache	/məˈstɑːʃ/	n. 胡子	facial hair	（英式拼写） 【联想】beard 胡子	
mouth	/maʊθ/	n. 嘴	oral cavity: open one's mouth		
move	/muːv/	v. 移动	shift: move a chair	【联想】movement 名词, remove【词根】mov(动)+-e→移动	
move·ment	/ˈmuːvmənt/	n. 运动	motion: a social movement	【联想】move 动词【词根】mov(动)+-ement→运动	
mov·ie	/ˈmuːvi/	n. 电影	film: watch a movie	【联想】film 同义【词根】mov(动)+-ie→电影	
Mr	/ˈmɪstər/	n. 先生	Mister: Mr. Smith	【同】Mister
Mrs	/ˈmɪsɪz/	n. 夫人	Mistress: Mrs. Brown	【同】Mistress
Ms	/mɪz/	n. 女士	Miss: Ms. Johnson	【联想】Miss, Mrs	
much	/mʌtʃ/	a. 许多	a lot: much water		
mud	/mʌd/	n. 泥土	soil: a muddy road	【联想】形容词 muddy 泥泞的；泥土般的
mud·dy	/ˈmʌdi/	a. 泥泞的；泥土般的	soiled with mud	【联想】名词 mud 泥土
mul·ti·ply	/ˈmʌltɪplaɪ/	v. 乘	times: multiply numbers	【例句】6 multiplied by 2 equals 12。【词根】multi(多)+ply(折叠)→加倍→乘 【联想】multi 词根,反义 division 分割
mum·my	/ˈmʌmi/	n. 木乃伊；干尸	preserved corpse		
mur·der	/ˈmɜːdər/	n. 杀害	homicide: commit murder	【联想】名词 murderer 杀人犯
mu·se·um	/mjuːˈziːəm/	n. 博物馆	gallery: visit a museum	【词根】muse(缪斯)+-um→博物馆	
mush·room	/ˈmʌʃruːm/	n. 蘑菇	fungus: pick a mushroom	【联想】形近 room 房
mu·sic	/ˈmjuːzɪk/	n. 音乐	melody: listen to music	【联想】musical 形容词, musician【词根】mus(缪斯)+-ic→音乐	
mu·sic·al	/ˈmjuːzɪkəl/	a. 音乐的；音乐剧 • Do you play a musical instrument?	melodic: a musical instrument	【联想】music【词根】mus(缪斯)+-ical→音乐的	
mu·si·cian	/mjuːˈzɪʃən/	n. 音乐家	composer: a famous musician	【联想】music【词根】mus(缪斯)+-ician→音乐家	
must	/mʌst/	v. 必须	have to: you must do it	【同】have to	
mus·tache	/məˈstɑːʃ/	n. 胡子；八字须	facial hair: a bushy mustache	【联想】beard 胡子	
mus·tard	/ˈmʌstəd/	n. 芥末	condiment: a bottle of mustard		
mut·ton	/ˈmʌtən/	n. 羊肉	sheep meat: a plate of mutton	【联想】sheep 羊肉
my	/maɪ/	pron. 我的	belonging to me: my book		
my·self	/maɪˈself/	pron. 我自己	me: by myself	【联想】my, self	
nail	/neɪl/	n. 指甲	claw爪子: nail a board	【同】claw爪子	
name	/neɪm/	n. 名字	title: my name is	【联想】named, surname 姓	
nar·row	/ˈnærəʊ/	a. 狭窄的	wide宽的: a narrow path	【反】wide宽的 【联想】反义 broad 宽广的
na·tion	/ˈneɪʃən/	n. 国家	country: a strong nation	【联想】national 形容词【词根】nat(出生)+-ion→民族	
na·tion·al	/ˈnæʃənəl/	a. 国家的	countrywide: national flag	【联想】nation, nationality【词根】nat(出生)+-ional→国家的	
na·tion·al·i·ty	/ˌnæʃənˈæləti/	n. 国籍	citizenship: nationality card	【联想】national【词根】nat(出生)+-ionality→国籍	
na·tion·wide	/ˌneɪʃənˈwaɪd/	a. 全国性的	across the country	【联想】nation, wide	
na·tive	/ˈneɪtɪv/	a. 本国的；本地的 • Her native language is Spanish.	local: a native language	【词根】nat(出生)+-ive→本地的	
nat·u·ral	/ˈnætʃərəl/	a. 自然的	unforced: a natural disaster	【联想】nature 名词【词根】nat(出生)+-ural→自然的	
na·ture	/ˈneɪtʃər/	n. 自然	wilderness: the beauty of nature	【联想】natural 形容词【词根】nat(出生)+-ure→自然	
na·vy	/ˈneɪvi/	n. 海军	naval force: the navy of a country	【联想】naval 形容词【词根】nav(船)+-y→海军	
near	/nɪər/	prep. 在...附近	not far from: near the park	【反】far 【联想】nearby, nearly 词族	
near·by	/ˌnɪəˈbaɪ/	a. 附近的 ad. 在附近	close: nearby shops	【联想】near	
near·ly	/ˈnɪəli/	ad. 几乎，将近	almost: nearly finished	【联想】near	
neat	/niːt/	a. 整洁的	tidy: a neat room	【反】messy	
ne·ces·sa·ry	/ˈnesəseri/	a. 必需的	needed: it's necessary to	【同】needed, required【反】unnecessary 【联想】necessity 名词, unnecessary【词根】ne-(不)+cess(走)+-ary→不可缺少的→必要的	
neck	/nek/	n. 脖子	cervix: a sore neck	【联想】necklace 项链	
neck·lace	/ˈnekləs/	n. 项链	chain: wear a necklace	【联想】neck, lace	
need	/niːd/	v. 需要	require: I need help	【同】require, want 【联想】needless, needy	
nee·dle	/ˈniːdəl/	n. 针	sewing pin: a sewing needle		
ne·go·ti·ate	/nəˈɡəʊʃieɪt/	v. 谈判	discuss【词根】neg(否定)+oti(闲暇)+-ate→不做闲事→谈判: negotiate a deal	【联想】名词 negotiation 谈判
neighbor	/ˈneɪbər/	n. 邻居	next-door person: my neighbor is nice	【同】next-door person 【联想】neighborhood 名词【词根】neigh(近)+bor(农民)→邻居	
neighborhood	/ˈneɪbəhʊd/	n. 邻里	district: the neighborhood park	【联想】neighbor【词根】neighbor+hood(状态)→街区	
neigh·bour	/ˈneɪbər/	n. 邻居	next-door person	（英式拼写） 【联想】neighbourhood 名词【词根】neigh(近)+bour(农民)→邻居	
neigh·bour·hood	/ˈneɪbəhʊd/	n. 街坊；附近；邻近地区	district	【联想】neighbour【词根】neighbour+hood(状态)→街区	
nei·ther	/ˈnaɪðər/	pron. 两者都不	not either: neither...nor...	【联想】both, either【反】both	
neph·ew	/ˈnefjuː/	n. 侄子	brother's son: my nephew is cute	【反】 niece 外甥女，侄女 【联想】niece 侄女	
ner·vous	/ˈnɜːvəs/	a. 紧张的	anxious: feel nervous	【反】calm【词根】nerv(神经)+-ous→紧张的	
nest	/nest/	n. 鸟巢	bird home: a bird's nest	【联想】nest 鸟巢	
net	/net/	n. 网络	mesh: a fishing net	【联想】network, Internet	
net·work	/ˈnetwɜːk/	n. 网络	web: a computer network	【联想】net, work【词根】net(网)+work(工作)→网络	
nev·er	/ˈnevər/	ad. 从不	not ever: never give up	【反】always	
new	/njuː/	a. 新的	old: a new book	【反】old 【联想】news 新闻	
news	/njuːz/	n. 新闻	current events: the latest news	【联想】newspaper, new	
news·pa·per	/ˈnjuːzˌpeɪpər/	n. 报纸	daily paper: read a newspaper	【联想】news, paper【词根】news(新闻)+paper(纸)→报纸	
next	/nekst/	a. 下一个	following: next week		
nice	/naɪs/	a. 漂亮的	pleasant: a nice day		
niece	/niːs/	n. 侄女	nephew 侄子: my niece is smart	【反】nephew 侄子 【联想】nephew 侄子	
night	/naɪt/	n. 夜晚	evening: at night	【反】day 【联想】tonight, midnight	
nine	/naɪn/	num. 九	9: nine apples	【联想】ninety, ninth	
nine·ty	/ˈnaɪnti/	num. 九十	90: ninety people	【联想】nine	
ninth	/naɪnθ/	num. 第九	9th: the ninth floor	【联想】nine	
no	/nəʊ/	ad. 不	negative: no problem		
No.	/nəʊ/	n. 编号	number: No. 1 Middle School	【联想】number 数字	
no·ble	/ˈnəʊbəl/	a. 高贵的	aristocratic: a noble family	【联想】nobility 贵族	
no·bod·y	/ˈnəʊbədi/	pron. 没有人	no one: nobody is here	【联想】no, body	
nod	/nɒd/	v. 点头	bow: nod one's head		
noise	/nɔɪz/	n. 噪音	sound: a lot of noise	【联想】noisy 形容词【词根】noise(晕船)→噪音	
nois·y	/ˈnɔɪzi/	a. 吵闹的	loud: a noisy classroom	【反】quiet, silent 【联想】名词 noise 噪音
none	/nʌn/	pron. 没有一个	not any: none of them	【词根】not(不)+one(一个)	
noo·dle	/ˈnuːdəl/	n. 面条	pasta: a bowl of noodles		
noon	/nuːn/	n. 中午	midday: at noon	【联想】afternoon, midday	
nor	/nɔːr/	conj. 也不	neither: neither...nor...		
nor·mal	/ˈnɔːməl/	a. 正常的	usual: a normal life	【同】USUAL, standard, ordinary 【联想】abnormal 反义, normally【词根】norm(标准)+-al→正常的	
north	/nɔːθ/	n. 北方	northern direction: in the north	【同】northern direction【反】south 【联想】northern 形容词, northeast	
north·east	/ˌnɔːθˈiːst/	n. 东北	NE: in the northeast	【联想】north, east【词根】north(北)+east(东)→东北	
nor·thern	/ˈnɔːðən/	a. 北方的	north: a northern city	【联想】名词 north 北方
north·west	/ˌnɔːθˈwest/	n. 西北	NW: in the northwest	【联想】north, west【词根】north(北)+west(西)→西北	
nose	/nəʊz/	n. 鼻子	nasal organ: a big nose		
not	/nɒt/	ad. 不	negative: not at all		
note	/nəʊt/	n. 笔记	notice: take a note	【同】notice 【联想】notebook, notice	
note·book	/ˈnəʊtbʊk/	n. 笔记本	journal: a notebook for class	【联想】note, book	
noth·ing	/ˈnʌθɪŋ/	pron. 没有什么	zero: nothing to do		
no·tice	/ˈnəʊtɪs/	v. 注意到；n. 通知	see: notice a change	【同】ATTENTION, observation. OBSERVE, perceive, note, see 【联想】notebook 形近, note【词根】not(知道)+-ice→注意	
noun	/naʊn/	n. 名词	naming word: a common noun		
nov·el	/ˈnɒvəl/	n. 小说 a. 新奇的	fiction: a popular novel	【联想】novelist 名词【词根】nov(新)+-el→小说	
nov·el·ist	/ˈnɒvəlɪst/	n. 小说家	writer: a famous novelist	【联想】novel【词根】nov(新)+-elist→小说家	
No·vem·ber	/nəʊˈvembər/	n. 十一月	11th month: in November	【联想】月份词	
now	/naʊ/	ad. 现在	at the moment: right now	【同】AT THE MOMENT, at present 【联想】nowadays	
now·a·days	/ˈnaʊədeɪz/	ad. 当今	today: nowadays people use phones a lot	【同】THESE DAYS, today 【词根】now(现在)+a+days(天) 【联想】now, days	
no·where	/ˈnəʊweər/	ad. 任何地方都不	not anywhere: nowhere to be found	【联想】no, where	
nu·cle·ar	/ˈnjuːklɪər/	a. 核的	atomic: a nuclear power plant	【联想】nucleus 原子核【词根】nucle(核)+-ar→核的	
numb	/nʌm/	a. 麻木的	deadened: a numb finger	【例句】It was so cold that my fingers went numb.
num·ber	/ˈnʌmbər/	n. 数字	digit	【联想】No. 缩写【词根】number(数)→数字	
nurse	/nɜːs/	n. 护士	caregiver: a nurse in a hospital	【联想】nursery 词根【词根】nurs(养育)+-e→护士	
nur·se·ry	/ˈnɜːsəri/	n. 托儿所	daycare: a nursery school	【联想】nurse【词根】nurs(养育)+-ery(地方)→托儿所	
nut	/nʌt/	n. 坚果；螺母	seed: a bag of nuts	【联想】walnut 核桃	
nu·tri·tion	/njuːˈtrɪʃən/	n. 营养；滋养；食物	nourishment	【联想】nutritious 形容词【词根】nutri(滋养)+-tion→营养	
o·bey	/əʊˈbeɪ/	v. 服从，遵守 • Students must obey the school rules.	follow: obey the rules	【同】COMPLY WITH, adhere to, observe, abide by, act in accordance with, conform to, respect, follow, keep to, stick to 【联想】disobey 反义【词根】ob-(加强)+ey(听)→服从	
ob·ject	/ˈɒbdʒɪkt/	n. 物体	thing: an object in the room	【词根】ob-(对面)+ject(投) 【联想】reject, project 词根 ject	
ob·serve	/əbˈzɜːv/	v. 观察	notice; perceive.【词组】observe the rules, observe that..。【词根】ob-(加强)+serv(保存)+-e: observe the stars	【同】notice, perceive 【联想】observation 名词, observer	
ob·tain	/əbˈteɪn/	v. 获得	get: obtain a license	【同】GET, acquire 【词根】ob-(加强)+tain(拿) 【联想】retain 词根 tain	
ob·vi·ous	/ˈɒbviəs/	a. 明显的	clear: an obvious mistake	【同】clear. It is obvious that 【联想】obviously 副词【词根】ob-(加强)+vious(路)→明显的	
oc·cu·pa·tion	/ˌɒkjəˈpeɪʃən/	n. 职业	job: a new occupation	【联想】occupy 动词【词根】oc-(加强)+cup(占据)+-ation→职业	
oc·cu·py	/ˈɒkjəpaɪ/	v. 占据	take up: occupy a seat	【同】LIVE IN 【词组】be occupied with, occupy oneself in【词根】oc-(加强)+cup(拿)+-y 【联想】名词 occupation 职业
oc·cur	/əˈkɜːr/	v. （ 意外）发生	happen: an idea occurs to me	【同】happen, take place【词根】oc-(向)+cur(跑) 【联想】名词 occurrence 发生
o·cean	/ˈəʊʃən/	n. 海洋	sea: across the ocean	【联想】sea 同义【词根】ocean(大洋)→海洋	
Oceania	/əʊʃiˈɑːniə/	n. 大洋洲	Pacific islands: the continent of Oceania	【联想】ocean, continent	
o'clock	/əˈklɒk/	n. … 点钟	of the clock: at five o'clock	【联想】clock	
Oc·to·ber	/ɒkˈtəʊbər/	n. 十月	oct: in October	【同】Oct 【联想】月份词	
of	/əv/	prep. … 的，属于	belonging to: a cup of tea		
off	/ɒf/	ad. 关闭	not on: turn off the light	【联想】反义 on 在…上
of·fence	/əˈfens/	n. 冒犯；得罪；违法行为	insult	（英式拼写） 【联想】offend 动词【词根】of-(相反)+fence(打击)→冒犯	
of·fense	/əˈfens/	n. 冒犯；得罪；违法行为	insult	（美式拼写: an act of offense） 【联想】offend 动词【词根】of-(相反)+fense(打击)→冒犯	
of·fer	/ˈɒfər/	v. 提供	propose: offer a help	【同】PUT FORWARD, give, present, come up with, suggest, recommend, propose【词根】of-(去)+fer(带来)→提供	
of·fice	/ˈɒfɪs/	n. 办公室	workplace: go to the office	【联想】officer, official【词根】of-(工作)+fice(做)→办公室	
of·fi·cer	/ˈɒfɪsər/	n. 官员	official: a police officer	【联想】office, official【词根】office(办公室)+-er→军官	
of·fi·cial	/əˈfɪʃəl/	a. 官方的	authorized: an official document	【联想】office, officer【词根】office(办公室)+-ial→官方的	
off·shore	/ˌɒfˈʃɔːr/	a. 近海的；离岸的	at sea	【联想】off, shore	
of·ten	/ˈɒfən/	ad. 经常	frequently: often go to the park	【反】seldom, rarely	
oil	/ɔɪl/	n. 油	petroleum: a barrel of oil	【联想】oil field 油田	
oil field	/ɔɪl/	n. 油田	oil deposit: an oil field in the desert	【联想】oil, field	
OK	/ˌəʊˈkeɪ/	a. 好的	all right: it's OK with me		
old	/əʊld/	a. 老的	aged: an old man	【反】young, new, modern.	
O·lym·pic	/əˈlɪmpɪk/	a. 奥林匹克的	Olympic Games	【联想】Olympics, Olympic Games	
Olympic Games	/əˈlɪmpɪk/	n. 奥林匹克运动会	Olympics: watch the Olympic Games	【联想】Olympic, Olympics	
Olympics	/əˈlɪmpɪks/	n. 奥林匹克运动会	Olympic Games: the Olympics are exciting	【联想】Olympic	
on	/ɒn/	prep. 在…上	atop: on the table		
once	/wʌns/	ad. 一次	one time: once upon a time		
one	/wʌn/	num. 一个	single: one apple	【联想】oneself, once	
one·self	/ˌwʌnˈself/	pron. 自己	self: by oneself	【联想】one, self	
on·ion	/ˈʌnjən/	n. 洋葱	bulb vegetable: a slice of onion		
on·ly	/ˈəʊnli/	ad. 仅有的	solely: only one		
on·to	/ˈɒntu/	prep. 到…上面	upon: jump onto the platform	【联想】on, to	
o·pen	/ˈəʊpən/	v. 打开	unlock: open the door	【反】close 【联想】opening 名词,反义 close 关闭
o·pen·ing	/ˈəʊpənɪŋ/	n. 开幕	start: the opening of a store	【联想】动词 open 打开
op·e·ra	/ˈɒpərə/	n. 歌剧	musical drama: watch an opera	【联想】形近 operate 操作
op·e·rate	/ˈɒpəreɪt/	v. 操作	run: operate a machine	【词根】opus(工作)+-ate(使) 【联想】operation 名词, operator
op·e·ra·tion	/ˌɒpərˈeɪʃən/	n. 手术	surgery: a surgical operation	【联想】operate 动词【词根】oper(工作)+-ation→手术/操作	
op·e·ra·tor	/ˈɒpəreɪtər/	n. 操作员	worker: a telephone operator	【联想】operate【词根】oper(工作)+-ator→操作员	
o·pin·ion	/əˈpɪnjən/	n. 意见	view: in my opinion	【词组】 in my opinion【词根】op-(想)+inion→意见	
op·pose	/əˈpəʊz/	v. 反对	resist: oppose a plan	【同】not support, BE AGAINST, object to, be hostile to, be in opposition to, disagree with, dislike【词组】be opposed to (doing) sth【词根】op-(相反)+pose(放) 【联想】形容词 opposite 相反的
op·po·site	/ˈɒpəzɪt/	a. 相反的	contrary: the opposite side	【词根】op-(相反)+pos(放)+-ite 【联想】动词 oppose 反对【搭配】in the opposite direction
op·ti·mis·tic	/ˌɒptɪˈmɪstɪk/	a. 乐观的	hopeful: be optimistic about	【反】pessimistic 【联想】pessimistic 反义, optimism【词根】optim(最好)+-istic→乐观的	
op·tion·al	/ˈɒpʃənəl/	a. 可选的	elective: an optional course	【词根】opt(选择)+-ion+-al 【联想】名词 option 选择
or	/ɔːr/	conj. 或者	otherwise: or else		
o·ral	/ˈɔːrəl/	a. 口头的	spoken: an oral exam	【同】SPOKEN, verbal. an oral agreement【词根】or(口)+-al→口头的	
or·ange	/ˈɒrɪndʒ/	n. 橙子	citrus fruit: an orange fruit		
or·bit	/ˈɔːbɪt/	n. 轨道	circular path in space: the orbit of a planet	【同】circular path in space【词根】orbit(轨道)→轨道	
or·der	/ˈɔːdər/	v. 订单，命令，顺序	sequence: in order to	【联想】ordinary 词根, disorder【词根】order(秩序)→命令	
or·di·na·ry	/ˈɔːdənəri/	a. 普通的	common: an ordinary day	【同】normal, usual 【词根】order(顺序)+-inary【反】special, extraordinary 【联想】order 词根, extraordinary	
or·gan	/ˈɔːɡən/	n. 器官	body part: an organ in the body	【联想】organic, organization【词根】organ(器官)→器官	
organisation	/ˌɔːɡənaɪˈzeɪʃən/	n. 组织	group	（英式拼写） 【联想】organise 动词【词根】organ(器官)+-isation→组织	
organise	/ˈɔːɡənaɪz/	v. 组织	arrange	（英式拼写） 【联想】organisation 名词【词根】organ(器官)+-ise→组织	
or·gan·i·za·tion	/ˌɔːɡənaɪˈzeɪʃən/	n. 组织	group	（美式拼写: an organization for charity） 【联想】organize 动词【词根】organ(器官)+-ization→组织	
or·gan·ize	/ˈɔːɡənaɪz/	v. 组织	arrange	（美式拼写: organize a party） 【联想】organization 名词【词根】organ(器官)+-ize→组织	
or·i·gin	/ˈɒrɪdʒɪn/	n. 起源	source: the origin of a word	【同】beginning 【联想】original 形容词【词根】orig(升起)+-in→起源	
o·rig·i·nal	/əˈrɪdʒənəl/	a. 原始的；最初的	first: an original idea	【同】first, initial 【联想】origin 名词【词根】orig(升起)+-inal→原始的	
oth·er	/ˈʌðər/	pron. 其他的	alternative: other people	【同】alternative, additional 【联想】otherwise, another	
oth·er·wise	/ˈʌðəwaɪz/	ad. 否则	else: otherwise you'll be late	【联想】other	
ought	/ɔːt/	v. 应该	should: ought to do	【词组】ought to 应该
our	/aʊər/	pron. 我们的	belonging to us: our school	【联想】ours, ourselves	
ours	/aʊəz/	pron. 我们的	our own: ours is better	【联想】our	
our·selves	/ˌaʊəˈselvz/	pron. 我们自己	us: by ourselves	【联想】our, selves	
out	/aʊt/	ad. 出来	outside: go out	【联想】outdoor, outside, outer 词族	
out·come	/ˈaʊtkʌm/	n. 结果	result: the outcome of a game	【联想】come 词根, out【词根】out(出)+come(来)→结果	
out·door	/ˈaʊtˌdɔːr/	a. 户外的	outside: outdoor activities	【联想】out, door	
out·doors	/ˌaʊtˈdɔːz/	ad. 在户外	outside: play outdoors	【联想】形容词 outdoor 户外的
out·er	/ˈaʊtər/	a. 外部的	external: the outer space	【联想】out,反义 inner 内部的
out·go·ing	/ˌaʊtˈɡəʊɪŋ/	a. 外向的	extrovert: an outgoing person	【联想】go 词根	
out·ing	/ˈaʊtɪŋ/	n. 出游	excursion: go on an outing	【联想】out	
out·line	/ˈaʊtlaɪn/	n. 轮廓	silhouette: draw an outline	【联想】out, line【词根】out(外)+line(线)→轮廓	
out·put	/ˈaʊtpʊt/	n. 输出	production: the output of a factory	【联想】input 反义, out	
out·side	/ˌaʊtˈsaɪd/	ad. 在外面	exterior: outside the house	【反】inside 【联想】反义 inside 在里面
out·spo·ken	/ˌaʊtˈspəʊkən/	a. 直言不讳的	direct: an outspoken person	【同】direct, • She has been very outspoken in her opposition to the plan 【联想】out, spoken	
out·stand·ing	/ˌaʊtˈstændɪŋ/	a. 杰出的	very good: an outstanding student	【同】very good, excellent 【联想】stand 词根【词根】out(出)+stand(站)+-ing→杰出的	
out·ward	/ˈaʊtwəd/	ad. 向外的	external: an outward appearance	【联想】out,反义 inward 向内的
out·wards	/ˈaʊtwədz/	ad. 向外	outward	【联想】outward	
o·val	/ˈəʊvəl/	a. 椭圆形的	egg-shaped: an oval shape		
o·ver	/ˈəʊvər/	prep. 超过	above: over the table	【联想】overcoat, overcome 复合词	
o·ver·coat	/ˈəʊvəkəʊt/	n. 大衣	coat: wear an overcoat	【联想】over, coat	
o·ver·come	/ˌəʊvəˈkʌm/	v. (overcame, overcome) 克服	defeat: overcome difficulties	【同】DEFEAT, beat, conquer. • Ally was struggling to overcome her disappointment【词根】over(在上)+come(来) 【联想】over, come	
o·ver·head	/ˈəʊvəhed/	a. 上方的	above: an overhead light	【联想】over, head	
o·ver·look	/ˌəʊvəˈlʊk/	v. 俯瞰，忽视	fail to notice: overlook a city	【词根】over(上面)+look(看)→俯视→忽视 【联想】over, look
o·ver·weight	/ˌəʊvəˈweɪt/	a. 超重的	fat【词根】over(过度)+weight(重量): be overweight	【联想】over, weight	
owe	/əʊ/	v. 欠 [ + two objects ] owe someone money	be indebted: owe money to	【词组】owe sb sth, owe sth to sb, owing to (【同】because of) 【联想】owing to, own 形近【词根】owe(欠)→欠	
own	/əʊn/	a. & v. 自己的；拥有	possess: own a house	【联想】owner 名词【词根】own(拥有)→自己的	
own·er	/ˈəʊnər/	n. 所有者	possessor: the owner of a shop	【联想】own 动词【词根】own(拥有)+-er→所有者	
own·er·ship	/ˈəʊnəʃɪp/	n. 所有权	possession: the ownership of a car	【联想】owner【词根】own(拥有)+-ership→所有权	
ox	/ɒks/	n. (pl. oxen) 公牛	bull: a strong ox	【同】bull【反】cow 奶牛【联想】oxen 复数, cattle
oxen	/ɒks/	n. 牛	bulls	（复数） 【联想】单数 ox 公牛
ox·y·gen	/ˈɒksɪdʒən/	n. 氧气	gas we breathe	【联想】hydrogen 氢气【词根】oxy(酸)+gen(产生)→氧	
p.m.	/ˌpiːˈem/	ad. 下午	after noon	【联想】a.m. 上午	
P.E.	/ˈfɪzɪkəl/	n. 体育课	physical education，physical exercise: have P.E. class	【同】physical education，physical exercise 【联想】physical education 全称	
pace	/peɪs/	n. 步速	speed, step: at a slow pace	【词根】pace(步)→步伐	
pa·cif·ic	/pəˈsɪfɪk/	n. 太平洋	ocean: the Pacific Ocean	【联想】Pacific Ocean 太平洋	
pack	/pæk/	v. 打包，包装	wrap: pack a suitcase	【联想】package, packet 词族【词根】pack(包裹)→打包	
pack·age	/ˈpækɪdʒ/	n. 包	parcel: a package deal	【联想】pack 动词【词根】pack(包裹)+-age→包裹	
pack·et	/ˈpækɪt/	n. 小包	bag: a packet of sugar	【联想】pack【词根】pack(包)+-et→小包	
pad·dle	/ˈpædəl/	n. 桨；划桨	oar: paddle a boat		
page	/peɪdʒ/	n. 页	sheet: turn to page 10	on the next page	
pain	/peɪn/	n. 疼痛	hurt: a pain in the head	【联想】painful 形容词【词根】pain(惩罚)→疼痛	
pain·ful	/ˈpeɪnfəl/	a. 痛苦的	sore: a painful experience	【联想】pain 名词【词根】pain(疼痛)+-ful→痛苦的	
paint	/peɪnt/	n. 油漆	coating: paint a picture	【联想】painter, painting 词族【词根】paint(绘画)→油漆	
paint·er	/ˈpeɪntər/	n. 画家	artist: a famous painter	【联想】paint【词根】paint(绘画)+-er→画家	
paint·ing	/ˈpeɪntɪŋ/	n. 绘画	artwork: a beautiful painting	【联想】paint【词根】paint(绘画)+-ing→绘画	
pair	/peər/	n. 一对，一双	couple: a pair of shoes	a pair of	
pal·ace	/ˈpælɪs/	n. 宫殿	royal residence: a beautiful palace	【词根】palac(宫殿)→宫殿	
pale	/peɪl/	a. 苍白的	light: a pale face		
pan	/pæn/	n. 平底锅	pot: a frying pan	【联想】pancake 煎饼	
pan·cake	/ˈpænkeɪk/	n. 煎饼	flat cake: a delicious pancake	【联想】pan, cake	
pan·da	/ˈpændə/	n. 熊猫	bear: a cute panda		
pan·ic	/ˈpænɪk/	n. 惊恐	sudden fear: in a panic	【词根】panic(潘神)→恐慌	
pa·per	/ˈpeɪpər/	n. 纸	material: a piece of paper	【联想】newspaper, paper【词根】paper(纸)→纸	
pa·per·work	/ˈpeɪpəwɜːk/	n. 文书工作	admin: do paperwork	【联想】paper, work	
par·a·graph	/ˈpærəɡrɑːf/	n. 段落	section: a long paragraph	【联想】graph 词根【词根】para-(旁边)+graph(写)→段落	
par·al·lel	/ˈpærəlel/	a. 平行的	aligned: parallel lines	parallel lines【词根】para-(旁边)+allel(彼此)→平行的	
par·cel	/ˈpɑːsəl/	n. 包裹	package: send a parcel	【联想】package 同义【词根】parc(部分)+-el→包裹	
par·don	/ˈpɑːdən/	v. 原谅	forgive: pardon me	【联想】forgive 同义【词根】par-(完全)+don(给)→原谅	
par·ent	/ˈpeərənt/	n. 父母	mother: my parents are kind	【联想】grandparent, parental【词根】par(生)+-ent→父母	
Pa·ris	/ˈpærɪs/	n. 巴黎	capital: visit Paris		
park	/pɑːk/	n. 公园	garden: go to the park	【联想】parking 停车【词根】park(围场)→公园	
park·ing	/ˈpɑːkɪŋ/	n. 停车	stopping: go parking	【联想】park	
parking lot	/ˈpɑːkɪŋ/	n. 停车场	garage: a parking-lot nearby	【联想】parking, lot	
par·rot	/ˈpærət/	n. 鹦鹉	bird: a talking parrot		
part	/pɑːt/	n. 部分	piece: a part of a story	【联想】party, partner, partial 词族	
par·tic·i·pate	/pɑːˈtɪsɪpeɪt/	v. 参与（+in）	join, take part: participate in a game	【联想】part 词根, participation【词根】part(部分)+cip(拿)+-ate→参与	
par·tic·u·lar	/pəˈtɪkjələr/	a. 特别的	specific: a particular problem	【同】specific, special【词根】part(部分)+-ic+-ular 【联想】part 词根, particularly	
part·ly	/ˈpɑːtli/	ad. 部分地	somewhat: partly cloudy	【联想】part【词根】part(部分)+-ly→部分地	
part·ner	/ˈpɑːtnər/	n. 伙伴	companion: a business partner	【联想】part【词根】part(部分)+-ner→伙伴	
part-time	/pɑːt/	a. 兼职的	temporary: a part-time job	【联想】full-反义 time 时间
par·ty	/ˈpɑːti/	n. 聚会	celebration: a birthday party	【联想】part【词根】part(部分)+-y→聚会/党派	
pass	/pɑːs/	v. 通过	succeed: pass a test	【联想】passage, passenger, passport	
pas·sage	/ˈpæsɪdʒ/	n. 通道，走廊	section: a passage in a book	【同】hallway 【联想】pass【词根】pass(通过)+-age→通道	
pas·sen·ger	/ˈpæsəndʒər/	n. 乘客	rider: a train passenger	【联想】pass, 乘客【词根】pass(通过)+-enger→乘客	
passer-by	/ˌpɑːsəˈbaɪ/	n. 过路人	onlooker: a passer-by saw it	【联想】pass, by	
pas·sive	/ˈpæsɪv/	a. 被动的	not active: a passive attitude	【反】active 【联想】active 反义【词根】pass(受苦)+-ive→被动的	
pass·port	/ˈpɑːspɔːt/	n. 护照	document: a new passport	【联想】pass, port【词根】pass(通过)+port(港口)→护照	
past	/pɑːst/	prep. n. 过去	former: in the past	【反】future, present	
pa·tent	/ˈpeɪtənt/	n. 专利	copyright: a new patent	【词根】pat(公开)+-ent→专利	
path	/pɑːθ/	n. 小路	trail: a walking path		
pa·tience	/ˈpeɪʃəns/	n. 耐心	tolerance: show patience	【联想】patient 形容词【词根】pat(受苦)+-ience→耐心	
pa·tient	/ˈpeɪʃənt/	n. 患者	sick person: a patient with a disease	a. 耐心的【反】impatient 【联想】patience 名词【词根】pat(受苦)+-ient→病人/耐心的	
pat·tern	/ˈpætən/	n. 模式	design: a design pattern	【词根】pattern(模式)→图案	
pause	/pɔːz/	v. 暂停	stop	stop【词根】pause(停止)→暂停	
pave·ment	/ˈpeɪvmənt/	n. 人行道	sidewalk: walk on the pavement	【同】sidewalk 【联想】pave 动词【词根】pave(铺路)+-ment→人行道	
pay	/peɪ/	v. (paid, paid) 支付	give money: pay for the book	【联想】payment 名词, paid	
pea	/piː/	n. 豌豆	vegetable: a green pea		
peace	/piːs/	n. 和平	no war: world peace	【反】war 【联想】peaceful 形容词【词根】peace(和平)→和平	
peace·ful	/ˈpiːsfəl/	a. 和平的	calm: a peaceful village	【联想】peace 名词【词根】peace(和平)+-ful→和平的	
peach	/piːtʃ/	n. 桃子	fruit: a juicy peach		
pear	/peər/	n. 梨	fruit: a ripe pear	【同】fruit	
peas·ant	/ˈpezənt/	n. 农民	farmer: a hardworking peasant	【同】farmer 【联想】farmer 同义【词根】peas(乡村)+-ant→农民	
pe·des·tri·an	/pəˈdestriən/	n. 行人	walker: a pedestrian crossing	【联想】pedal 词根 ped 脚【词根】ped(脚)+estrian→行人	
pen	/pen/	n. 笔	writing tool: write with a pen	【联想】pencil 铅笔	
pence	/pens/	n. 便士	coins: ten pence	【联想】单数 penny 便士
pen·cil	/ˈpensəl/	n. 铅笔	writing tool: a pencil case	【联想】pen	
pen·ny	/ˈpeni/	n. 便士	coin	（复数形式：pennies 表示硬币个数，pence 表示价值） 【联想】复数 pence 便士
pen·sion	/ˈpenʃən/	n. 养老金；抚恤金	retirement pay	【词根】pens(称量)+-ion→养老金	
peo·ple	/ˈpiːpəl/	n. 人们	persons: a lot of people	【词根】people(人民)→人民	
pep·per	/ˈpepər/	n. 胡椒粉	spice: a red pepper		
per	/pɜːr/	prep. 每	each: per hour	【同】each	
per·cent	/pəˈsent/	n. 百分之	percentage: ten percent discount	【词根】per(每)+cent(百) 【联想】percentage 名词, cent 词根	
per·cen·tage	/pəˈsentɪdʒ/	n. 百分比	rate: a high percentage	【联想】percent【词根】per(每)+cent(百)+-age→百分比	
per·fect	/ˈpɜːfekt/	a. 完美的	ideal: a perfect score	【词根】per-(完全)+fect(做)【反】imperfect 【联想】perfection 名词,反义 imperfect 不完美的
per·form	/pəˈfɔːm/	v. 表演	do: perform a play	【同】carry out, work 【词根】per-(完全)+form(形式) 【联想】performance 名词, performer	
per·form·ance	/pəˈfɔːməns/	n. 表演	show: a great performance	【联想】perform 动词【词根】per-(完全)+form(形式)+-ance→表演	
per·form·er	/pəˈfɔːmər/	n. 表演者	actor: a talented performer	【联想】perform【词根】per-(完全)+form(形式)+-er(人)→表演者	
per·fume	/ˈpɜːfjuːm/	n. 香水	scent: a bottle of perfume	【词根】per-(完全)+fume(烟)→散发的香气→香水	
per·haps	/pəˈhæps/	ad. 或许	maybe: perhaps it's true	【联想】maybe 同义【词根】per(通过)+haps(运气)→或许	
pe·ri·od	/ˈpɪəriəd/	n. 时期	time: a long period	【词根】peri-(周围)+od(道路)→周期	
per·ma·nent	/ˈpɜːmənənt/	a. 永久的	lasting: a permanent job	【同】lasting, not temporary【词根】per- 'through'+man(停留)+-ent 【联想】反义 temporary 临时的
per·mis·sion	/pəˈmɪʃən/	n. 许可	consent: ask for permission	【联想】permit 动词【词根】per-(通过)+miss(送)+-ion→允许	
per·mit	/pəˈmɪt/	v. 许可	allow: permit entry	【联想】permission 名词【词根】per-(通过)+mit(送)→放行→允许	
per·son	/ˈpɜːsən/	n. 人	individual: a kind person	【同】individual 【联想】personal 形容词, personality【词根】person(面具)→人	
per·son·al	/ˈpɜːsənəl/	a. 个人的	private: personal information	【同】private 【联想】person【词根】person(人)+-al→个人的	
per·son·al·ly	/ˈpɜːsənəli/	ad. 亲自，就个人而言	in person: personally I think	【联想】personal【词根】person(人)+-ally→亲自地	
per·son·nel	/ˌpɜːsənˈel/	n. 人	staff: the company's personnel	【联想】person 形近【词根】person(人)+-nel→全体人员	
per·suade	/pəˈsweɪd/	v. 说服	convince: persuade someone to do	【联想】persuasion 名词【词根】per-(完全)+suade(劝)→劝服	
pest	/pest/	n. 害虫	insect: a garden pest	【联想】同义 insect 昆虫
pet	/pet/	n. 宠物	animal: a pet dog		
pet·rol	/ˈpetrəl/	n. 汽油	gasoline: fill up with petrol	【联想】gas 美式, petroleum【词根】petrol(石油)→汽油	
phenomena	/fəˈnɒmɪnən/	n. 现象（复数）	events	phenomenon 的复数 【联想】phenomenon 单数【词根】phenomen(显现)+-a→现象(复数)	
phe·nom·e·non	/fɪˈnɒmɪnən/	n. 现象	occurrence: a natural phenomenon	【联想】phenomena 复数【词根】phenomen(显现)+-on→现象	
phone	/fəʊn/	n. 电话	telephone: answer the phone	【联想】telephone 全写【词根】phon(声音)+-e→电话	
pho·to	/ˈfəʊtəʊ/	n. 照片	photograph: take a photo	【联想】photograph 全写	
pho·to·graph	/ˈfəʊtəɡrɑːf/	n. 照片	image: a black-and-white photograph	【联想】photo 缩写【词根】photo(光)+graph(写)→照片	
pho·tog·ra·pher	/fəˈtɒɡrəfər/	n. 摄影师	camera user: a professional photographer	【联想】photograph【词根】photo(光)+graph(写)+-er(人)→摄影师	
phrase	/freɪz/	n. 短语	expression: a useful phrase	【词根】phrase(说话)→短语	
phys·i·cal	/ˈfɪzɪkəl/	a. 物理的，身体的	bodily: physical education	【同】bodily, physical exercise 【联想】physics, physician【词根】phys(自然)+-ical→身体的	
phy·si·cian	/fɪˈzɪʃən/	n. 医生	medical doctor: a famous physician	【联想】doctor, physics【词根】phys(自然)+-ician(人)→内科医生	
phys·i·cist	/ˈfɪzɪsɪst/	n. 物理学	scientist: a great physicist	【联想】physics【词根】phys(自然)+-icist(人)→物理学家	
phys·ics	/ˈfɪzɪks/	n. 物理学	science: study physics	【词根】phys(自然)+-ics(学科) 【联想】physical, physicist	
pi·a·nist	/ˈpiːənɪst/	n. 钢琴家	musician: a skilled pianist	【联想】piano【词根】pian(钢琴)+-ist→钢琴家	
pi·an·o	/piˈænəʊ/	n. 钢琴	instrument: play the piano	【联想】pianist, guitar【词根】piano(轻柔)→钢琴	
pick	/pɪk/	v. 采摘，挑选	choose: pick up a book	【词组】pick up 捡起	
pic·nic	/ˈpɪknɪk/	n. 野餐	outdoor meal: go on a picnic	【联想】picnic 野餐【词根】pic(挑选)+nic(吃)→野餐	
pic·ture	/ˈpɪktʃər/	n. 图画	image: draw a picture	【词根】pict(画)+-ure→图画	
pie	/paɪ/	n. 馅饼	tart: a meat pie		
piece	/piːs/	n. 片	part: a piece of cake		
pig	/pɪɡ/	n. 猪	animal: a fat pig	【联想】pork 猪肉	
pile	/paɪl/	n. 堆	heap: a pile of books	a pile of books	
pill	/pɪl/	n. 药丸；药片	tablet	【联想】capsule 胶囊, tablet	
pil·low	/ˈpɪləʊ/	n. 枕	cushion: a soft pillow	【联想】同义 cushion 坐垫
pi·lot	/ˈpaɪlət/	n. 飞行员	aircraft operator: a jet pilot	【同】aircraft operator【词根】pilot(桨)→飞行员	
pin	/pɪn/	n. 大头针	needle: pin a notice	【同】needle	
pine	/paɪn/	n. 松	tree: a pine tree	【联想】pineapple 菠萝	
pine·ap·ple	/ˈpaɪnˌæpəl/	n. 菠萝	fruit: a delicious pineapple	【联想】pine, apple	
pingpong	/ˈpɪŋˌpɒŋ/	n. 乒乓球	sport: play pingpong	【联想】table tennis 乒乓球	
pink	/pɪŋk/	a. 粉色	color: a pink dress	【联想】颜色词 red, blue	
pint	/paɪnt/	n. 品	unit: a pint of milk		
pi·o·neer	/ˌpaɪəˈnɪər/	n. 先锋	explorer: a young pioneer	【词根】pioneer(步兵)→先驱	
pipe	/paɪp/	n. 管	tube: a water pipe	【联想】同义 tube 管子
pit·y	/ˈpɪti/	n. 可惜，同情	compassion: what a pity	【同】compassion, sympathy 【联想】同义 sympathy 同情
place	/pleɪs/	n. 地方	location: a nice place		
plain	/pleɪn/	a. & n. 朴素的；平原	simple; flat land	【联想】plane 形近【词根】plain(平)→平原	
plan	/plæn/	n. & v. 计划	scheme: make a plan		
plane	/pleɪn/	n. 飞机	aircraft: a passenger plane	【联想】plain 形近; airplane	
plan·et	/ˈplænɪt/	n. 行星	world: a distant planet	【联想】star 星星【词根】planet(游荡)→行星	
plant	/plɑːnt/	n. 植物	living thing: plant a tree		
plas·tic	/ˈplæstɪk/	a. 塑料	synthetic: a plastic bag		
plate	/pleɪt/	n. 盘子	dish: a dinner plate		
plat·form	/ˈplætfɔːm/	n. 平台	stage: a train platform	【联想】form 词根【词根】plat(平)+form(形状)→平台	
play	/pleɪ/	v. 玩	have fun: play football	（+游戏/运动） 【联想】player, playground 词族	
play·er	/ˈpleɪər/	n. 玩家	participant: a good player	【联想】动词 play 玩
play·ground	/ˈpleɪɡraʊnd/	n. 游乐场	park: a school playground	【联想】play, ground	
pleas·ant	/ˈplezənt/	a. 愉快的	enjoyable: a pleasant day	【同】enjoyable 【联想】please 动词, pleasure【词根】please(取悦)+-ant→令人愉快的	
please	/pliːz/	ad. 请	kindly: please come in	【联想】pleasant, pleasure【词根】please(取悦)→请	
pleased	/pliːzd/	a. 高兴的	happy: be pleased with	【同】happy, satisfied. be pleased with 【联想】please, pleasure【词根】please(取悦)+-ed→高兴的	
plea·sure	/ˈpleʒər/	n. 快乐	joy: with pleasure	【联想】please, pleasant【词根】please(取悦)+-ure→快乐	
plen·ty	/ˈplenti/	n. 大量	abundance: plenty of food	【联想】plentiful 形容词【词根】plen(满)+-ty→大量	
plot	/plɒt/	n. 情节	storyline: a movie plot	【词根】plot(小块地)→情节	
plough	/plaʊ/	v. 耕地，耕	till: plough the fields		
plug	/plʌɡ/	n. & v. 插头	connector: plug in the TV	【词根】plug(塞)→插头	
plus	/plʌs/	prep. 加	added to: two plus three	【反】minus 【联想】minus 反义【词根】plus(多)→加	
pock·et	/ˈpɒkɪt/	n. 口袋	pouch: a pocket knife	【词根】pocket(口袋)→口袋	
po·em	/ˈpəʊɪm/	n. 诗	verse: write a poem	【联想】poet 诗人, poetry【词根】poem(做)→诗	
po·et	/ˈpəʊɪt/	n. 诗	writer: a famous poet	【联想】poem, poetry【词根】poet(做)→诗人	
point	/pɔɪnt/	n. 点	dot: point at something	【联想】appoint 任命【词根】point(点)→点	
poi·son	/ˈpɔɪzən/	n. 毒	toxin: a deadly poison	【联想】poisonous 形容词【词根】poison(毒)→毒药	
poi·son·ous	/ˈpɔɪzənəs/	a. 有毒的	toxic: a poisonous snake	【联想】poison 名词【词根】poison(毒)+-ous→有毒的	
pole	/pəʊl/	n. 杆	rod: the North Pole	tent poles【词根】pole(极)→杆	
po·lice	/pəˈliːs/	n. 警察	law enforcement: call the police	【联想】policeman 警察	
po·lice·man	/pəˈliːsmən/	n. 警	officer: a policeman on duty	【联想】police	
pol·i·cy	/ˈpɒləsi/	n. 政	rules: a new policy	【词根】policy(政策)→政策	
pol·ish	/ˈpɒlɪʃ/	v. 打	shine: polish a silver spoon	【联想】Poland 形近; shine【词根】polish(擦亮)→抛光	
po·lite	/pəˈlaɪt/	a. 礼貌的	courteous: be polite to	【同】not rude【反】rude, impolite 【联想】politeness, impolite【词根】polite(擦亮→文雅)→礼貌的	
po·lit·i·cal	/pəˈlɪtɪkəl/	a. 政治的	governmental: a political party	【同】governmental 【联想】politics 名词【词根】polit(城市)+-ical→政治的	
pol·i·ti·cian	/ˌpɒlɪˈtɪʃən/	n. 政治家	leader: a famous politician	【联想】politics【词根】polit(城市)+-ician→政治家	
pol·i·tics	/ˈpɒlətɪks/	n. 政治	government: study politics	【联想】political, politician【词根】polit(城市)+-ics→政治	
pol·lute	/pəˈluːt/	v. 污染	contaminate: pollute the river	【联想】pollution 名词【词根】pollut(弄脏)+-e→污染	
pol·lu·tion	/pəˈluːʃən/	n. 污染	contamination: air pollution	【联想】pollute 动词【词根】pollut(弄脏)+-ion→污染	
pond	/pɒnd/	n. 池塘	lake	lake	
pool	/puːl/	n. 水池	pond: a swimming pool		
poor	/pɔːr/	a. 贫穷的	not rich: a poor family	【同】not rich【反】rich 【联想】名词 poverty 贫穷
pop	/pɒp/	a. 流行的	popular: a pop song	【同】popular 【联想】缩写 popular 受欢迎
pop·corn	/ˈpɒpkɔːn/	n. 爆米花	snack: a bag of popcorn	【联想】pop, corn	
pop·u·lar	/ˈpɒpjələr/	a. 受欢迎	well-liked: a popular singer	【联想】popularity 名词, pop【词根】popul(人民)+-ar→大众的→流行的	
pop·u·la·tion	/ˌpɒpjəˈleɪʃən/	n. 人口，居民	inhabitants: the population of a city	【同】people, inhabitants, residents【词根】popul(人民)+-ation→人口	
pork	/pɔːk/	n. 猪肉	meat from a pig: a plate of pork	【联想】pig 猪	
por·ridge	/ˈpɒrɪdʒ/	n. 粥	oatmeal: a bowl of porridge		
port	/pɔːt/	n. 港	harbor: a busy port	【联想】import, export 词根 port 运【词根】port(港口)→港口	
por·ta·ble	/ˈpɔːtəbəl/	a. 便携式	movable: a portable computer	【联想】port 词根, 便携【词根】port(携带)+-able→可携带的	
por·ter	/ˈpɔːtər/	n. 搬运工	carrier: a hotel porter	【联想】port 词根, 搬运【词根】port(搬运)+-er(人)→搬运工	
po·si·tion	/pəˈzɪʃən/	n. 位置	location: a high position	【联想】pose 词根【词根】posit(放)+-ion→位置	
pos·i·tive	/ˈpɒzətɪv/	a. 积极的；肯定的	optimistic: a positive attitude	【反】negative 【联想】negative 反义【词根】posit(放)+-ive→积极的	
pos·sess	/pəˈzes/	vt. 拥有	own: possess a skill	【联想】possession 名词【词根】poss(有能力)+-ess→拥有	
pos·ses·sion	/pəˈzeʃən/	n. 所有	belongings: personal possessions	【联想】possess 动词【词根】possess(拥有)+-ion→财产	
pos·si·bil·i·ty	/ˌpɒsəˈbɪləti/	n. 可能性	chance: there is a possibility	【同】chance【词根】possible(可能)+-ity(名词) 【联想】形容词 possible 可能的
pos·si·ble	/ˈpɒsəbəl/	a. 可能的	feasible: it's possible to	it is possible to do something【反】impossible 【联想】possibility 名词【词根】poss(能力)+-ible→可能的	
pos·si·bly	/ˈpɒsəbli/	ad. 可能地	maybe: possibly tomorrow	【联想】possible【词根】poss(能力)+-ibly→可能地	
post	/pəʊst/	n. 邮政	mail: post a letter	【联想】postcard, postman, postage	
post·age	/ˈpəʊstɪdʒ/	n. 邮	fee: postage stamp	【联想】post【词根】post(邮寄)+-age→邮资	
post·card	/ˈpəʊstkɑːd/	n. 明信片	mail: send a postcard	【联想】post, card【词根】post(邮寄)+card(卡)→明信片	
post·code	/ˈpəʊstkəʊd/	n. 邮政编码	zip code	【联想】post, code	
post·er	/ˈpəʊstər/	n. 海报；招贴	billboard	【联想】post【词根】post(张贴)+-er→海报	
post·man	/ˈpəʊstmən/	n. 邮递员	mail carrier	【联想】post, man【词根】post(邮递)+man(人)→邮递员	
post·pone	/pəʊstˈpəʊn/	v. 推	put off: postpone a meeting	【联想】post 后, pone【词根】post-(后)+pone(放)→放到后面→推迟	
pot	/pɒt/	n. 壶，锅	container: a cooking pot	【联想】potato 土豆	
po·ta·to	/pəˈteɪtəʊ/	n. 土豆	vegetable: a big potato	【联想】pot, tomato	
po·ten·tial	/pəˈtenʃəl/	a. 潜在的	possible: potential energy	【同】possible【词根】potent(能力)+-ial→潜在的	
pound	/paʊnd/	n. 磅	weight: a pound of sugar	【词根】pound(磅)→磅	
pour	/pɔːr/	v. 倾倒	flow: pour water into	【同】flow【词根】pour(倒)→倒	
pow·der	/ˈpaʊdər/	n. 粉	fine grains: a box of powder	【词根】powder(粉)→粉末	
pow·er	/paʊər/	n. 权力	authority: a lot of power	【联想】powerful 形容词【词根】power(能力)→力量	
pow·er·ful	/ˈpaʊəfəl/	a. 强大的	strong: a powerful country	【同】strong 【联想】power 名词【词根】power(力量)+-ful→强大的	
prac·ti·cal	/ˈpræktɪkəl/	a. 实际的；实践的；实用的	useful	【联想】practice 名词【词根】pract(做)+-ical→实用的	
prac·tice	/ˈpræktɪs/	n. 实践	exercise: practice speaking	【联想】practise 动词【词根】pract(做)+-ice→实践	
prac·tise	/ˈpræktɪs/	v. 练	train: practise the piano	【联想】practice 名词【词根】pract(做)+-ise→实践	
praise	/preɪz/	v. 赞扬	applaud: praise someone	【词根】praise(价值)→赞扬	
pray	/preɪ/	v. 祈祷（+for）	worship: pray for peace	【联想】prayer 名词【词根】pray(请求)→祈祷	
prayer	/preər/	n. 祈祷词	petition: say a prayer	【联想】pray 动词【词根】pray(祈祷)+-er→祈祷	
pre·cious	/ˈpreʃəs/	a. 宝贵的	valuable: a precious diamond	【同】valuable【词根】preci(价值)+-ous→珍贵的 【联想】price 词根 preci 价值	
pre·cise	/prɪˈsaɪs/	a. 精确的	exact: a precise measurement	【同】exact, accurate, correct 【词根】pre- 'before'+cise(切) 【联想】名词 precision 精确
pre·dict	/prɪˈdɪkt/	v. 预测；预报	forecast	【词根】pre- 'before'+dict(说) 【联想】名词 prediction 预言
pre·fer	/prɪˈfɜːr/	v. 更喜欢	favor: prefer coffee	【词根】pre- 'before'+fer(带) 【联想】名词 preference 偏
pref·e·rence	/ˈprefərəns/	n. 偏	liking: have a preference for	【联想】prefer 动词【词根】pre-(在前)+fer(带)+-ence→偏爱	
preg·nant	/ˈpreɡnənt/	a. 怀孕	expecting a baby: a pregnant woman	【同】expecting a baby 【联想】pregnancy 名词【词根】pre-(前)+gn(生育)+-ant→孕前的→怀孕	
prej·u·dice	/ˈpredʒədɪs/	n. 偏见	bias: have a prejudice against	【词根】pre-(前)+judice(判断)→事先判断→偏见	
prem·i·er	/ˈpremiər/	n. 首	prime minister: a premier of a country	【词根】pre-(前)+mier→首相	
prep·a·ra·tion	/ˌprepərˈeɪʃən/	n. 准备	planning: make preparation for	【联想】prepare 动词【词根】pre-(前)+par(准备)+-ation→准备	
pre·pare	/prɪˈpeər/	v. 准备（+ for）	get ready: prepare a meal	【联想】preparation 名词【词根】pre-(前)+pare(准备)→准备	
pre·scribe	/prɪˈskraɪb/	v. 开处方	order: prescribe medicine	【联想】prescription 名词【词根】pre-(前)+scribe(写)→预先写→开处方	
pre·scrip·tion	/prɪˈskrɪpʃən/	n. 处方	doctor's order: a medical prescription	【联想】prescribe 动词【词根】pre-(前)+script(写)+-ion→处方	
pres·ent	/ˈprezənt/	n. 礼物	gift: a birthday present	【联想】presence, presentation【词根】pre-(前)+sent(存在)→呈现在前→赠送/现在	
pre·sen·ta·tion	/ˌprezənˈteɪʃən/	n. 展示；描述；介绍；赠送	show	【联想】present【词根】pre-(前)+sent(存在)+-ation→展示	
pre·serve	/prɪˈzɜːv/	v. 保存	keep: preserve food	【联想】reserve 形近; preservation【词根】pre-(前)+serve(保存)→保存	
pres·i·dent	/ˈprezɪdənt/	n. 总统	leader: the president of a country	【词根】pre-(前)+sid(坐)+-ent(人)→坐在前面的人→总统	
press	/pres/	v. 按	push: the press conference	【联想】pressure 名词, express【词根】press(压)→压	
pres·sure	/ˈpreʃər/	n. 压力	stress: under pressure	【联想】press 动词【词根】press(压)+-ure→压力	
pre·tend	/prɪˈtend/	v. 假装	fake: pretend to be asleep	【词根】pre-(前)+tend(伸)→伸到前面→假装	
pret·ty	/ˈprɪti/	a. 漂亮的 【同】attractive. ad. 相当 【同】fairly, quite	quite: a pretty girl	【反】ugly	
pre·vent	/prɪˈvent/	v. 防止	stop: prevent a fire	【联想】prevention 名词【词根】pre-(前)+vent(来)→预先来→阻止	
pre·view	/ˈpriːvjuː/	v. 预	sneak peek: preview a movie	【联想】pre 前, view【词根】pre-(前)+view(看)→预先看→预览	
pre·vi·ous	/ˈpriːviəs/	a. 之前的	prior: a previous meeting	【反】next 【联想】previously 副词【词根】pre-(前)+vi(路)+-ous→前面的路→先前的	
price	/praɪs/	n. 价格	cost: the price of a book	【联想】priceless, precious 词根【词根】price(价值)→价格	
pride	/praɪd/	n. 骄傲	vanity: take pride in	【联想】proud 形容词【词根】pride(骄傲)→自豪	
pri·ma·ry	/ˈpraɪməri/	a. 主要的	first: a primary school	【同】main【词根】prim(第一)+-ary(…的) 【联想】prim 词根 第一	
prim·i·tive	/ˈprɪmɪtɪv/	a. 原始的	ancient: primitive tools	【词根】prim(第一)+-itive 【联想】prim 词根 第一	
prin·ci·ple	/ˈprɪnsəpəl/	n. 原则	rule: basic principle	【同】rule【词根】prim(第一)+cip(拿)+-le→原则	
print	/prɪnt/	v. 打印	publish: print a document	【联想】printer 名词【词根】print(压)→印刷	
pris·on	/ˈprɪzən/	n. 监狱	jail: go to prison	【联想】prisoner 名词【词根】pris(抓)+-on→监狱	
pris·on·er	/ˈprɪzənər/	n. 囚犯	inmate: a prisoner of war	【联想】prison【词根】pris(抓)+-oner→囚犯	
pri·vate	/ˈpraɪvət/	a. 私人的	personal: a private car	【同】not public【反】public 【联想】privacy 名词, public 反义【词根】priv(私人)+-ate→私人的	
priv·i·lege	/ˈprɪvəlɪdʒ/	n. 特权	special right: enjoy a privilege	【词根】priv(私人)+leg(法律)+-e→特权	
prize	/praɪz/	n. 奖品	award: win a prize	【词根】prize(价值)→奖品	
prob·a·bly	/ˈprɒbəbli/	ad. 很可能	likely: probably it will rain	【联想】probable 形容词【词根】prob(证明)+-ably→可证实的→很可能	
prob·lem	/ˈprɒbləm/	n. 问题	difficulty: solve a problem	【词根】pro-(向前)+blem(投)→抛出的难题→问题	
pro·ce·dure	/prəˈsiːdʒər/	n. 程序	process	【联想】process 词根, proceed【词根】pro-(向前)+ced(走)+-ure→程序	
pro·cess	/ˈprəʊses/	n. 过	procedure: a production process	【联想】procedure, 过程【词根】pro-(向前)+cess(走)→过程	
pro·duce	/prəˈdʒuːs/	v. 生产	make: produce a film	【联想】product 名词, production【词根】pro-(向前)+duce(引导)→生产	
prod·uct	/ˈprɒdʌkt/	n. 产品；产物；出品	goods	【词根】pro- 'forward'+duct(引导) 【联想】动词 produce 生产
pro·duc·tion	/prəˈdʌkʃən/	n. 产	output: a new production	【联想】produce【词根】pro-(向前)+duct(引导)+-ion→生产	
pro·fes·sion	/prəˈfeʃən/	n. 职	occupation: a noble profession	【联想】professional 形容词【词根】pro-(向前)+fess(说)+-ion→公开声明→职业	
pro·fes·sor	/prəˈfesər/	n. 教	teacher: a university professor	【词根】pro-(向前)+fess(说)+-or(人)→教授	
prof·it	/ˈprɒfɪt/	n. 利润	financial gain: make a profit	【词根】pro-(向前)+fit(做)→做得好→利润	
pro·gram	/ˈprəʊɡræm/	n. 程序（美式拼写）	software	【词根】pro- 'forward'+gram(写) 【联想】programme 英式	
pro·gramme	/ˈprəʊɡræm/	n. 节目；程序；计划（英式拼写）	schedule	【联想】program 美式【词根】pro-(向前)+gram(写)→节目	
pro·gress	/ˈprəʊɡres/	n. 进步	advancement: make progress	【联想】progressive 形容词【词根】pro-(向前)+gress(走)→前进	
pro·hib·it	/prəˈhɪbɪt/	v. 禁	forbid: prohibit smoking	【联想】prohibition 名词【词根】pro-(前)+hibit(握住)→阻止	
proj·ect	/ˈprɒdʒekt/	n. 项目	task: a research project	【联想】pro 前, ject 词根【词根】pro-(向前)+ject(投)→投向前方→项目	
prom·ise	/ˈprɒmɪs/	v. 承诺	pledge: make a promise	【词根】pro-(向前)+mise(送)→预先送出→承诺	
pro·mote	/prəˈməʊt/	v. 推广，提拔	advance: promote a product	【词根】pro- 'forward'+mote(移动) 【联想】名词 promotion 晋升
pro·nounce	/prəˈnaʊns/	v. 发音	say aloud: pronounce a word	【联想】pronunciation 名词【词根】pro-(向前)+nounce(说)→发音	
pro·nun·ci·a·tion	/prəˌnʌnsiˈeɪʃən/	n. 发音	speech: correct pronunciation	【联想】pronounce 动词【词根】pro-(向前)+nunci(说)+-ation→发音	
prop·er	/ˈprɒpər/	a. 合适的	suitable: a proper way	【同】suitable, appropriate, correct 【联想】properly 副词, property【词根】pro-(向前)+pri(自身)→proper→合适的	
prop·er·ly	/ˈprɒpəli/	ad. 恰当地	correctly: do it properly	【同】correctly 【联想】proper【词根】proper(合适)+-ly→适当地	
pro·tect	/prəˈtekt/	v. 保护	shield: protect the environment	【联想】protection 名词【词根】pro-(前)+tect(盖)→在前面遮盖→保护	
pro·tec·tion	/prəˈtekʃən/	n. 保护	defense: environmental protection	【联想】protect 动词【词根】pro-(前)+tect(盖)+-ion→保护	
proud	/praʊd/	a. 骄傲的	vain: be proud of	【词组】be proud of 【联想】pride 名词【词根】proud(骄傲)→自豪的	
prove	/pruːv/	v. 证明	verify: prove a theory	【联想】proof 名词【词根】prove(证明)→证明	
pro·vide	/prəˈvaɪd/	v. 提供	supply: provide food	【联想】provision 名词【词根】pro-(向前)+vid(看)+-e→预先看到→提供	
prov·ince	/ˈprɒvɪns/	n. 省	region: a Chinese province	【同】state【词根】pro-(向前)+vinc(征服)+-e→省	
psy·chol·o·gy	/saɪˈkɒlədʒi/	n. 心理学	mind science: study psychology	【词根】psycho(心灵)+logy(学) 【联想】形容词 psychological 心理的
pub	/pʌb/	n. 酒吧	bar: go to the pub		
pub·lic	/ˈpʌblɪk/	a. 公共的	communal: in public	【反】private 【联想】publish 形近; private 反义【词根】public(人民)→公共的	
pub·lish	/ˈpʌblɪʃ/	v. 出	release: publish a book	【联想】publication 名词, publisher【词根】publish(公开)→出版	
pull	/pʊl/	v. 拉	drag: pull a rope	【同】drag, tug, haul, drag, draw, tow, heave, lug, jerk, wrench【反】push 【联想】反义 push 推
pulse	/pʌls/	n. 脉	heartbeat rhythm: feel one's pulse	【同】heartbeat rhythm【词根】pulse(推动)→脉搏	
pump	/pʌmp/	n. 水泵	machine: a water pump		
punc·tu·al	/ˈpʌŋktʃuəl/	a. 准时的	on time【词根】punct(点)+-ual→准时的: be punctual for	【联想】punctuation 形近; 词根 punct	
punc·tu·a·tion	/ˌpʌŋktʃuˈeɪʃən/	n. 标点符	marks: correct punctuation	【联想】punctual 形近; 词根 punct【词根】punct(点)+-uation→标点	
pun·ish	/ˈpʌnɪʃ/	v. 惩罚	penalize: punish a child	【反】reward 【联想】punishment 名词【词根】pun(惩罚)+-ish→惩罚	
pun·ish·ment	/ˈpʌnɪʃmənt/	n. 惩	penalty: receive a punishment	【联想】punish 动词【词根】pun(惩罚)+-ishment→惩罚	
pu·pil	/ˈpjuːpəl/	n. 学生	schoolchild: a pupil in class	【词根】pupil(学生)→小学生	
pur·chase	/ˈpɜːtʃəs/	v. 购	buy: purchase a car	【词根】pur-(完全)+chase(追赶)→购买	
pure	/pjʊər/	a. 纯净的	clean: a pure white color	【同】unmixed【反】impure 【联想】purity 名词, impure 反义【词根】pure(纯净)→纯净的	
pur·ple	/ˈpɜːpəl/	a. 紫色的	violet: a purple flower		
pur·pose	/ˈpɜːpəs/	n. 目的	goal: for the purpose of	【词根】pro-(向前)+pose(放)→放在前面→目的	
purse	/pɜːs/	n. 钱包	wallet: a leather purse	【联想】同义 wallet 钱包
push	/pʊʃ/	v. 推	shove: push a cart	【联想】反义 pull 拉
put	/pʊt/	v. (put, put) 放	place: put on a coat		
puz·zle	/ˈpʌzəl/	n. 谜	riddle: solve a puzzle		
pyr·a·mid	/ˈpɪrəmɪd/	n. 金字塔	monument: an ancient pyramid	【词根】pyramid(金字塔)→金字塔	
quake	/kweɪk/	v. 地震	shake: a big earthquake	【联想】earthquake 地震	
qual·i·fi·ca·tion	/ˌkwɒlɪfɪˈkeɪʃən/	n. 资格	certificate: a teaching qualification	【联想】qualify 动词【词根】qual(性质)+-ification→资格	
qual·i·ty	/ˈkwɒləti/	n. 质量	standard	【联想】quantity 形近【词根】qual(性质)+-ity→质量	
quan·ti·ty	/ˈkwɒntəti/	n. 数量	amount: a large quantity of	【联想】quality 形近【词根】quant(多少)+-ity→数量	
quar·rel	/ˈkwɒrəl/	n. 争吵	argument: quarrel with someone	【联想】argument 同义【词根】quarrel(抱怨)→争吵	
quar·ter	/ˈkwɔːtər/	n. 四分之一	one-fourth: a quarter of an hour	【联想】four 词根 quart 四【词根】quart(第四)+-er→四分之一	
queen	/kwiːn/	n. 女王	monarch: a beautiful queen	【联想】king 国王	
ques·tion	/ˈkwestʃən/	n. 问题	query: ask a question	【联想】questionnaire 问卷【词根】quest(询问)+-ion→问题	
ques·tion·naire	/ˌkwestʃəˈneər/	n. 问卷	survey: fill in a questionnaire	【联想】question【词根】quest(询问)+-ionnaire→问卷	
queue	/kjuː/	n. 队列	line: queue up	【词根】queue(尾巴)→队列	
quick	/kwɪk/	a. 快速的，短暂	fast: a quick run	【反】slow 【联想】副词 quickly 快速地
qui·et	/ˈkwaɪət/	a. 安静的	silent: a quiet room	【反】loud, noisy 【联想】quietly 副词, silence【词根】quiet(安静)→安静的	
quilt	/kwɪlt/	n. 被子	a bed cover: a warm quilt		
quit	/kwɪt/	v. (quit, quit) 离开	leave: quit smoking		
quite	/kwaɪt/	ad. 相当	very: quite good	【词根】quite(安静)→相当	
quiz	/kwɪz/	n. 测验	test: take a quiz	【联想】同义 test 测试，测验
rab·bit	/ˈræbɪt/	n. 兔	animal: a white rabbit		
race	/reɪs/	n. 赛跑，比赛	contest: run a race	【联想】racial 形容词, runner	
ra·cial	/ˈreɪʃəl/	a. 种族的	ethnic【词根】race(种族)+-ial(…的): racial discrimination	【同】ethnic, ETHNIC 【联想】名词 race 赛跑，比赛
ra·di·a·tion	/ˌreɪdiˈeɪʃən/	n. 辐	emission: nuclear radiation	【联想】radiate 动词, radioactive【词根】radi(光线)+-ation→辐射	
ra·di·o	/ˈreɪdiəʊ/	n. 收音机	device: listen to the radio	【词根】radi(光线→电波)→收音机	
ra·di·o·ac·tive	/ˌreɪdiəʊˈæktɪv/	a. 放射性	emitting radiation: radioactive waste	【同】emitting radiation 【联想】radiation, active【词根】radio(辐射)+active(活跃)→放射性的	
ra·di·um	/ˈreɪdiəm/	n. 镭	radioactive element: discover radium	【同】radioactive element 【联想】radioactive, 镭元素【词根】radi(光线)+-um→镭	
rag	/ræɡ/	n. 破	old cloth: a dirty rag		
rail	/reɪl/	n. 铁	track: a railway track	【联想】railway, railroad	
rail·way	/ˈreɪlweɪ/	n. 铁	train track: the railway station	【联想】rail, way【词根】rail(轨道)+way(路)→铁路	
rain	/reɪn/	n. & v. 雨；下	rainfall: rain heavily	【反】shine 【联想】rainbow, raincoat, rainfall, rainy	
rain·bow	/ˈreɪnbəʊ/	n. 彩	color arc: a colorful rainbow	【联想】rain, bow【词根】rain(雨)+bow(弓)→彩虹	
rain·coat	/ˈreɪŋkəʊt/	n. 雨	jacket: wear a raincoat	【联想】rain, coat	
rain·fall	/ˈreɪnfɔːl/	n. 降	precipitation: the annual rainfall	【联想】rain, fall	
rain·y	/ˈreɪni/	a. 多雨的	wet: a rainy day	【联想】名词 rain 雨；下
raise	/reɪz/	v. 举起，提升	lift: raise a hand	【联想】形近 rise 上
ran·dom	/ˈrændəm/	a. 随机的	arbitrary: at random	at random	
range	/reɪndʒ/	n. 范	scope: a wide range of	【同】scope, variety 【联想】arrange 形近【词根】range(排列)→范围	
rank	/ræŋk/	n. 排	position: rank first		
rap·id	/ˈræpɪd/	a. 快速	quick: a rapid growth	【联想】rapidly 副词【词根】rapid(快)→快速的	
rare	/reər/	a. 罕见的	uncommon: a rare species	【同】uncommon, not common, scarce 【联想】副词 rarely 很少
rat	/ræt/	n. 老	mouse: a small rat	【联想】mouse 老鼠	
rate	/reɪt/	n. 比	speed: at a fast rate		
ra·ther	/ˈrɑːðər/	ad. 相当	rather than	而不是（=somewhat: rather than）【同】instead of	
raw	/rɔː/	a. 生的（食物）	uncooked	【反】cooked	
ray	/reɪ/	n. 光	beam of light: a ray of sunshine	【词根】ray(光线)→光线	
ra·zor	/ˈreɪzər/	n. 刮胡	shaver: a safety razor	【联想】shave 刮胡子	
reach	/riːtʃ/	v. 到达	arrive at: reach a goal	【同】ARRIVE AT, get to	
re·act	/riˈækt/	v. 反	respond: react to something	【联想】reaction 名词, act【词根】re-(回)+act(做)→反应	
read	/riːd/	v. (read, read) 读	peruse: read a book	【同】peruse 【联想】reader 名词, reading	
read·ing	/ˈriːdɪŋ/	n. 阅	study: do some reading	【联想】动词 read 读
read·y	/ˈredi/	a. 准备好	prepared: be ready for		
real	/rɪəl/	a. 真实的	genuine, actual: a real story	【同】genuine, actual, genuine【反】fake, unreal 【联想】really 副词, reality【词根】real(真实)→真实的	
realise	/ˈrɪəlaɪz/	v. 意识到；实现（英式拼写）	understand: realise a mistake	【联想】realize 美式, real【词根】real(真实)+-ise→实现	
re·al·i·ty	/riˈæləti/	n. 现	truth: in reality	【联想】real 形容词【词根】real(真实)+-ity→现实	
rea·lize	/ˈrɪəlaɪz/	v. 意识到，实	recognize: realize a dream	【联想】realise 英式【词根】real(真实)+-ize→实现	
real·ly	/ˈrɪəli/	ad. 真正地	very: really good	【联想】real【词根】real(真实)+-ly→真正地	
rea·son	/ˈriːzən/	n. 理	cause: a good reason	【联想】reasonable 形容词【词根】reason(计算)→理由	
rea·son·a·ble	/ˈriːzənəbəl/	a. 合理的	sensible: a reasonable price	【同】sensible, rational 【联想】reason 名词【词根】reason(理由)+-able→合理的	
re·build	/ˌriːˈbɪld/	v. 重	restore: rebuild a house	【联想】build, re 前缀【词根】re-(再)+build(建造)→重建	
re·ceipt	/rɪˈsiːt/	n. 收	proof: keep the receipt	【联想】receive 动词【词根】re-(回)+ceipt(拿)→收据	
re·ceive	/rɪˈsiːv/	v. 收	get: receive a letter	【联想】receipt, receiver【词根】re-(回)+ceive(拿)→收到	
re·ceiv·er	/rɪˈsiːvər/	n. 电话听筒；接收器；接受者	headset	【联想】receive 动词【词根】re-(回)+ceive(拿)+-er(人或物)→接收者	
re·cent	/ˈriːsənt/	a. 最近	new: in recent years	【联想】recently 副词【词根】re-(回)+cent(新)→最近的	
re·cent·ly	/ˈriːsəntli/	ad. 最近	lately	【联想】recent【词根】re-(回)+cent(新)+-ly→最近	
re·cep·tion	/rɪˈsepʃən/	n. 接待处，招待会	reception desk: a hotel reception	【词根】re- 'back'+cept(拿)+-ion 【联想】receive 词根, receptionist
re·cep·tion·ist	/rɪˈsepʃənɪst/	n. 接待员	clerk: a receptionist at work	【联想】reception【词根】re-(回)+cept(拿)+-ion+-ist(人)→前台接待员	
re·ci·pe	/ˈresɪpi/	n. 食	cooking instructions: a cooking recipe	【同】cooking instructions【词根】re-(回)+cipe(拿)→按方取料→食谱	
re·cite	/rɪˈsaɪt/	v. 背	repeat aloud: recite a poem	【联想】recitation 名词【词根】re-(回)+cite(唤)→回忆→背诵	
rec·og·nize	/ˈrekəɡnaɪz/	v. 认	identify: recognize the problem	【联想】recognition 名词【词根】re-(再)+cogn(知道)+-ize→认出	
rec·om·mend	/ˌrekəˈmend/	v. 推	suggest: recommend a book	【联想】recommendation 名词【词根】re-(再)+commend(委托)→推荐	
rec·ord	/rɪˈkɔːd/	v. 记	document: record a video	【联想】recorder 名词, recording【词根】re-(回)+cord(心)→记录	
re·cord·er	/rɪˈkɔːdər/	n. 录音机	device: a tape recorder	【联想】record 动词【词根】re-(回)+cord(记)+-er(物)→录音机	
re·cov·er	/rɪˈkʌvər/	v. 恢	heal: recover from illness	【联想】recovery 名词【词根】re-(回)+cover(覆盖)→恢复	
rec·re·a·tion	/ˌrekriˈeɪʃən/	n. 娱	entertainment: outdoor recreation	【联想】recreate 动词, create【词根】re-(再)+creation(创造)→娱乐	
rec·tan·gle	/ˈrektæŋɡəl/	n. 矩	shape: a large rectangle	【联想】angle 角	
re·cy·cle	/ˌriːˈsaɪkəl/	v. 回收利	reuse: recycle waste	【联想】cycle 词根, reuse【词根】re-(再)+cycle(环)→再循环→回收	
red	/red/	a. 红色的	scarlet: a red apple	【联想】颜色词 blue, green	
re·duce	/rɪˈdʒuːs/	v. 减	lessen: reduce pollution	【联想】reduction 名词【词根】re-(回)+duce(引导)→往回带→减少	
re·fer	/rɪˈfɜːr/	v. 提及；参考	mention: refer to a dictionary	【词根】re- 'back'+fer(带) 【联想】名词 reference 参考, referee 裁判
ref·er·ee	/ˌrefəˈriː/	n. 裁	judge: a football referee	【联想】refer【词根】re-(回)+fer(带)+-ee(人)→裁判	
ref·er·ence	/ˈrefərəns/	n. 引用；参考资料	citation: a reference book	【联想】refer 动词【词根】re-(回)+fer(带)+-ence→参考	
re·flect	/rɪˈflekt/	v. 反射；反映	mirror: reflect on one's actions	【同】mirror 【联想】reflection 名词【词根】re-(回)+flect(弯)→折回→反射	
re·form	/rɪˈfɔːm/	v. 改	improve: carry out reform	【联想】form 词根, re【词根】re-(再)+form(形状)→改革	
re·fresh	/rɪˈfreʃ/	v. 刷新；使精神振	renew: refresh oneself	【联想】fresh 词根【词根】re-(再)+fresh(新鲜的)→提神	
re·fri·ge·ra·tor	/rɪˈfrɪdʒəreɪtər/	n. 冰	fridge: use a refrigerator	【联想】fridge 缩写【词根】re-(再)+friger(冷)+-ator(物)→冰箱	
re·fuse	/rɪˈfjuːz/	v. 拒	decline: refuse an offer	【联想】refusal 名词【词根】re-(回)+fuse(倒)→倒回→拒绝	
re·gard	/rɪˈɡɑːd/	v. 视	consider: regard as a friend	【联想】regardless, regarding【词根】re-(回)+gard(看)→看待	
re·gard·less	/rɪˈɡɑːdləs/	ad. 不管怎	anyway: regardless of the weather	【联想】regard【词根】re-(回)+gard(看)+-less(不)→不管	
re·gis·ter	/ˈredʒɪstər/	v. 登	sign up: register for a course	【联想】registration 名词【词根】re-(回)+gister(记录)→登记	
re·gret	/rɪˈɡret/	v. 后	rue: regret a decision	【词根】re-(回)+gret(哭)→后悔	
reg·u·lar	/ˈreɡjələr/	a. 定期的，规则的	normal: a regular customer	【同】routine 【联想】irregular 反义, regularly【词根】regul(规则)+-ar→规则的	
reg·u·la·tion	/ˌreɡjəˈleɪʃən/	n. 规	rule: traffic regulation	【联想】regulate 动词【词根】regul(规则)+-ation→法规	
re·ject	/rɪˈdʒekt/	v. 拒	refuse: reject an idea	【联想】rejection 名词【词根】re-(回)+ject(投)→扔回→拒绝	
re·late	/rɪˈleɪt/	v. 关	connect: relate to a topic	【联想】relation, relationship, relative【词根】re-(回)+late(带)→相关联	
re·la·tion	/rɪˈleɪʃən/	n. 关	connection: a family relation	【联想】relate 动词【词根】re-(回)+lat(带)+-ion→关系	
re·la·tion·ship	/rɪˈleɪʃənʃɪp/	n. 关	bond: a good relationship	【联想】relation【词根】relation+ship(状态)→关系	
rel·a·tive	/ˈrelətɪv/	a. 相对的	comparative: a close relative	n. 亲戚 【联想】relate 动词【词根】re-(回)+lat(带)+-ive→有关系的→亲戚	
re·lax	/rɪˈlæks/	v. 放	unwind: relax at home	【联想】relaxation 名词【词根】re-(放松)+lax(松)→松弛	
re·lay	/ˌrɪˈleɪ/	v. 中	transmit: a relay race	【词根】re-(回)+lay(放)→接力	
rel·e·vant	/ˈreləvənt/	a. 相关的	pertinent: be relevant to	【同】relatedrelated 【联想】relate 词根【词根】re-(回)+lev(举起)+-ant→相关的	
re·li·a·ble	/rɪˈlaɪəbəl/	a. 可靠的	trustworthy: a reliable person	【词根】rely(依赖)+-able(可…的) 【联想】动词 rely 依赖
re·lief	/rɪˈliːf/	n. 解脱，减轻	ease: a sense of relief	【同】ease 【联想】relieve 动词【词根】re-(回)+lief(举起)→减轻	
re·li·gion	/rɪˈlɪdʒən/	n. 宗	faith: a world religion	【联想】religious 形容词【词根】re-(回)+lig(绑)+-ion→人与神的联结→宗教	
re·li·gious	/rɪˈlɪdʒəs/	a. 宗教的	spiritual: a religious person	【同】spiritual 【联想】religion 名词【词根】re-(回)+lig(绑)+-ious→宗教的	
re·ly	/rɪˈlaɪ/	v. 依赖	depend on: rely on oneself	【同】depend on 【联想】形容词 reliable 可靠的【词根】re-(回)+ly(绑)→倚靠	
re·main	/rɪˈmeɪn/	v. 保	stay: remain silent	【词根】re-(回)+main(留)→留下	
re·mark	/rɪˈmɑːk/	v. 评	comment: make a remark	【联想】remarkable 形容词【词根】re-(回)+mark(标记)→评论	
re·mem·ber	/rɪˈmembər/	v. 记	recall: remember a name	【联想】remind 形近; memory【词根】re-(回)+member(记忆)→记得	
re·mind	/rɪˈmaɪnd/	v. 提醒，使想	prompt: remind someone of	【联想】remember, mind【词根】re-(回)+mind(心智)→提醒	
re·mote	/rɪˈməʊt/	a. 遥远的；偏僻的；遥控的	distant: a remote village	【同】distant【词根】re-(回)+mot(动)+-e→移得远→遥远的	
re·move	/rɪˈmuːv/	v. 移	take off or away: remove a stain	【同】take off or away 【联想】removal 名词, move【词根】re-(回)+move(动)→移走	
rent	/rent/	v. 租借	lease: rent an apartment	n. 租金【词根】rent(租金)→租金	
re·pair	/rɪˈpeər/	v. 修	fix: repair a bike	【词根】re-(再)+pair(准备)→修复	
re·peat	/rɪˈpiːt/	v. 重	say again: repeat a sentence	【联想】repetition 名词【词根】re-(再)+peat(寻求)→重复	
re·place	/rɪˈpleɪs/	v. 替	substitute: replace a book	【联想】replacement 名词, place【词根】re-(再)+place(放)→替换	
re·ply	/rɪˈplaɪ/	v. 回	answer: reply to a letter	【词根】re-(回)+ply(折叠)→折回→答复	
re·port	/rɪˈpɔːt/	v. & n. 报	account: write a report	【联想】reporter 名词【词根】re-(回)+port(携带)→带回来→报告	
re·port·er	/rɪˈpɔːtər/	n. 记者	journalist: a news reporter	【同】journalist 【联想】report 动词【词根】re-(回)+port(带)+-er(人)→记者	
rep·re·sent	/ˌreprɪˈzent/	v. 代	stand for: represent a group	【联想】representative 名词【词根】re-(再)+present(呈现)→代表	
rep·re·sen·ta·tive	/ˌreprɪˈzentətɪv/	n. 代	delegate: a student representative	【联想】represent 动词【词根】re-(再)+present(呈现)+-ative(人)→代表	
re·pub·lic	/rɪˈpʌblɪk/	n. 共和国	democracy: a democratic republic	【同】nation【词根】re-(事物)+public(公共)→共和国	
rep·u·ta·tion	/ˌrepjəˈteɪʃən/	n. 名	fame: a good reputation	【词根】re-(再)+put(思考)+-ation→名声	
re·quest	/rɪˈkwest/	v. & n. 请	ask for: make a request	【词根】re-(再)+quest(寻求)→请求	
re·quire	/rɪˈkwaɪər/	v. 需要	need: require hard work	【同】needneed 【联想】requirement 名词【词根】re-(再)+quire(寻求)→要求	
re·quire·ment	/rɪˈkwaɪəmənt/	n. 要	demand: meet a requirement	【联想】require 动词【词根】re-(再)+quire(求)+-ment→要求	
res·cue	/ˈreskjuː/	v. 救	save: rescue a victim	【词根】re-(再)+scue(摇动)→从危难中摇醒→营救	
re·search	/rɪˈsɜːtʃ/	n. 研	study: do research	【联想】search 词根【词根】re-(再)+search(搜寻)→研究	
re·sem·ble	/rɪˈzembəl/	v. 类	look like: resemble a relative	【联想】resemblance 名词, similar【词根】re-(再)+sembl(相似)+-e→相像	
res·er·va·tion	/ˌrezəˈveɪʃən/	n. 预	booking: make a reservation	【同】booking, arrangement 【联想】reserve 动词【词根】re-(回)+serv(保存)+-ation→预订	
re·serve	/rɪˈzɜːv/	v. 储备，预订	book: reserve a seat	【词根】re- 'back'+serve(保存) 【联想】名词 reservation 预
re·sign	/rɪˈzaɪn/	v. 辞	give up job: resign from a job	【联想】resignation 名词【词根】re-(回)+sign(签名)→辞职	
re·sist	/rɪˈzɪst/	v. 抵	withstand: resist temptation	【联想】resistance 名词【词根】re-(回)+sist(站)→抵抗	
re·spect	/rɪˈspekt/	v. 尊	admire: respect one's elders	【联想】respectful, respectable【词根】re-(回)+spect(看)→回望→尊重	
re·spond	/rɪˈspɒnd/	v. 回	answer: respond to a question	【联想】response 名词【词根】re-(回)+spond(承诺)→回应	
re·spon·si·bil·i·ty	/rɪˌspɒnsɪˈbɪləti/	n. 责	duty: take responsibility	【联想】responsible 形容词【词根】re-(回)+spond(承诺)+-ibility→责任	
rest	/rest/	n. & v. 休息；剩余部分	relax: take a rest	【同】relax 【联想】形近 restaurant 餐
res·tau·rant	/ˈrestərɒnt/	n. 餐	diner: go to a restaurant	【联想】rest 形近【词根】restaur(恢复)+-ant→餐馆	
re·stric·tion	/rɪˈstrɪkʃən/	n. 限	limit: impose a restriction	【联想】restrict 动词【词根】re-(回)+strict(拉紧)→限制	
re·sult	/rɪˈzʌlt/	n. 结	outcome: result in success	【词根】re-(回)+sult(跳)→跳回来→结果	
re·tell	/ˌriːˈtel/	v. 重	recount: retell a story	【联想】tell, re 前缀【词根】re-(再)+tell(讲述)→复述	
re·tire	/rɪˈtaɪər/	v. 退休	stop working: retire from work	【同】stop working 【联想】retirement 名词【词根】re-(回)+tire(拉)→拉回→退休	
re·turn	/rɪˈtɜːn/	v. 返	go back: return a book	【词根】re-(回)+turn(转)→返回	
re·view	/rɪˈvjuː/	v. 回	assess: review a lesson	【联想】view 词根, revise【词根】re-(再)+view(看)→复习	
re·vi·sion	/rɪˈvɪʒən/	n. 修	correction: make a revision	【联想】revise 动词【词根】re-(再)+vis(看)+-ion→修订	
rev·o·lu·tion	/ˌrevəˈluːʃən/	n. 革	rebellion: a social revolution	【联想】revolve 动词, revolutionary【词根】re-(回)+volut(转)+-ion→旋转→革命	
re·ward	/rɪˈwɔːd/	n. 奖	prize: give a reward	【词根】re-(回)+ward(看)→回报→奖赏	
re·wind	/ˌriːˈwaɪnd/	v. 倒	reverse: rewind a tape	【联想】wind 词根【词根】re-(回)+wind(缠绕)→倒带	
rhyme	/raɪm/	v. 押	sound alike: a rhyming poem		
rice	/raɪs/	n. 米	grain: a bowl of rice		
rich	/rɪtʃ/	a. 富有的	wealthy, not poor: a rich man	【同】wealthy【反】poor	
rid	/rɪd/	v. 摆脱	free: rid of a habit	【同】DISPOSE OF, throw away/out 【词组】get rid of	
rid·dle	/ˈrɪdəl/	n. 谜	puzzle: solve a riddle	【联想】同义 puzzle 谜
ride	/raɪd/	v. (rode, ridden) 骑	travel on: ride a bike	【联想】名词 rider 骑手
ri·dic·u·lous	/rɪˈdɪkjələs/	a. 荒谬的	absurd: a ridiculous idea	【同】absurd, silly, foolish 【联想】ridicule 名词【词根】rid(笑)+-iculous→荒谬的	
right	/raɪt/	a. 右	correct: be in the right	【反】wrong, left 【联想】反义 left 左边
ri·gid	/ˈrɪdʒɪd/	a. 死板的；僵硬的；固执的	stiff		
ring	/rɪŋ/	v. (rang, rung) 铃	call: ring a bell	【联想】rang, rung	
ring road	/rɪŋ/	n. 环	beltway: a city ring-road	【联想】ring, road	
ripe	/raɪp/	a. 成熟的（果实或庄稼）	mature	?mature 【联想】动词 ripen 使成熟
rip·en	/ˈraɪpən/	v. 使成熟	mature: ripen the fruit	【联想】形容词 ripe 成熟的（果实或庄稼）
rise	/raɪz/	v. (rose, risen) 上	go up: rise early	【反】fall, drop 【联想】raise 形近, rose, risen	
risk	/rɪsk/	n. 风	danger: take a risk	【联想】形容词 risky 冒险的
riv·er	/ˈrɪvər/	n. 河	stream: cross a river	【联想】stream 小溪	
road	/rəʊd/	n. 道	street: a long road	【联想】同义 street 街道
roast	/rəʊst/	v. 烤	cook: roast a chicken		
rob	/rɒb/	v. 抢劫	steal	steal. rob a bank/shop/person 【联想】robber 名词, robbery	
ro·bot	/ˈrəʊbɒt/	n. 机器人	machine: a household robot		
rock	/rɒk/	n. 岩	stone: a big rock	【联想】形近 rocket 火
rock·et	/ˈrɒkɪt/	n. 火	missile: a space rocket	【联想】形近 rock 岩
role	/rəʊl/	n. 角	part: play a role		
roll	/rəʊl/	v. 翻滚，卷起	spinspin: roll a ball	【同】spinspin, rotate. roll down/across/over etc something	
roof	/ruːf/	n. 屋	top: repair the roof	【联想】ceiling 天花板	
room	/ruːm/	n. 房	space: a living room	【联想】classroom, bedroom	
roost·er	/ˈruːstər/	n. 公鸡	cock	cock 【联想】cock 同义, hen	
root	/ruːt/	n. 根	base: the root of a tree		
rope	/rəʊp/	n. 绳	cord: a long rope		
rose	/rəʊz/	n. 玫	flower: a beautiful rose		
rot	/rɒt/	v. 腐	decay: the fruit will rot	【联想】形容词 rotten 腐烂的
rough	/rʌf/	a. 粗糙的	uneven: a rough surface	【同】coarsenot smooth, coarse, harsh【反】smooth 【联想】smooth 反义, roughly	
round	/raʊnd/	a. 圆形的	circular: a round table	【联想】roundabout, surround	
round·a·bout	/ˈraʊndəbaʊt/	n. 环	traffic circle: a traffic roundabout	【联想】round, about	
rou·tine	/ruːˈtiːn/	n. 日常事	regular procedure: a daily routine	【同】regular procedure 【联想】形近 route 路线
row	/rəʊ/	n. 横	line: a row of trees		
roy·al	/ˈrɔɪəl/	a. 皇家的	kingly: a royal family	【同】kingly 【联想】royalty 王室	
rub·ber	/ˈrʌbər/	n. 橡	material: a rubber eraser	【联想】rub 动词, eraser	
rub·bish	/ˈrʌbɪʃ/	n. 垃	garbage: throw away rubbish	【联想】同义 garbage 垃圾
rude	/ruːd/	a. 粗鲁的	impolite: be rude to	【反】polite 【联想】名词 rudeness 粗鲁
rug·by	/ˈrʌɡbi/	n. 橄榄球	football: play rugby	【同】football	
ru·in	/ˈruːɪn/	v. 毁灭	destroy: ruin a plan	n. 废墟	
rule	/ruːl/	n. 规	regulation: follow a rule	【联想】名词 ruler 尺
rul·er	/ˈruːlər/	n. 尺	measuring tool: use a ruler	【联想】rule	
run	/rʌn/	v. (ran, run) 跑	jog: run a race	【同】jog	
rush	/rʌʃ/	v. 冲	hurry: rush to school		
Rus·sia	/ˈrʌʃə/	n. 俄罗斯	country: visit Russia	【联想】Russian	
Rus·sian	/ˈrʌʃən/	n. 俄罗斯	person: a Russian novel	【联想】Russia	
sa·cred	/ˈseɪkrɪd/	a. 神圣的	holy: a sacred place	【联想】sacrifice 形近; holy【词根】sacr(神圣)+-ed→神圣的	
sac·ri·fice	/ˈsækrɪfaɪs/	v. vt. 牺	give up: make a sacrifice	【同】give up, offer 【联想】sacred 形近【词根】sacr(神圣)+fic(做)+-e→牺牲	
sad	/sæd/	a. 悲伤的	unhappy: feel sad	【同】unhappy【反】happy 【联想】名词 sadness 悲伤
sad·ness	/ˈsædnəs/	n. 悲伤	sorrow: express sadness	【联想】sad 形容词【词根】sad(悲伤)+-ness→悲伤	
safe	/seɪf/	a. 安全的	secure: a safe place	【同】secure【反】dangerous 【联想】safety 名词, safely	
safe·ly	/ˈseɪfli/	ad. 安全地	securely: drive safely	【联想】safe	
safe·ty	/ˈseɪfti/	n. 安全	security: ensure safety	【联想】safe 形容词【词根】safe(安全)+-ty→安全	
sail	/seɪl/	v. 航行	voyage: sail a boat	【联想】名词 sailor 水手
sail·or	/ˈseɪlər/	n. 水手	seaman: a professional sailor	【联想】sail 动词【词根】sail(航行)+-or→水手	
sal·ad	/ˈsæləd/	n. 沙拉	dish: make a salad		
sal·a·ry	/ˈsæləri/	n. 薪水	pay: earn a salary	【联想】wage 同义【词根】sal(盐)+-ary→工资	
sale	/seɪl/	n. 销售	selling: a big sale	【联想】sell 动词, salesgirl	
sales·girl	/ˈseɪlzɡɜːl/	n. 售货员（女）	shop worker	【联想】sales, girl	
sales·man	/ˈseɪlzmən/	n. 男售货员；推销员	seller	【联想】sales, man	
sales·wom·an	/ˈseɪlzˌwʊmən/	n. 女售货员	seller	【联想】sales, woman	
salt	/sɒlt/	n. 盐	seasoning: add salt to	【联想】形容词 salty 咸的
salt·y	/ˈsɒlti/	a. 咸的	briny: a salty dish	【联想】名词 salt 盐
sa·lute	/səˈluːt/	v. 敬礼	greet: salute the flag	【词根】salut(健康)→敬礼	
same	/seɪm/	a. 同样的	identical: the same size	【同】identical【反】different 【联想】同义 similar 相似的
sand	/sænd/	n. 沙	grains: play on the sand	【联想】形容词 sandy 沙质的
sand·wich	/ˈsænwɪdʒ/	n. 三明治	food: make a sandwich		
sat·el·lite	/ˈsætəlaɪt/	n. 卫星	orbiter: launch a satellite	【词根】satell(随从)+-ite→卫星	
sat·is·fac·tion	/ˌsætɪsˈfækʃən/	n. 满意	contentment: express satisfaction	【联想】satisfy 动词【词根】satis(足够)+fact(做)+-ion→满足	
sat·is·fy	/ˈsætɪsfaɪ/	v. 使满意	please: satisfy a need	【同】please 【联想】satisfaction 名词【词根】satis(足够)+fy(做)→满足	
Sat·ur·day	/ˈsætədeɪ/	n. 星期六	Sat.: on Saturday	【同】Sat. 【联想】星期词	
sau·cer	/ˈsɔːsər/	n. 茶托	plate, dish: a tea saucer	【词根】sauc(咸)+-er→碟子	
saus·age	/ˈsɒsɪdʒ/	n. 香肠	meat: a delicious sausage	【词根】saus(咸)+-age→香肠	
save	/seɪv/	v. 拯救，节省	rescue: save money	【同】rescue, PRESERVE, keep safe【反】waste, spend 【联想】safe 形近【词根】save(安全)→拯救	
say	/seɪ/	v. (said, said) 说	speak: say hello	【同】speak 【联想】said, saying	
say·ing	/ˈseɪɪŋ/	n. 谚语	proverb: a famous saying	【联想】say 动词, proverb【词根】say(说)+-ing→谚语	
scan	/skæn/	v. 扫描	look at quickly: scan a document	【词根】scan(爬)→扫描	
scar	/skɑːr/	n. 疤痕	mark: a scar on the face		
scare	/skeər/	v. 吓唬	frighten: scare a child	【联想】形容词 scared 害怕
scared	/skeəd/	a. 害怕	frightened: feel scared	【联想】动词 scare 吓唬
scarf	/skɑːf/	n. 围巾	neckwear: wear a scarf		
scene	/siːn/	n. 场景	view: a beautiful scene	【联想】scenery 名词【词根】scene(舞台)→场景	
sce·ne·ry	/ˈsiːnəri/	n. 风景，景色	landscape: enjoy the scenery	【同】landscape 【联想】scene【词根】scene(场景)+-ry→风景	
scep·ti·cal	/ˈskeptɪkəl/	a. 怀疑的（英式拼写）	doubtful	【同】doubtful, suspicious 【联想】skeptical 美式【词根】scept(怀疑)+-ical→怀疑的	
sched·ule	/ˈʃedʒuːl/	n. 日程安排	timetable: a work schedule	【词根】sched(纸条)+-ule→日程	
schol·ar	/ˈskɒlər/	n. 学者	academic: a brilliant scholar	【同】academic 【联想】scholarship 名词, school 词源【词根】schol(学习)+-ar→学者	
schol·ar·ship	/ˈskɒləʃɪp/	n. 奖学金	grant: win a scholarship	【同】award 【联想】scholar【词根】scholar+ship(身份)→奖学金	
school	/skuːl/	n. 学校	academy: go to school	【联想】scholar, schoolbag, schoolboy【词根】schol(学习)→学校	
schoolbag	/ˈskuːlbæɡ/	n. 书包	backpack: a schoolbag for books	【联想】school, bag	
school·boy	/ˈskuːlbɔɪ/	n. 男学生	student: a young schoolboy	【联想】school, boy	
school·girl	/ˈskuːlɡɜːl/	n. 女学生	student: a lovely schoolgirl	【联想】school, girl	
school·mate	/ˈskuːlmeɪt/	n. 同学	classmate: a good schoolmate	【联想】school, mate	
sci·ence	/ˈsaɪəns/	n. 科学	knowledge from study: study science	【同】knowledge from study 【联想】scientific 形容词, scientist【词根】sci(知道)+-ence→科学	
sci·en·tif·ic	/ˌsaɪənˈtɪfɪk/	a. 科学的	empirical: a scientific experiment	【同】systematic 【联想】science 名词【词根】sci(知道)+-entific→科学的	
sci·en·tist	/ˈsaɪəntɪst/	n. 科学家	researcher: a great scientist	【联想】science【词根】sci(知道)+-entist(人)→科学家	
scis·sors	/ˈsɪzəz/	n. 剪刀	cutting tool: use scissors	【词根】sciss(切)+-ors→剪刀	
scold	/skəʊld/	v. 责备	reprimand: scold a child		
score	/skɔːr/	n. 得分	points: score a goal	【词根】score(刻痕)→分数	
scratch	/skrætʃ/	v. （ 用爪子）	claw: scratch an itch	【词根】scratch(抓)→抓	
scream	/skriːm/	v. 尖叫	shout: scream in fear	【联想】shout, cry	
screen	/skriːn/	n. 屏幕	display: watch on the screen	【词根】screen(屏)→屏幕	
sculp·ture	/ˈskʌlptʃər/	n. 雕塑	statue: a stone sculpture	【联想】sculpt 动词【词根】sculpt(雕刻)+-ure→雕塑	
sea	/siː/	n. 海	ocean: by the sea	【联想】seaside, seagull, seafood	
sea·gull	/ˈsiːɡʌl/	n. 海鸥	bird: a flying seagull	【联想】sea, gull	
seal	/siːl/	n. 海豹	animal: a sea seal		
search	/sɜːtʃ/	v. 搜索	hunt: search for a key	【联想】research 词根【词根】search(寻找)→搜索	
sea·shell	/ˈsiːʃel/	n. 海贝壳	shell	【联想】sea, shell	
sea·side	/ˈsiːsaɪd/	n. 海边	shore: go to the seaside	【联想】sea, side	
sea·son	/ˈsiːzən/	n. 季节	period: a change of season	【联想】seasonal 形容词【词根】seas(播种)+-on→季节	
seat	/siːt/	n. 座位	chair: take a seat	【联想】动词 sit 坐
sea·weed	/ˈsiːwiːd/	n. 海藻	algae: collect seaweed	【联想】sea, weed	
sec·ond	/ˈsekənd/	num. 第二	2nd		
se·cret	/ˈsiːkrət/	n. 秘密	confidential: a secret place	【联想】secretary 形近【词根】se-(分开)+cret(筛)→秘密	
sec·re·ta·ry	/ˈsekrətəri/	n. 秘书	assistant: a company secretary	【联想】secret 形近【词根】secret(秘密)+-ary→秘书	
sec·tion	/ˈsekʃən/	n. 部分	segment: a section of a book	【词根】sect(切)+-ion→部分	
secure	/sɪˈkjʊər/	a. 安全的	safe: secure a house	【同】safe【词根】se-(分开)+cure(关心) 【联想】名词 security 安全
se·cu·ri·ty	/sɪˈkjʊərəti/	n. 安全	safety: ensure security	【联想】secure 形容词【词根】se-(分开)+cur(关心)+-ity→安全	
see	/siː/	v. (saw, seen) 看见	watch: see a movie	【联想】sight, saw, seen	
seed	/siːd/	n. 种子	grain: plant a seed		
seek	/siːk/	v. (sought, sought) 寻找	search for: seek for truth		
seem	/siːm/	v. 似乎	appear: seem happy		
seize	/siːz/	v. 抓住	grab: seize an opportunity		
sel·dom	/ˈseldəm/	ad. 很少	rarely: seldom go out	【联想】同义 rarely 很少
se·lect	/sɪˈlekt/	v. 选择	choose: select a gift	【联想】selection 名词【词根】se-(分开)+lect(选择)→选择	
self	/self/	pron. 自己	oneself: by oneself	【联想】selfish, oneself	
self·ish	/ˈselfɪʃ/	a. 自私的	self-centered: a selfish person	【同】self-centered 【联想】self【词根】self(自己)+-ish→自私的	
sell	/sel/	v. (sold, sold) 卖	vend: sell a product	【同】vend 【反】buy 【联想】sale 名词, sold	
sem·i·cir·cle	/ˈsemiˌsɜːkəl/	n. 半圆	half circle: a semi-circle shape	【联想】semi 半, circle【词根】semi-(半)+circle(圆)→半圆	
sem·i·nar	/ˈsemɪnɑːr/	n. 研讨会	workshop: attend a seminar	【词根】semin(种子)+-ar→研讨会	
send	/send/	v. (sent, sent) 发送	dispatch: send a letter	【同】dispatch 【联想】过去式 sent 发送(过去式)
senior	/ˈsiːniər/	a. 年长的	older: a senior student	【反】junior 【联想】junior 反义【词根】sen(老)+-ior→年长的	
sense	/sens/	n. 感觉	feeling: a sense of humor	【联想】sensitive, sensible【词根】sense(感觉)→感觉	
sen·si·tive	/ˈsensɪtɪv/	a. 敏感的	delicate: a sensitive topic	【词根】sense(感觉)+-itive 【联想】名词 sense 感觉
sen·tence	/ˈsentəns/	n. 句子	phrase: write a sentence	【词根】sent(感觉)+-ence→句子	
sep·a·rate	/ˈsepərət/	v. a. 分开的	divide: separate from a group	v. 分开. 【同】different【词根】se-(分开)+par(准备)+-ate 【联想】名词 separation 分离
sep·a·ra·tion	/ˌsepərˈeɪʃən/	n. 分离	division: a family separation	【联想】separate 动词【词根】se-(分开)+par(准备)+-ation→分离	
Sep·tem·ber	/sepˈtembər/	n. 九月	Sept: in September	【联想】月份词	
se·ri·ous	/ˈsɪəriəs/	a. 严重的	grave: a serious illness	【同】grave 【联想】seriously 副词【词根】ser(严肃)+-ious→严肃的	
ser·vant	/ˈsɜːvənt/	n. 仆人	helper: a household servant	【联想】serve 动词【词根】serv(服务)+-ant→仆人	
serve	/sɜːv/	v. 服务	attend: serve a customer	【联想】service 名词, servant【词根】serve(服务)→服务	
ser·vice	/ˈsɜːvɪs/	n. 服务	assistance: good service	【联想】serve 动词【词根】serv(服务)+-ice→服务	
ses·sion	/ˈseʃən/	n. 时段	period: a business session	【词根】sess(坐)+-ion→会议	
set	/set/	v. (set, set) 设置	adjust: set a goal		
set·tle	/ˈsetəl/	v. 解决	resolve: settle a problem	【联想】settlement 名词, settler【词根】settle(坐)→定居	
set·tle·ment	/ˈsetəlmənt/	n. 定居点	agreement: a new settlement	【同】colony 【联想】settle 动词【词根】settle(定居)+-ment→定居	
set·tler	/ˈsetlər/	n. 移民者	colonist: an early settler	【联想】settle【词根】settle(定居)+-er→定居者	
sev·en	/ˈsevən/	num. 七	7: seven days		
sev·er·al	/ˈsevərəl/	a. 若干，几个	multiple: several books	【词根】se-(分开)+ver(转)+-al→几个	
se·vere	/sɪˈvɪər/	a. 严重的	harsh: a severe storm	【同】grave, serious 【联想】severely 副词【词根】sever(严肃)+-e→严重的	
sew	/səʊ/	v. 缝纫	stitch: sew a button	【联想】sewing 缝纫	
sex	/seks/	n. 性别	gender: the issue of sex	【联想】形容词 sexual 性的
shab·by	/ˈʃæbi/	a. 破旧的	worn: a shabby house		
shade	/ʃeɪd/	n. 阴凉处	shadow: sit in the shade	【联想】形近 shadow 影子
shad·ow	/ˈʃædəʊ/	n. 影子	silhouette: a long shadow	【联想】形近 shade 阴凉处
shake	/ʃeɪk/	v. (shook, shaken) 摇动	tremble: shake hands	【联想】shook, shaken	
shall	/ʃæl/	v. 将要	will: shall we go	【联想】过去式 should 应该
shal·low	/ˈʃæləʊ/	a. 浅的	not deep: a shallow river	【联想】deep 反义【词根】shallow(浅)→浅的	
shame	/ʃeɪm/	n. 羞耻	embarrassment: feel shame	【联想】ashamed 形容词【词根】shame(羞耻)→羞耻	
shape	/ʃeɪp/	n. 形状	form: change the shape	【词根】shape(形状)→形状	
share	/ʃeər/	v. 分享	divide: share a secret	【词根】share(分)→分享	
shark	/ʃɑːk/	n. 鲨鱼	fish: a big shark		
sharp	/ʃɑːp/	a. 锋利的	pointed: a sharp knife	【同】keen 【联想】sharpen 动词【词根】sharp(尖)→锋利的	
sharp·en	/ˈʃɑːpən/	v. 磨快	hone: sharpen a pencil	【联想】sharp 形容词【词根】sharp(尖)+-en(使)→磨快	
sharp·en·er	/ˈʃɑːpənər/	n. 卷笔刀	tool: a pencil sharpener	【联想】sharpen	
shave	/ʃeɪv/	v. 刮胡子	trim: shave one's face	【同】trim 【联想】shaver 名词, razor	
shav·er	/ˈʃeɪvər/	n. 剃须刀	razor: an electric shaver	【联想】动词 shave 刮胡子
she	/ʃiː/	pron. 她	female: she is smart		
sheep	/ʃiːp/	n. 绵羊	animal: a white sheep	【联想】lamb 羔羊, goat	
sheet	/ʃiːt/	n. 床单	covering: a bed sheet		
shelf	/ʃelf/	n. 架子	ledge: a bookshelf		
shel·ter	/ˈʃeltər/	n. 避难所	refuge: seek shelter	【词根】shelter(盾)→庇护	
shine	/ʃaɪn/	v. (shone, shone) 发光	glow: shine a light	【联想】shone, sunny【词根】shine(发光)→发光	
ship	/ʃɪp/	n. 船	boat: board a ship	【同】boat 【联想】spaceship 飞船	
shirt	/ʃɜːt/	n. 衬衫	garment: wear a shirt		
shock	/ʃɒk/	v. 冲击	startle: be in shock	【联想】shocking, shocked	
shoe	/ʃuː/	n. 鞋子	footwear: put on a shoe		
shoot	/ʃuːt/	v. (shot, shot) 射击	fire: shoot a target	【联想】名词 shot 射击
shop	/ʃɒp/	n. 商店	store: go to the shop	【联想】shopkeeper, shopping	
shop·keep·er	/ˈʃɒpˌkiːpər/	n. 店主	owner: a shopkeeper's store	【联想】shop, keeper	
shop·ping	/ˈʃɒpɪŋ/	n. 购物	buying: go shopping	【联想】动词 shop 商店
shore	/ʃɔːr/	n. 海岸	beach: by the shore	【联想】seashore, coast	
short	/ʃɔːt/	a. 短的	brief: a short story	【反】tall, long 【联想】shortcoming, shortly, shorts	
short·com·ing	/ˈʃɔːtˌkʌmɪŋ/	n. 缺点	flaw: a major shortcoming	【联想】short, come【词根】short(短)+coming(来)→缺点	
short·ly	/ˈʃɔːtli/	ad. 不久	soon: shortly after	【联想】short【词根】short(短)+-ly→不久	
shorts	/ʃɔːts/	n. 短裤	pants: wear shorts	【联想】short	
shot	/ʃɒt/	n. 射击	gunfire: take a shot	【联想】动词 shoot 射击
should	/ʃʊd/	v. 应该	ought to: should do it	【联想】shall 原形	
shoul·der	/ˈʃəʊldər/	n. 肩膀	arm joint: put on the shoulder	【词根】shoulder(肩)→肩膀	
shout	/ʃaʊt/	v. 喊叫	yell: shout for help	【联想】scream, cry	
show	/ʃəʊ/	v. (showed, shown) 展示	display: show a picture	【联想】showed, shown	
show·er	/ʃaʊər/	n. 淋浴	bath: take a shower		
shrink	/ʃrɪŋk/	v. (shrank, shrunk) 收缩	contract: shrink a sweater	【联想】shrank, shrunk	
shut	/ʃʌt/	v. (shut, shut) 关闭	close: shut the door	【反】open 【联想】shut,反义 open 打开
shut·tle	/ˈʃʌtəl/	n. 穿梭	vehicle: a space shuttle	【词根】shuttle(梭)→穿梭	
shy	/ʃaɪ/	a. 害羞的	timid: be shy in public	【联想】名词 shyness 害羞
sick	/sɪk/	a. 生病的	ill: feel sick	【反】healthy, well 【联想】sickness 名词, ill	
sick·ness	/ˈsɪknəs/	n. 疾病	illness: recover from sickness	【联想】sick 形容词【词根】sick(病)+-ness→疾病	
side	/saɪd/	n. 侧面	edge: on the side	【联想】sidewalk, sideroad	
sideroad	/ˈsaɪdrəʊd/	n. 支路	byroad: a country sideroad	【联想】side, road	
side·walk	/ˈsaɪdwɔːk/	n. 人行道	pavement: walk on the sidewalk	【同】pavement 【联想】side, walk	
side·ways	/ˈsaɪdweɪz/	ad. 斜着	sideward: move sideways	【联想】side, ways	
sigh	/saɪ/	v. 叹息	exhale: sigh with relief		
sight	/saɪt/	n. 视力	vision: lose sight of	【联想】eyesight 视力, see	
sight·see·ing	/ˈsaɪtˌsiːɪŋ/	n. 观光	tourism: go sightseeing	【联想】sight, seeing	
sign	/saɪn/	n. 标志	symbol: sign a contract	【联想】signal, signature, significant【词根】sign(标记)→符号	
sig·nal	/ˈsɪɡnəl/	n. 信号	indicator: a traffic signal	【联想】sign 名词【词根】sign(标记)+-al→信号	
sig·na·ture	/ˈsɪɡnətʃər/	n. 签名	autograph: put a signature	【联想】sign【词根】sign(标记)+-ature→签名	
sig·nif·i·cance	/sɪɡˈnɪfɪkəns/	n. 重要性	meaning: the significance of	【同】importance 【联想】significant 形容词【词根】sign(标记)+ific(做)+-ance→意义	
sig·nif·i·cant	/sɪɡˈnɪfɪkənt/	a. 显著的，重要的	notable	【词根】sign(标记)+fic(做)+-ant(形容词) 【联想】significance 名词, sign	
si·lence	/ˈsaɪləns/	n. 沉默	quietness: break the silence	【联想】silent 形容词【词根】sil(安静)+-ence→沉默	
si·lent	/ˈsaɪlənt/	a. 寂静的	quiet: a silent night	【反】noisy 【联想】silence 名词【词根】sil(安静)+-ent→沉默的	
silk	/sɪlk/	n. 丝绸	fabric: a piece of silk		
sil·ly	/ˈsɪli/	a. 愚蠢的	foolish: a silly idea	【同】foolish, stupid【反】sensible, wise	
sil·ver	/ˈsɪlvər/	n. 银	metal: a silver coin	a. 银色	
sim·i·lar	/ˈsɪmɪlər/	a. 相似的	alike: be similar to	【同】alike【反】different 【联想】similarity 名词, same【词根】simil(相似)+-ar→相似的	
sim·ple	/ˈsɪmpəl/	a. 简单的	easy: a simple task	【联想】simplify 动词【词根】sim(一个)+ple(折叠)→简单的	
sim·pli·fy	/ˈsɪmplɪfaɪ/	v. 简化	make easier: simplify a process	【同】make simpler【词根】simple(简单)+-ify(使) 【联想】simple	
since	/sɪns/	conj. 自从	from: since last year		
sin·cere·ly	/sɪnˈsɪəli/	ad. 真诚地	honestly: yours sincerely	【联想】sincere 形容词【词根】sincere(真诚)+-ly→真诚地	
sing	/sɪŋ/	v. (sang, sung) 唱歌	chant: sing a song	【联想】singer 名词, song	
sin·gle	/ˈsɪŋɡəl/	a. 单一的	one: a single person	【反】married【词根】single(单一)→单一的	
sink	/sɪŋk/	v. (sank, sunk) 下沉	descend: sink a ship	【联想】sank, sunk,反义 float 漂浮
sir	/sɜːr/	n. 先生	gentleman: Yes, sir		
sis·ter	/ˈsɪstər/	n. 姐妹	sibling: my sister is kind		
sit	/sɪt/	v. (sat, sat) 坐	be seated: sit on a chair	【联想】名词 seat 座位
sit·u·a·tion	/ˌsɪtʃuˈeɪʃən/	n. 情况	circumstance: a difficult situation	【词根】sit(位置)+-uation→处境	
six	/sɪks/	num. 六	6: six apples	【联想】sixteen, sixty	
size	/saɪz/	n. 尺寸	dimension: the right size		
skate	/skeɪt/	v. 滑冰	ice-skate: skate on ice	【联想】skateboard 滑板	
skate·board	/ˈskeɪtbɔːd/	n. 滑板	board: ride a skateboard	【联想】skate, board	
skep·ti·cal	/ˈskeptɪkəl/	a. 怀疑的（美式拼写）	doubtful	【同】doubtful, suspicious【词组】be skeptical about 【联想】sceptical 英式【词根】skept(怀疑)+-ical→怀疑的	
ski	/skiː/	v. 滑雪	snow sport: ski on the snow	【联想】名词 skiing 滑雪
skill	/skɪl/	n. 技能	ability: a great skill	【同】ability 【联想】skillful 形容词【词根】skill(技能)→技能	
skill·ful	/ˈskɪlfəl/	a. 熟练的	expert: skillful in art	【联想】skill【词根】skill(技能)+-ful→熟练的	
skin	/skɪn/	n. 皮肤	hide: touch the skin		
skip	/skɪp/	v. 跳过	jump: skip a rope		
skirt	/skɜːt/	n. 裙子	garment: wear a skirt	【联想】形近 shirt 衬衫
sky	/skaɪ/	n. 天空	heavens: a clear sky	【联想】skyscraper 摩天楼	
sky·scrap·er	/ˈskaɪˌskreɪpər/	n. 摩天大楼	tall building: a tall skyscraper	【联想】sky, scrape【词根】sky(天)+scrape(刮)+-er→摩天大楼	
slave	/sleɪv/	n. 奴隶	master: a slave to work	【联想】名词 slavery 奴隶制
slav·e·ry	/ˈsleɪvəri/	n. 奴隶制	bondage: abolish slavery	【联想】slave【词根】slav(奴隶)+-ery→奴隶制	
sleep	/sliːp/	v. (slept, slept) 睡觉	rest: sleep well	【反】wake up	
sleep·y	/ˈsliːpi/	a. 困倦	drowsy: feel sleepy	【联想】动词 sleep 睡觉
sleeve	/sliːv/	n. 袖子	arm cover: roll up the sleeve		
slice	/slaɪs/	n. 切片	piece: a slice of bread		
slide	/slaɪd/	v. (slid, slid) 滑动	move smoothly: slide down a hill	【词根】slide(滑)→滑动	
slight	/slaɪt/	a. 轻微的	small: a slight difference	【同】small 【联想】slightly 副词【词根】slight(滑)→轻微的	
slight·ly	/ˈslaɪtli/	ad. 稍微地	a little: slightly better	【联想】slight【词根】slight(轻微)+-ly→轻微地	
slim	/slɪm/	a. 苗条的	thin: a slim figure	【同】thin, slender, lean. a slim pretty girl【词根】slim(苗条)→苗条的	
slip	/slɪp/	v. 滑倒	fall: slip on the floor	【同】fall【词根】slip(滑)→滑倒	
slow	/sləʊ/	a. 慢的	not fast: go slow	【反】fast, quick 【联想】副词 slowly 缓慢地
small	/smɔːl/	a. 小的	not big: a small house	【同】little 小的【反】big, large 【联想】little 同义
smart	/smɑːt/	a. 聪明的	intelligent: a smart boy	【同】intelligent, clever	
smell	/smel/	v. (smelt or smelled) 嗅，闻	scent: smell a flower	【同】scent	
smile	/smaɪl/	v. 微笑	grin: smile at someone	【联想】laugh 笑	
smog	/smɒɡ/	n. 雾霾	fog: heavy fog	【同】fog 【联想】smoke + fog 合成	
smoke	/sməʊk/	n. & v. 烟；抽烟	fumes: smoke a cigarette	【联想】名词 smoker 吸烟者
smok·er	/ˈsməʊkər/	n. 吸烟者	user: a heavy smoker	【联想】smoke【词根】smoke(烟)+-er→吸烟者	
smooth	/smuːð/	a. 平滑的	not rough: a smooth surface	【同】not rough【反】rough 【联想】rough 反义【词根】smooth(平滑)→光滑的	
snack	/snæk/	n. 小吃，零食	light meal: eat a snack	【同】light meal, bite【词根】snack(小吃)→小吃	
snake	/sneɪk/	n. 蛇	reptile: a long snake		
sneak·er	/ˈsniːkər/	n. 运动鞋	a sports shoe: a pair of sneakers	【同】a sports shoe	
sneeze	/sniːz/	v. 打喷嚏	achoo: sneeze loudly		
sniff	/snɪf/	v. 嗅	smell: sniff the perfume	【同】smell 【联想】同义 smell 嗅，闻
snow	/snəʊ/	n. 雪	snowflakes: it will snow	【联想】形容词 snowy 下雪的
snow·y	/ˈsnəʊi/	a. 下雪的	white: a snowy day	【联想】名词 snow 雪
so	/səʊ/	conj. 因此	therefore: so far so good		
soap	/səʊp/	n. 肥皂	detergent: use a bar of soap		
sob	/sɒb/	v. 抽泣	cry: sob with sadness	【联想】cry,同义 weep 哭泣
soc·cer	/ˈsɒkər/	n. 英式足球	football: play soccer	【同】football 【联想】同义 football 足球
so·cial	/ˈsəʊʃəl/	a. 社会的	communal: social activities	【联想】society 名词【词根】soci(同伴)+-al→社会的	
so·ci·e·ty	/səˈsaɪəti/	n. 社会	community: a modern society	【联想】social 形容词【词根】soci(同伴)+-ety→社会	
sock	/sɒk/	n. 短袜	footwear: a pair of socks		
sock·et	/ˈsɒkɪt/	n. 插座	outlet: an electrical socket		
so·fa	/ˈsəʊfə/	n. 沙发	couch: sit on the sofa		
soft	/sɒft/	a. 柔软的	gentle: a soft pillow	【反】hard 【联想】softly 副词,反义 hard 坚硬的
soft·ware	/ˈsɒftweər/	n. 软件	programs: use software	【联想】反义 hardware 硬件
soil	/sɔɪl/	n. 土壤	earth: rich soil		
so·lar	/ˈsəʊlər/	a. 太阳的	sun: solar energy	【联想】sun【词根】sol(太阳)+-ar→太阳的	
sol·dier	/ˈsəʊldʒər/	n. 士兵；军人	warrior	【联想】army 军队【词根】sold(薪饷)+-ier→士兵	
sol·id	/ˈsɒlɪd/	a. 固体的	firm: a solid object	not a liquid or gas【词根】solid(坚固)→固体	
some	/sʌm/	a. 一些	few: some people	【反】none 【联想】somebody, something 词族	
some·bod·y	/ˈsʌmbədi/	pron. 某人	someone: somebody is here	【联想】someone	
some·how	/ˈsʌmhaʊ/	ad. 以某种方式	some way: somehow manage	【同】some way 【联想】some, how	
some·one	/ˈsʌmwʌn/	pron. 某人	somebody: someone is waiting	【联想】somebody	
some·thing	/ˈsʌmθɪŋ/	pron. 某事	thing: something to eat	【联想】someone, somewhere	
some·times	/ˈsʌmtaɪmz/	ad. 有时	occasionally: sometimes it rains	【联想】some, times	
some·where	/ˈsʌmweər/	ad. 某处	some place: go somewhere nice	【联想】some, where	
son	/sʌn/	n. 儿子	boy: a young son		
song	/sɒŋ/	n. 歌曲	tune: sing a song	【联想】动词 sing 唱歌
soon	/suːn/	ad. 不久	shortly: soon after		
sor·row	/ˈsɒrəʊ/	n. 悲伤	grief: express sorrow	【联想】sadness 同义【词根】sorrow(悲伤)→悲伤	
sor·ry	/ˈsɒri/	a. 抱歉	apologetic: be sorry for	【联想】sorrow 词根	
sort	/sɔːt/	n. 种类 v. 分类	kind: sort out a mess	【同】kind, CLASSIFY 【联想】kind 同义【词根】sort(种类)→分类	
soul	/səʊl/	n. 灵魂	spirit: the soul of a person	【词根】soul(灵魂)→灵魂	
sound	/saʊnd/	n. 声音	noise, voice: the sound of rain	【同】noise, voice	
soup	/suːp/	n. 汤	broth: a bowl of soup		
sour	/saʊər/	a. 酸的	acidic: a sour taste		
south	/saʊθ/	n. 南方	direction: in the south	【反】north 【联想】southern, southeast	
south·east	/ˌsaʊθˈiːst/	n. 东南方	direction: in the southeast	【联想】south, east	
south·ern	/ˈsʌðən/	a. 南方的	south: a southern city	【联想】名词 south 南方
south·west	/ˌsaʊθˈwest/	n. & a. 西南；西南部；西南的；向西南的	direction	【联想】south, west	
sou·ve·nir	/ˌsuːvənˈɪər/	n. 纪念品	memento	memento 【联想】memory 纪念【词根】sou-(想起)+venir(来)→纪念品	
sow	/səʊ/	v. 播种	plant seeds: sow seeds	【联想】seed 种子	
space	/speɪs/	n. 空间	room: outer space	【联想】spaceship, spacious【词根】space(空间)→空间	
space·ship	/ˈspeɪsʃɪp/	n. 宇宙飞船	spaceship: a spaceship in flight	【联想】space, ship【词根】space(空间)+ship(船)→宇宙飞船	
spade	/speɪd/	n. 铲子	shovel: dig with a spade		
Span·ish	/ˈspænɪʃ/	a. 西班牙语的	language: speak Spanish		
spare	/speər/	a. 备用的	extra: spare some time	【同】extra	
spar·row	/ˈspærəʊ/	n. 麻雀	bird: a small sparrow		
speak	/spiːk/	v. (spoke, spoken) 说	talk: speak English	【联想】speaker 名词, speech	
speak·er	/ˈspiːkər/	n. 演讲者	talker: a good speaker	【联想】speak 动词【词根】speak(说)+-er→演讲者	
spear	/spɪər/	n. 长矛	weapon: a long spear		
spe·cial	/ˈspeʃəl/	a. 特别的	particular: a special event	【同】unusual【反】ordinary, common 【联想】specialist, especially【词根】spec(种类)+-ial→特别的	
spe·cial·ist	/ˈspeʃəlɪst/	n. 专家	expert: a medical specialist	【联想】special【词根】spec(种类)+-ialist→专家	
spe·cif·ic	/spəˈsɪfɪk/	a. 特定的	particular: a specific plan	【词根】spec(看)+-ific(做) 【联想】动词 specify 明确说明
speech	/spiːtʃ/	n. 演讲	talk: give a speech	【联想】speak 动词【词根】speech(说)→演讲	
speed	/spiːd/	n. 速度	velocity: at high speed	【词根】speed(成功→快)→速度	
spell	/spel/	v. (spelt or spelled) 拼写	letter: spell a word	【联想】名词 spelling 拼写
spell·ing	/ˈspelɪŋ/	n. 拼写	orthography: correct spelling	【联想】spell 动词【词根】spell(拼写)+-ing→拼写	
spend	/spend/	v. (spent, spent) 花费	pay: spend money	【联想】过去式 spent 花费(过去式)
spin	/spɪn/	v. (spun, spun) 旋转	rotate: spin a top		
spir·it	/ˈspɪrɪt/	n. 精神	soul: a fighting spirit	【联想】spiritual 形容词【词根】spir(呼吸)+-it→精神	
spir·i·tu·al	/ˈspɪrɪtʃuəl/	a. 精神上的	religious: spiritual needs	【联想】spirit 名词【词根】spir(呼吸)+-itual→精神的	
spit	/spɪt/	v. (spat, spat) 吐痰	expel: spit out food		
splen·did	/ˈsplendɪd/	a. 辉煌的	very good: a splendid view	【同】very good【词根】splend(发光)+-id→壮丽的	
split	/splɪt/	v. (split, split) 分裂	divide: split a log		
spok·en	/ˈspəʊkən/	a. 口头的	oral: spoken English	【联想】speak 分词, oral	
spokes·man	/ˈspəʊksmən/	n. 发言人	spokesperson	【联想】spokeswoman 女发言人【词根】spoke(说)+man(人)→发言人	
spokes·wom·an	/ˈspəʊksˌwʊmən/	n. 女发言人	speaker	【联想】spokesman【词根】spoke(说)+woman(女)→女发言人	
spon·sor	/ˈspɒnsər/	n. & v. 赞助商	backer: sponsor a project	【词根】spons(承诺)+-or→赞助者	
spoon	/spuːn/	n. 勺子	utensil: use a spoon	【联想】spoonful 一匙	
spoon·ful	/ˈspuːnfʊl/	n. 一匙	amount: a spoonful of sugar	【联想】spoon【词根】spoon(勺)+ful(满)→一勺	
sport	/spɔːt/	n. 运动	game: play a sport	【联想】sportsman 运动员【词根】sport(娱乐)→运动	
spot	/spɒt/	n. 地点	place: a popular spot	【词根】spot(斑点)→地点	
spray	/spreɪ/	v. 喷洒	mist: spray some water	【词根】spray(喷洒)→喷洒	
spread	/spred/	v. (spread, spread) 传播，展开	scatter: spread a rumor	【词根】spread(展开)→传播	
spring	/sprɪŋ/	n. 春天	season: the spring season	【联想】季节词 summer, winter【词根】spring(跳→泉)→春天	
spy	/spaɪ/	n. 间谍	agent: be a spy		
square	/skweər/	n. 正方形，广场	plaza: a square table	【词根】square(方形)→正方形	
squeeze	/skwiːz/	v. 挤压，	press: squeeze a lemon	【词根】squeeze(挤压)→挤压	
squid	/skwɪd/	n. 乌贼	sea creature: a big squid		
squir·rel	/ˈskwɪrəl/	n. 松鼠	rodent: a cute squirrel		
sta·ble	/ˈsteɪbəl/	a. 稳定的	steady: a stable horse	【同】steady, firm 【联想】stability 名词【词根】stab(站)+-le→稳定的	
sta·di·um	/ˈsteɪdiəm/	n. 体育场	arena: a large stadium	【联想】gym, arena【词根】stad(站)+-ium→体育场	
staff	/stɑːf/	n. 工作人员	employees: school staff	【词根】staff(棍→队伍)→员工	
stage	/steɪdʒ/	n. 舞台	platform: on the stage	【词根】stage(站→台)→舞台	
stain	/steɪn/	n. 污渍	mark: a stain on the shirt	【联想】stainless 不锈钢【词根】stain(染色)→污渍	
stainless	/ˈsteɪnləs/	a. 不锈钢	rustproof: stainless steel	【联想】stain【词根】stain(污点)+-less→不锈的	
stair	/steər/	n. 楼梯	steps: climb the stair	【联想】staircase, downstairs	
stamp	/stæmp/	n. 邮票	postage: collect stamps		
stand	/stænd/	v. (stood, stood) 站	rise: stand up	【联想】outstanding, standard	
stan·dard	/ˈstændəd/	n. 标	benchmark: meet the standard	【联想】stand 词根【词根】stand(站)+-ard→标准	
star	/stɑːr/	n. 星星	celestial body: a bright star	【联想】starry,形近 start 开始
stare	/steər/	v. 盯着看	look fixedly: stare at someone	【同】look fixedly【词根】stare(凝视)→凝视	
start	/stɑːt/	v. 开始	beginbegin: start a car	【反】finish, end 【联想】star 形近; beginning【词根】start(开始)→开始	
starv·a·tion	/stɑːˈveɪʃən/	n. 饥饿	hunger: die of starvation	【联想】starve 动词【词根】starve(挨饿)+-ation→饥饿	
starve	/stɑːv/	v. 饿死	die from hunger: starve for food	【联想】starvation 名词【词根】starve(饿死)→挨饿	
state	/steɪt/	n. 状态	condition: the state of a country	v. 陈述 【联想】statement 名词, statesman	
state·ment	/ˈsteɪtmənt/	n. 陈述	declaration: make a statement	【联想】state 动词【词根】state(陈述)+-ment→声明	
states·man	/ˈsteɪtsmən/	n. 政治家	leader: a famous statesman	【联想】state, man【词根】state(国家)+sman→政治家	
sta·tion	/ˈsteɪʃən/	n. 站	stop: at the station	【词根】sta(站)+-tion→车站	
statistics	/stəˈtɪstɪk/	n. 统计学	data: study statistics	【词根】stat(站→状态)+-istics(学科)→统计数据
stat·ue	/ˈstætʃuː/	n. 雕像	sculpture: a bronze statue	【联想】status 形近; sculpture【词根】stat(站)+-ue→雕像	
sta·tus	/ˈsteɪtəs/	n. 地位；状态	position: social status	【同】rank 【联想】statue 形近【词根】stat(站)+-us→地位	
stay	/steɪ/	v. 停留	remain: stay at home		
stead·y	/ˈstedi/	a. 稳定的	stable: a steady hand	【同】stableSTABLE, firm, fixed 【联想】steadily 副词【词根】stead(站)+-y→稳定的	
steak	/steɪk/	n. 牛排	meat: a delicious steak		
steal	/stiːl/	v. (stole, stolen) 偷窃	thieve: steal a book	【联想】stole, stolen, thief【词根】steal(偷)→偷	
steam	/stiːm/	n. 蒸汽	vapor: steam a vegetable	【联想】stream 形近【词根】steam(蒸汽)→蒸汽	
steel	/stiːl/	n. 钢	iron 铁: a steel bridge	【同】iron【词根】steel(钢)→钢	
steep	/stiːp/	a. 陡峭的	sheersheer: a steep hill	【词根】steep(陡)→陡峭的	
step	/step/	n. 脚步，步骤	pace: take a step	【词根】step(步)→步	
stew·ard	/ˈstjuːəd/	n. 乘务员（男）	attendant	【联想】stewardess 女乘务员【词根】stew(猪圈)+ard(看守)→乘务员	
stew·ard·ess	/ˌstjuːəˈdes/	n. 乘务员（女）	attendant	【联想】steward【词根】steward+ess(女)→女乘务员	
stick	/stɪk/	n. 树枝，木棍	branch: stick a sticker	v. (stuck, stuck) 粘住 . 【联想】过去式 stuck 卡住(过去式)
still	/stɪl/	ad. 仍然	yet: still water		
stock·ing	/ˈstɒkɪŋ/	n. 长筒袜	hosiery: a pair of stockings	，通常用复数 【联想】sock 短袜	
stom·ach	/ˈstʌmək/	n. 胃，腹部	belly: have a stomachache	【联想】stomachache 胃痛【词根】stomach(胃)→胃	
stone	/stəʊn/	n. 石头	rock: a big stone	【联想】rock 同义【词根】stone(石头)→石头	
stop	/stɒp/	v. 停止	end: stop a car		
stor·age	/ˈstɔːrɪdʒ/	n. 存储	space: storage space	【联想】store 动词【词根】stor(储存)+-age→存储	
store	/stɔːr/	n. 商店	shop: go to the store	【联想】storage, restore【词根】store(储存)→商店	
storm	/stɔːm/	n. 风暴	wind: a big storm	【同】wind 【联想】thunderstorm, windy【词根】storm(风暴)→风暴	
sto·ry	/ˈstɔːri/	n. 故事	tale: tell a story	【联想】history 词源【词根】story(讲述)→故事	
stout	/staʊt/	a. 结实的；矮胖的	stocky, fat: a stout man		
stove	/stəʊv/	n. 火炉	cooker: a kitchen stove		
straight	/streɪt/	a. 直的	not bent: a straight line	【联想】straighten, straightforward【词根】straight(直)→直的	
straight·for·ward	/ˌstreɪtˈfɔːwəd/	a. 直截了当的	direct: a straightforward answer	【联想】straight, forward【词根】straight(直)+forward(向前)→直接的	
strait	/streɪt/	n. 海峡	channel: a narrow strait	【词根】strait(狭窄)→海峡	
strange	/streɪndʒ/	a. 奇怪的	odd: a strange noise	【反】familiar, ordinary 【联想】名词 stranger 陌生人
strang·er	/ˈstreɪndʒər/	n. 陌生人	outsider: a total stranger	【联想】strange	
straw	/strɔː/	n. 稻草，秸秆	stalk: a straw hat	【联想】strawberry 草莓	
straw·ber·ry	/ˈstrɔːbəri/	n. 草莓	fruit: a juicy strawberry	【联想】straw, berry	
stream	/striːm/	n. 小溪	river	river 【联想】river, steam 形近【词根】stream(流)→溪流	
street	/striːt/	n. 街道	road: a busy street	【联想】同义 road 道
strength	/streŋθ/	n. 力量	power: build strength	【联想】strong 形容词, strengthen【词根】strength(强)→力量	
strength·en	/ˈstreŋθən/	v. 加强	make stronger: strengthen a relationship	【联想】strength 名词【词根】strength(力量)+-en(使)→加强	
stress	/stres/	n. 压力，紧张	pressure: under stress	【同】pressure 【联想】pressure 同义【词根】stress(拉紧)→压力	
strict	/strɪkt/	a. 严格的	firm: be strict with	【同】stern 【联想】strictly 副词【词根】strict(拉紧)→严格的	
strike	/straɪk/	v. (struck, stricken) 打击	hit: strike a match	【同】hit 【联想】struck, stricken【词根】strike(打击)→罢工/打击
string	/strɪŋ/	n. 字符串	thread: a piece of string	【词根】string(线)→线	
strong	/strɒŋ/	a. 强壮的	powerful: a strong wind	【反】weak 【联想】strength 名词【词根】strong(强)→强壮的	
strug·gle	/ˈstrʌɡəl/	v. 斗争，挣扎，奋斗	fight: struggle for freedom	【词根】struggle(挣扎)→斗争	
stub·born	/ˈstʌbən/	a. 顽固的；固执的	obstinate: a stubborn person	Stop being so stubborn.	
stu·dent	/ˈstjuːdənt/	n. 学生	learner: a good student	【联想】study 词根【词根】stud(学习)+-ent→学生	
stu·di·o	/ˈstjuːdiəʊ/	n. 工作室	workspace: a recording studio	【同】workspace【词根】stud(学习)+-io→工作室	
stud·y	/ˈstʌdi/	v. & n. 学习	learn: study a subject	【联想】student, studio 形近【词根】stud(学习)+-y→学习	
stu·pid	/ˈstjuːpɪd/	a. 愚蠢的	dullfoolish: a stupid idea	【同】dullFOOLISH, silly, unintelligent, idiotic【反】clever, smart【词根】stup(麻木)+-id→愚蠢的	
style	/staɪl/	n. 风格	fashion: a fashionable style	【词根】style(尖笔→风格)→风格	
sub·ject	/ˈsʌbdʒekt/	n. 主题	topic: a school subject	【联想】subjective 形容词【词根】sub-(下)+ject(投)→投于其下→主题	
sub·jec·tive	/səbˈdʒektɪv/	a. 主观的	personal	【联想】subject, objective 反义【词根】sub-(下)+ject(投)+-ive→主观的	
sub·junc·tive	/səbˈdʒʌŋktɪv/	n. 虚拟语气	hypothetical mood: the subjunctive mood	【同】hypothetical mood【词根】sub-(下)+junct(连接)+-ive→虚拟的	
sub·mit	/səbˈmɪt/	v. 提交，屈服	hand in: submit a report	【同】hand in, yield 【联想】submission 名词【词根】sub-(下)+mit(送)→递交	
sub·scribe	/səbˈskraɪb/	v. 订阅	pay to receive: subscribe to a magazine	【联想】subscription 名词【词根】sub-(下)+scribe(写)→写下→订阅	
sub·sti·tute	/ˈsʌbstɪtʃuːt/	n. 替代品 v. 替换	replacement: substitute A for B	【同】replace, exchange【词根】sub-(下)+stitut(站立)→站到下面→代替	
sub·trac·tion	/səbˈtrækʃən/	n. 减法	calculation: do a subtraction	【联想】subtract 动词【词根】sub-(下)+tract(拉)→拉下来→减法	
suc·ceed	/səkˈsiːd/	v. 成功	not fail: succeed in business	【联想】success 名词, successful【词根】suc-(下)+ceed(走)→成功	
suc·cess	/səkˈses/	n. 成功	achievement: a big success	【反】failure【词根】suc- 'under'+cess(走) 【联想】动词 succeed 成功
suc·cess·ful	/səkˈsesfəl/	a. 成功的	victorious: a successful plan	【联想】success 名词【词根】suc-(下)+cess(走)+-ful→成功的	
such	/sʌtʃ/	a. 这样的	so: such a pity	【联想】so	
suck	/sʌk/	v. 吸吮	draw in: suck a lollipop	【联想】suck 吸吮	
sud·den	/ˈsʌdən/	a. 突然的	unexpected: a sudden stop	【同】unexpected 【联想】suddenly 副词【词根】sudden(突然)→突然的	
sud·den·ly	/ˈsʌdənli/	ad. 突然地	abruptly: suddenly appear	【联想】sudden【词根】sudden(突然)+-ly→突然地	
suf·fer	/ˈsʌfər/	v. 遭受（+from）	endure: suffer from a cold	【词组】suffer from 【联想】suffering 名词【词根】suf-(下)+fer(承受)→受苦	
suf·fer·ing	/ˈsʌfərɪŋ/	n. 痛苦	pain: sufferings of war	【联想】suffer 动词【词根】suf-(下)+fer(承受)+-ing→苦难	
sug·ar	/ˈʃʊɡər/	n. 糖	sweetener: a spoonful of sugar		
sug·gest	/səˈdʒest/	v. 建议	propose	【联想】suggestion 名词【词根】sug-(下)+gest(带)→建议	
sug·ges·tion	/səˈdʒestʃən/	n. 建议	proposal: make a suggestion	【联想】suggest 动词【词根】sug-(下)+gest(带)+-ion→建议	
suit	/suːt/	n. 适合；套装	outfit: suit a person	【联想】suitable 形容词, suitcase【词根】suit(跟随→适合)→适合	
suit·a·ble	/ˈsuːtəbəl/	a. 适合的	fitting: a suitable place	【同】fitting 【联想】suit 动词【词根】suit(适合)+-able→合适的	
suit·case	/ˈsuːtkeɪs/	n. 手提箱	luggage: pack a suitcase	【联想】suit, case	
suite	/swiːt/	n. 套房	set of rooms: a hotel suite	【联想】suit 形近【词根】suite(跟随)→套房	
sum·ma·ry	/ˈsʌməri/	n. 摘要	overview: write a summary	【联想】summarize 动词【词根】sum(总和)+-mary→摘要	
sum·mer	/ˈsʌmər/	n. 夏天	season: in summer	【反】winter 【联想】季节词 winter 冬天	
sun	/sʌn/	n. 太阳	star: under the sun	【联想】sunny, sunrise, sunset, sunshine	
sunburnt	/ˈsʌnbɜːnd/	a. 晒伤的	sunburned: a sunburnt face	【联想】sun, burnt	
Sun·day	/ˈsʌndeɪ/	n. 星期日	sun.sun: on Sunday	【同】Sun.Sun 【联想】星期词	
sun·light	/ˈsʌnlaɪt/	n. 阳光	sunshine: bathe in sunlight	【联想】sun, light【词根】sun(太阳)+light(光)→阳光	
sun·ny	/ˈsʌni/	a. 晴朗的	bright: a sunny day	【联想】名词 sun 太阳
sun·rise	/ˈsʌnraɪz/	n. 日出	dawn: watch the sunrise	【联想】sun, rise【词根】sun(太阳)+rise(升起)→日出	
sun·set	/ˈsʌnset/	n. 日落	dusk: see the sunset	【联想】sun, set【词根】sun(太阳)+set(落下)→日落	
sun·shine	/ˈsʌnʃaɪn/	n. 阳光	sunlight: enjoy the sunshine	【联想】sun, shine	
su·per	/ˈsuːpər/	a. 超级的	great: a super hero	【联想】supermarket, superb	
su·perb	/suːˈpɜːb/	a. 极好的	excellent: a superb performance	【联想】super【词根】super(超出)→极好的	
su·pe·ri·or	/suːˈpɪəriər/	a. 较好的	better: a superior product	【同】better, higher 【联想】inferior 反义【词根】super(上)+-ior→上级的	
su·per·mar·ket	/ˈsuːpəˌmɑːkɪt/	n. 超市	store: go to the supermarket	【联想】super, market【词根】super(超大)+market(市场)→超级市场	
sup·per	/ˈsʌpər/	n. 晚饭	dinner: have supper	【联想】同义 dinner 晚餐
sup·ply	/səˈplaɪ/	v. 提供	give: supply food	【词根】sup-(下)+ply(填满)→供应	
sup·port	/səˈpɔːt/	v. 支持；支撑	back up: support a team	【反】oppose【例句】Which football team do you support? 【联想】supporter 名词【词根】sup-(下)+port(支撑)→支持	
sup·pose	/səˈpəʊz/	v. 假设，猜想	assume: suppose it is true	【同】assume, guess【词根】sup- 'under'+pose(放置)	
sup·press	/səˈpres/	v. 抑制，镇压	crush: suppress a riot	【词根】sup- 'under'+press(压) 【联想】press 词根	
su·preme	/suːˈpriːm/	a. 至高的	highest: the supreme court	the Supreme Court【词根】supre-(上)+-me→最高的	
sure	/ʃɔːr/	a. 确信的	certain: be sure of	【联想】surely 副词, ensure	
sur·face	/ˈsɜːfɪs/	n. 表面	top: the surface of a lake	【联想】face 词根【词根】sur-(上)+face(面)→表面	
sur·geon	/ˈsɜːdʒən/	n. 外科医生	doctor: a famous surgeon	【联想】surgery 名词【词根】sur(手)+geon(工作)→外科医生	
sur·plus	/ˈsɜːpləs/	n. 过剩；盈余	excess, extra	【词根】sur-(上/超)+plus(多)→过剩	
sur·prise	/səˈpraɪz/	n. & v. 惊讶	amazement: a big surprise	【联想】surprising, surprised【词根】sur-(突)+prise(抓)→突袭→惊讶	
sur·round	/səˈraʊnd/	v. 包围，围绕	encircle: surround a city	【词组】be surrounded by 【联想】surrounding 形容词【词根】sur-(外)+round(圆)→环绕	
sur·round·ing	/səˈraʊndɪŋ/	a. 周围的	nearby: surrounding areas	【联想】surround 动词【词根】sur-(外)+round(圆)+-ing→周围的	
sur·viv·al	/səˈvaɪvəl/	n. 生存	existence: the survival of a species	【联想】survive 动词【词根】sur-(超)+viv(活)+-al→幸存	
sur·vive	/səˈvaɪv/	v. 幸存	continue to live: survive a disaster	【同】continue to live 【联想】survival 名词【词根】sur-(超)+viv(活)→幸存	
sus·pect	/səˈspekt/	v. 怀疑	think guilty: suspect a thief	【同】doubt【词根】sus- 'under'+spect(看) 【联想】名词 suspicion 怀疑
sus·pen·sion	/səˈspenʃən/	n. 悬挂，暂停	hanging: suspension bridge	【词根】sus- 'under'+pens(悬挂)→悬挂 【同】hanging, temporary stop 【联想】动词 suspend 暂停
swal·low	/ˈswɒləʊ/	v. 吞咽	eat: swallow a pill		
swap	/swɒp/	v. 交换	exchange: swap seats	【联想】同义 exchange 交换
swear	/sweər/	v. (swore, sworn) 发誓，咒骂	promise: swear an oath		
sweat	/swet/	n. 汗水	perspiration: sweat after exercise	【联想】sweater 形近; 毛衣	
sweat·er	/ˈswetər/	n. 毛衣	jumper: wear a sweater	【联想】形近 sweat 汗水
sweep	/swiːp/	v. (swept, swept) 打扫	brush: sweep the floor	【联想】过去式 swept 扫(过去式)
sweet	/swiːt/	a. 甜的	sugary: a sweet smell	【反】bitter, sour 【联想】sweetness, 反义 sour	
swell	/swel/	v. (swelled, swollen)（ 身体）肿胀	expand: swell with pride	【联想】过去分词 swollen 肿胀的
swift	/swɪft/	a. 迅速的	fast: a swift movement		
swim	/swɪm/	v. (swam, swum) 游泳	wade: swim in the pool	【联想】swam, swum, swimming	
swing	/swɪŋ/	v. (swung, swung) 摆动	sway: swing on a rope	【联想】过去式 swung 摆动(过去式)
Swiss	/swɪs/	a. & n. 瑞士的；瑞士人	person from switzerland: a Swiss watch	【同】person from Switzerland 【联想】Switzerland 瑞士	
switch	/swɪtʃ/	v. & n. 开关	toggle: switch on the light		
Swit·zer·land	/ˈswɪtsələnd/	n. 瑞士	country: visit Switzerland	【联想】Swiss	
sword	/sɔːd/	n. 剑	weapon: draw a sword		
sym·bol	/ˈsɪmbəl/	n. 符号	icon: a national symbol	【联想】symbolic 形容词【词根】sym-(一起)+bol(投)→象征	
sym·pa·thy	/ˈsɪmpəθi/	n. 同情	pity: express sympathy	【联想】sympathetic 形容词, sympathize【词根】sym-(一起)+pathy(感情)→同情	
sym·pho·ny	/ˈsɪmfəni/	n. 交响乐	orchestral music: listen to a symphony	【词根】sym- 'together'+phone(声音)+-y 【同】orchestral music 【联想】phone 词根, orchestra	
symp·tom	/ˈsɪmptəm/	n. 症状	sign of illness: a disease symptom	【词根】sym-(一起)+ptom(落)→症状	
sys·tem	/ˈsɪstəm/	n. 系统	setup: a computer system	【联想】systematic 形容词【词根】sys-(一起)+tem(放)→系统	
sys·te·mat·ic	/ˌsɪstəˈmætɪk/	a. 系统化的	methodical: a systematic approach	【联想】system 名词【词根】sys-(一起)+tem(放)+-atic→系统的	
ta·ble	/ˈteɪbəl/	n. 桌子	desk: a dining table	【联想】table tennis, timetable【词根】table(板)→桌子	
table tennis	/ˈteɪbəl ˌtenɪs/	n. 乒乓球	ping-pong: play table-tennis	【联想】table, tennis, pingpong	
tab·let	/ˈtæblət/	n. 平板电脑	device: a digital tablet	【词根】table(板)+-t→药片	
tail	/teɪl/	n. 尾巴	rear: a dog's tail	【联想】形近 tailor 裁缝
tai·lor	/ˈteɪlər/	n. 裁缝	seamstress: a professional tailor	【联想】tail 形近【词根】tail(裁剪)+-or→裁缝	
take	/teɪk/	v. (took, taken) 拿取	grasp: take a photo	【同】grasp 【反】put
tale	/teɪl/	n. 传说	story: tell a tale	【联想】talk 形近; story	
tal·ent	/ˈtælənt/	n. 天赋	gift: a talented singer	【联想】talented 形容词【词根】talent(才能)→才能	
talk	/tɔːk/	v. 谈话【词组】talk about sth.	speak: talk to a friend	【联想】形近 tale 传说
tall	/tɔːl/	a. 高的	high: a tall building	【反】low	
tank	/tæŋk/	n. 储罐，水箱	container: a water tank		
tap	/tæp/	n. 水龙头 v. 轻敲	faucet: turn on the tap		
tape	/teɪp/	n. 录音带	recording: a tape recorder		
tar·get	/ˈtɑːɡɪt/	n. 目标	goal: hit a target	【词根】target(盾→靶)→目标	
task	/tɑːsk/	n. 任务	job: a difficult task	【词根】task(税→任务)→任务	
taste	/teɪst/	n. 味道 v. 品尝	flavor: taste the food	【联想】tasty 形容词, tasteless【词根】taste(尝)→品尝	
taste·less	/ˈteɪstləs/	a. 无味的	bland: a tasteless dish	【联想】taste	
tast·y	/ˈteɪsti/	a. 美味的	delicious: a tasty snack	【联想】名词 taste 味道
tax	/tæks/	n. 税	levy: pay tax	【联想】taxpayer, taxi 形近【词根】tax(税)→税	
tax·i	/ˈtæksi/	n. 出租车	cab: take a taxi	【联想】tax 形近; cab【词根】taxi(税→计程)→出租车	
tax·pay·er	/ˈtæksˌpeɪər/	n. 纳税人	citizen: a honest taxpayer	【联想】tax, payer【词根】tax(税)+payer(付)→纳税人	
tea	/tiː/	n. 茶	beverage: drink tea	【联想】teapot, 茶具	
teach	/tiːtʃ/	v. (taught, taught) 教授	educate: teach a class	【同】educate 【反】learn 【联想】名词 teacher 老师
teach·er	/ˈtiːtʃər/	n. 老师	educator: a good teacher	【联想】动词 teach 教授
team	/tiːm/	n. 团队	group: a football team	【联想】teamwork 团队合作	
team·work	/ˈtiːmwɜːk/	n. 团队合作	collaboration: teamwork spirit	【联想】team, work	
tea·pot	/ˈtiːpɒt/	n. 茶壶	kettle: a nice teapot	【联想】tea, pot	
tear	/teər/	v. (tore, torn) 撕裂 n. 眼泪	rip: tear a piece of paper	【同】rip 【联想】cry 哭泣
tease	/tiːz/	v. 取笑	mock: tease a cat	【同】mock【联想】make fun of 取笑
tech·ni·cal	/ˈteknɪkəl/	a. 技术的	specialized: technical knowledge	【联想】technique 名词, technology【词根】techn(技艺)+-ical→技术的	
tech·nique	/tekˈniːk/	n. 技巧	method: a new technique	【同】skill, method 【联想】technical, technology【词根】techn(技艺)+-ique→技术	
tech·nol·o·gy	/tekˈnɒlədʒi/	n. 技术	engineering: modern technology	【联想】technical, technique【词根】techno(技艺)+logy(学)→技术	
teen·ag·er	/ˈtiːnˌeɪdʒər/	n. 青少年	adolescent: a young teenager	【联想】teen 词根, adolescent【词根】teen(十几)+ager(岁)→青少年	
tel·e·gram	/ˈtelɪɡræm/	n. 电报	message: send a telegram	【联想】tele, gram【词根】tele(远)+gram(写)→电报	
tel·e·graph	/ˈtelɪɡrɑːf/	n. 电报机	communication: use a telegraph	【联想】tele, graph【词根】tele(远)+graph(写)→电报	
tel·e·phone	/ˈtelɪfəʊn/	n. 电话	phone: answer the telephone	【联想】phone, tele 词根【词根】tele(远)+phone(声音)→电话	
tel·e·scope	/ˈtelɪskəʊp/	n. 望远镜	viewer: look through a telescope	【联想】tele, scope【词根】tele(远)+scope(看)→望远镜	
tel·e·vi·sion	/ˈtelɪvɪʒən/	n. 电视	TV: watch television	【联想】tele, vision, TV【词根】tele(远)+vis(看)+-ion→电视	
tell	/tel/	v. (told, told) 告诉	narrate: tell a story	【同】narrate 【联想】told, retell
tem·pera·ture	/ˈtemprətʃər/	n. 温度	heat: measure the temperature	【词根】temper(调节)+-ature→温度	
tem·ple	/ˈtempəl/	n. 寺庙	place of worship: visit a temple	【同】place of worship	
tem·po·ra·ry	/ˈtempərəri/	a. 临时的，暂时的	interim: a temporary job	【联想】反义 permanent 永久的【词根】tempor(时间)+-ary→暂时的
temp·ta·tion	/tempˈteɪʃən/	n. 诱惑	lure: resist temptation	【联想】tempt 动词【词根】tempt(尝试)+-ation→诱惑	
ten	/ten/	num. 十	decade: ten years	【联想】teen, tenth	
tend	/tend/	v. 倾向于(+to)	be inclined to: tend to agree	【同】BE INCLINED, be apt, be disposed【联想】名词 tendency 趋势【词根】tend(伸)→倾向
ten·den·cy	/ˈtendənsi/	n. 倾向	trend: a growing tendency	【联想】tend 动词, trend【词根】tend(伸)+-ency→趋势	
ten·nis	/ˈtenɪs/	n. 网球	sport: play tennis	【联想】table tennis 乒乓球	
tense	/tens/	a. 紧张的 n. 时态	tight: a tense situation	【联想】tension 名词【词根】tens(伸)+-e→紧张的	
ten·sion	/ˈtenʃən/	n. 紧张	stress: feel tension	【联想】tense 形容词【词根】tens(伸)+-ion→紧张	
tent	/tent/	n. 帐篷	shelter: put up a tent		
ten·ta·tive	/ˈtentətɪv/	a. 试探性的	not final: a tentative plan	【同】not final, experimental【词根】tent(试)+-ative→试探的	
term	/tɜːm/	n. 术语	period: a school term	【词根】term(界限)→学期/术语	
terminal	/ˈtɜːmɪnəl/	n. 终端	endpoint: a bus terminal	【联想】terminate 动词【词根】termin(界限)+-al→终点站	
ter·ri·ble	/ˈterəbəl/	a. 可怕的	awful: a terrible accident	【联想】terror 名词, terrific【词根】terr(害怕)+-ible→可怕的	
ter·ri·fy	/ˈterəfaɪ/	v. 使恐惧	horrify: terrify a child	【联想】terror 名词, terrible【词根】terr(害怕)+-ify→恐吓	
ter·ror	/ˈterər/	n. 恐怖	dread: a feeling of terror	【联想】terrify, terrible【词根】terr(害怕)+-or→恐怖	
test	/test/	n. & v. 测试，测验	exam: take a test	【词根】test(测试)→测试	
text	/tekst/	n. 文本	content: read a text	【联想】textbook, context【词根】text(编织)→课文	
text·book	/ˈtekstbʊk/	n. 教科书	manual: a school textbook	【联想】text, book【词根】text(课文)+book(书)→教科书	
than	/ðæn/	conj. 比	versus: more than		
thank	/θæŋk/	v. 感谢	appreciate: thank someone	【联想】thankful 形容词, thanks	
thank·ful	/ˈθæŋkfəl/	a. 感激的	grateful: be thankful for	【联想】thank 动词【词根】thank(感谢)+-ful→感激的	
that	/ðæt/	pron. 那个	those: that is right		
the	/ðiː/	det. 这个（定冠词）	definite		
theater	/ˈθɪətər/	n. 剧院（美式拼写）	cinema: go to the theater	【联想】theatre 英式【词根】theat(看)+-er→剧院	
thea·tre	/ˈθɪətər/	n. 剧场（英式拼写）	cinema	【联想】theater 美式【词根】theat(看)+-re→剧院	
theft	/θeft/	n. 盗窃	robbery: commit theft	【联想】thief 小偷, steal	
their	/ðeər/	pron. 他们的	theirs: their house	【联想】theirs, them	
theirs	/ðeəz/	pron. 他们的	possessive: theirs is bigger	【联想】their	
them	/ðem/	pron. 他们（宾格）	those: help them	【联想】they, their	
theme	/θiːm/	n. 主题	topic: a theme park	【联想】theme park 主题公园【词根】theme(放置)→主题	
them·selves	/ðəmˈselvz/	pron. 他们自己	self: by themselves	【联想】them, selves	
then	/ðen/	ad. 然后，那时	afterward: then and now		
theo·ret·i·cal	/θɪəˈretɪkəl/	a. 理论上的	abstract: a theoretical study	【联想】theory 名词【词根】theor(看)+-etical→理论的	
theo·ry	/ˈθɪəri/	n. 理论	principle: a scientific theory	【反】practice【联想】theoretical 形容词【词根】theor(看)+-y→理论
there	/ðeər/	ad. 那里	that: there is a book		
there·fore	/ˈðeəfɔːr/	ad. 因此	hence: therefore it is true	【联想】there, fore	
Ther·mos	/ˈθɜːməs/	n. 保温瓶	thermos flask: a thermos bottle	【同】vacuum flask
these	/ðiːz/	pron. 这些	plural of this: these books	【联想】单数 this 这个【反】those 那些
they	/ðeɪ/	pron. 他们	them: they are happy	【联想】them, their	
thick	/θɪk/	a. 厚的	dense: a thick book	【反】thin 【联想】名词 thickness 厚度
thief	/θiːf/	n. (pl. thieves) 小偷	robber: catch a thief	【同】robber 【联想】theft 名词, steal
thin	/θɪn/	a. 薄的，瘦的	slim: a thin line	【反】thick, fat 【联想】thick 反义, thickness	
thing	/θɪŋ/	n. 东西	object: a strange thing		
think	/θɪŋk/	v. (thought, thought) 想，认为，思考	ponder: think about it	【同】ponder 【联想】thought 名词, thinking
think·ing	/ˈθɪŋkɪŋ/	n. 思考	reasoning: thinking skills	【联想】动词 think 想，认为
third	/θɜːd/	num. 第三	tertiary: the third floor	【联想】three 序数词	
thirst	/θɜːst/	n. 渴望	desire: feel thirst	【联想】形容词 thirsty 口渴的
thirst·y	/ˈθɜːsti/	a. 口渴的	parched: be thirsty for	【联想】名词 thirst 渴望
thir·teen	/θɜːˈtiːn/	num. 十三	dozen: thirteen people	【联想】three	
thir·ty	/ˈθɜːti/	num. 三十	thirty: thirty students	【联想】three	
this	/ðɪs/	pron. 这个	that: this book	【反】that【联想】复数 these 这些
thor·ough	/ˈθʌrə/	a. 彻底的	complete: a thorough cleaning	【同】complete, detailed 【联想】through 形近【词根】thorough(穿过)→彻底的	
those	/ðəʊz/	pron. 那些	these: those people	【联想】单数 that 那个
though	/ðəʊ/	conj. 尽管【联想】 but 但是	although: though it is hard		
thought	/θɔːt/	n. 想法【联想】 think	idea: a good thought	【词根】thought(思考)→想法	
thou·sand	/ˈθaʊzənd/	num. 千	grand: a thousand people	【联想】hundred, million	
thread	/θred/	n. 棉线	strand: a piece of thread	【词根】thread(线)→线	
three	/θriː/	num. 三	triple: three apples	【联想】third, thirteen	
thrill	/θrɪl/	n. 激动	excitement: a thrilling movie	【同】excitement【联想】thrilled, thrilling【词根】thrill(颤抖)→兴奋
thrill·er	/ˈθrɪlər/	n. 惊悚片	suspense: a good thriller	【联想】thrill【词根】thrill(兴奋)+-er→惊悚片	
throat	/θrəʊt/	n. 喉咙	neck: a sore throat		
through	/θruː/	prep. 通过，穿越	across: go through a tunnel	【辨析】across 横穿
through·out	/θruːˈaʊt/	prep. 贯穿	everywhere: throughout the year	【联想】through, out	
throw	/θrəʊ/	v. (threw, thrown) 投掷 【同】chuck, toss, fling, hurl 【反】catch	toss: throw a ball	【联想】threw, thrown	
thun·der	/ˈθʌndər/	n. 雷声	boom: hear the thunder	【联想】thunderstorm 雷暴【词根】thunder(雷)→雷	
thun·der·storm	/ˈθʌndəstɔːm/	n. 雷暴	tempest: a big thunderstorm	【联想】thunder, storm【词根】thunder(雷)+storm(暴风雨)→雷雨	
Thurs·day	/ˈθɜːzdeɪ/	n. 星期四	Thursday: on Thursday	【联想】星期词	
thus	/ðʌs/	ad. 如此	hence: thus it is so	【同】hence, in this way
tick	/tɪk/	n. & v. 标记；打勾	check: tick a box	【联想】形近 ticket 票
tick·et	/ˈtɪkɪt/	n. 票	pass: buy a ticket	【联想】形近 tick 标记；打勾
ti·dy	/ˈtaɪdi/	a. 整洁的	neat: tidy up a room	【联想】untidy 反义, neat【词根】tidy(整理)→整洁的	
tie	/taɪ/	v. 打结 n. 领带	bind: tie a knot	【联想】untie, tied	
ti·ger	/ˈtaɪɡər/	n. 老虎	bigcat: a fierce tiger		
tight	/taɪt/	a. 紧的	firm: a tight rope	【反】loose 【联想】loose 反义, tighten	
till	/tɪl/	prep. 直到	until: wait till tomorrow	【联想】同义 until 直到
time	/taɪm/	n. 时间	duration: a lot of time	【联想】timetable, lifetime	
time·ta·ble	/ˈtaɪmˌteɪbəl/	n. 时间表	schedule: make a timetable	【联想】time, table【词根】time(时间)+table(表)→时刻表	
tin	/tɪn/	n. 锡罐	can: a tin can		
ti·ny	/ˈtaɪni/	a. 微小的	minute: a tiny insect	【词根】tiny(微小)→微小的	
tip	/tɪp/	n. 尖端；小费	end: a useful tip	【例句】He touched the flower with the tip of his finger.
tire	/taɪər/	v. 使疲劳 n. 轮胎（美）	fatigue: tire the horse	【联想】tired 形容词, tiresome, tyre	
tired	/taɪəd/	a. 疲倦的	exhausted: feel tired after running	【联想】动词 tire 使疲劳
tire·some	/ˈtaɪəsəm/	a. 令人厌烦的	tedious: a tiresome job	【联想】tire, tired	
tis·sue	/ˈtɪʃuː/	n. 纸巾 • a box of tissues	napkin: a box of tissue	【词根】tissue(编织)→组织	
ti·tle	/ˈtaɪtəl/	n. 标题	heading: the title of a book	【词根】title(标题)→标题	
to	/tuː/	prep. 到	toward: go to school		
toast	/təʊst/	n. 烤面包	toasted bread	=bread（=bread: make a toast）【词根】toast(烤)→烤面包	
to·bac·co	/təˈbækəʊ/	n. 烟草	plant for cigarettes: smoke tobacco	【同】plant for cigarettes 【联想】cigarette 香烟【词根】tobacco(烟草)→烟草	
to·day	/təˈdeɪ/	n. 今天	present: today's news	【联想】tonight, tomorrow	
to·geth·er	/təˈɡeðər/	ad. 一起	jointly: play together	【反】alone, apart 【联想】altogether, gather 词根	
toi·let	/ˈtɔɪlət/	n. 厕所	restroom: use the toilet		
To·ky·o	/ˈtəʊkiəʊ/	n. 东京	Tokyo: visit Tokyo		
tol·e·rate	/ˈtɒləreɪt/	v. 忍受	endure	=endure, put up with, bear,（=endure: tolerate bad behavior） 【联想】tolerance 名词【词根】toler(容忍)+-ate→容忍	
to·ma·to	/təˈmɑːtəʊ/	n. 西红柿	fruit: a red tomato	【联想】potato 土豆	
tomb	/tuːm/	n. 坟墓	grave: an ancient tomb	【词根】tomb(坟墓)→坟墓	
to·mor·row	/təˈmɒrəʊ/	n. 明天【反】yesterday 昨天	future: tomorrow morning	【联想】today, yesterday	
ton	/tʌn/	n. 吨	weight: a ton of coal	【联想】tonne 公吨
tongue	/tʌŋ/	n. 舌头	language: wag the tongue	【词根】tongue(舌头)→舌头	
to·night	/təˈnaɪt/	n. 今晚	evening: tonight's show	【联想】today, night	
too	/tuː/	ad. 也，太	also: too much sugar		
tool	/tuːl/	n. 工具	instrument: a useful tool		
tooth	/tuːθ/	n. (pl. teeth) 牙齿	molar: brush one's teeth	【同】molar 【联想】toothache, toothbrush, toothpaste, teeth
tooth·ache	/ˈtuːθeɪk/	n. 牙痛	pain: have a toothache	【联想】tooth, ache	
tooth·brush	/ˈtuːθbrʌʃ/	n. 牙刷	brush: a new toothbrush	【联想】tooth, brush	
tooth·paste	/ˈtuːθpeɪst/	n. 牙膏	paste: a tube of toothpaste	【联想】tooth, paste	
top	/tɒp/	n. 顶部 I'm going to try and climb to the top of that tree!	peak: at the top of the hill	【联想】形近 topic 主题
top·ic	/ˈtɒpɪk/	n. 主题	subject: a hot topic	【联想】top 形近; subject【词根】topic(位置→话题)→话题	
tor·toise	/ˈtɔːtəs/	n. 乌龟	slow land reptile: a slow tortoise	【同】slow land reptile	
to·tal	/ˈtəʊtəl/	a. 总计	entire: the total amount	【联想】totally 副词【词根】total(全部)→总计	
touch	/tʌtʃ/	v. 触碰	feel: touch the surface		
tough	/tʌf/	a. 艰难的	difficult: a tough problem	【联想】rough 形近; difficult【例句】Leaving home was a tough decision.
tour	/tʊər/	n. 巡回，旅游	trip: go on a tour	【联想】tourism 名词, tourist【词根】tour(转)→旅行	
tour·is·m	/ˈtʊərɪzəm/	n. 旅游业	travel: the development of tourism	【联想】tour, tourist【词根】tour(转)+-ism→旅游业	
tour·ist	/ˈtʊərɪst/	n. 游客	visitor: a foreign tourist	【联想】tour, tourism【词根】tour(转)+-ist→游客	
tour·na·ment	/ˈtʊənəmənt/	n. 锦标赛	contest: a tennis tournament	【词根】tourn(转)+-ament→锦标赛	
toward	/təˈwɔːd/	prep. 朝着（美式拼写）	towards: walk toward the park	【联想】towards 英式	
to·wards	/təˈwɔːdz/	prep. 朝着（英式拼写）	toward: move towards the goal	【联想】toward 美式	
tow·el	/taʊəl/	n. 毛巾	cloth: a bath towel		
tow·er	/taʊər/	n. 塔楼	structure: a tall tower		
town	/taʊn/	n. 城镇	city: in the town		
toy	/tɔɪ/	n. 玩具	plaything: play with a toy		
track	/træk/	n. 轨道	path: a running track	【联想】形近 tractor 拖拉机
trac·tor	/ˈtræktər/	n. 拖拉机	vehicle: drive a tractor	【联想】形近 track 轨道
trade	/treɪd/	n. 贸易	commerce: do trade with	【联想】名词 trader 商人
tra·di·tion	/trəˈdɪʃən/	n. 传统	custom: a family tradition	【联想】traditional 形容词【词根】tra-(穿过)+dit(给)+-ion→传统	
tra·di·tion·al	/trəˈdɪʃənəl/	a. 传统的	conventional: traditional Chinese culture	【联想】tradition 名词【词根】tra-(穿过)+dit(给)+-ional→传统的	
traf·fic	/ˈtræfɪk/	n. 交通	congestion: heavy traffic	【词根】traffic(往来)→交通	
train	/treɪn/	n. 火车 v. 训练	educate: take a train	【联想】trainer, training【词根】train(拉)→火车	
train·ing	/ˈtreɪnɪŋ/	n. 训练	coaching: receive training	【联想】train 动词【词根】train(拉→训练)+-ing→训练	
tram	/træm/	n. 有轨电车	streetcar: ride a tram	【词根】tram(电车)→有轨电车	
trans·form	/trænsˈfɔːm/	v. 转换	change: transform the city	【同】convert 【联想】form 词根, transformation【词根】trans-(转换)+form(形状)→转变	
trans·late	/trænzˈleɪt/	v. 翻译	interpret: translate a sentence	【联想】translation 名词, translator【词根】trans-(跨越)+late(携带)→翻译	
trans·la·tion	/trænzˈleɪʃən/	n. 翻译	rendering: a written translation	【联想】translate 动词【词根】trans-(跨越)+late(携带)+-ion→翻译	
trans·la·tor	/trænzˈleɪtər/	n. 翻译者	interpreter: a professional translator	【联想】translate, interpreter【词根】trans-(跨越)+late(携带)+-or(人)→翻译者	
trans·par·ent	/trænˈspærənt/	a. 透明的	see-through	【词根】trans-(穿过)+parent(出现) （【同】clear） 【联想】trans 穿过, appear	
trans·port	/ˈtrænspɔːt/	v. & n. 运输	convey: transport goods	【联想】transportation 名词【词根】trans-(跨越)+port(运送)→运输	
trap	/træp/	n. 陷阱	snare: fall into a trap	【同】snare, device to catch【词根】trap(陷阱)→陷阱	
trav·el	/ˈtrævəl/	v. （ 长途）旅行	journey: travel around the world	【联想】traveler, trip【词根】travel(劳动→旅行)→旅行	
traveler	/ˈtrævələr/	n. 旅行者（美式拼写）	tourist: a brave traveler	【联想】travel 动词【词根】travel(旅行)+-er→旅行者	
trav·el·ler	/ˈtrævələr/	n. 旅行者（英式拼写）	tourist	【联想】travel 动词【词根】travel(旅行)+-er→旅行者	
trea·sure	/ˈtreʒər/	n. 宝藏	wealth: find treasure	【词根】treas(宝库)+-ure→财富	
treat	/triːt/	v. 对待	handle: treat a friend	【联想】treatment 名词【词根】treat(处理)→对待	
treat·ment	/ˈtriːtmənt/	n. 治疗	therapy: medical treatment	【联想】treat 动词【词根】treat(处理)+-ment→治疗	
tree	/triː/	n. 树	plant: climb a tree		
trem·ble	/ˈtrembəl/	v. 颤抖	shake: tremble with fear	【词根】trem(颤抖)+-ble→颤抖	
trend	/trend/	n. 趋势	tendency	=tendency（=tendency: a new trend） 【联想】tendency 同义【词根】trend(转)→趋势	
tri·al	/traɪəl/	n. 试验，审判	test: a court trial	【同】test, court hearing 【联想】try 动词【词根】tri(试)+-al→审判	
tri·an·gle	/ˈtraɪæŋɡəl/	n. 三角形	three-sided shape: a right triangle	【同】three-sided shape 【联想】tri 三, angle【词根】tri(三)+angle(角)→三角形	
trick	/trɪk/	n. 诡计	deception: play a trick on	【词根】trick(欺骗)→诡计	
trip	/trɪp/	n. 旅行	journey: go on a trip	【联想】同义 travel 长途旅行
trol·ley·bus	/ˈtrɒlibʌs/	n. 无轨电车	bus	【联想】trolley, bus	
troop	/truːp/	n. 部队	squad: a troop of soldiers	【词根】troop(群)→部队	
troub·le	/ˈtrʌbəl/	n. 麻烦	difficulty: get into trouble	【同】PROBLEMS, difficulty 【联想】形容词 troublesome 麻烦的【词根】trouble(搅动)→麻烦
troub·le·some	/ˈtrʌbəlsəm/	a. 麻烦的	problematic: a troublesome child	【联想】trouble 名词【词根】trouble(麻烦)+some(有)→麻烦的	
trou·sers	/ˈtraʊzəz/	n. 裤子，长裤	pants: a pair of trousers	【联想】pants 同义【词根】trous(裤)+-ers→裤子	
truck	/trʌk/	n. 卡车	lorry: drive a truck	【联想】lorry 同义【词根】truck(卡车)→卡车	
true	/truː/	a. 真实的	real: a true story	【反】false 【联想】truth 名词, truly	
tru·ly	/ˈtruːli/	ad. 真正地	really: truly sorry	【联想】true【词根】true(真)+-ly→真实地	
trunk	/trʌŋk/	n. 树干	main stem of tree: the trunk of a tree	【同】main stem of tree【词根】trunk(树干)→树干	
trust	/trʌst/	v. 信任	believe: trust a friend	【联想】trustworthy, distrust【词根】trust(信任)→信任	
truth	/truːθ/	n. 真相	reality: tell the truth	【联想】true 形容词【词根】true(真)+-th→真相	
try	/traɪ/	v. 尝试	attempt: try one's best	【联想】名词 trial 试验，审判
T-shirt	/ˈtiːʃɜːt/	n. T 恤衫	T-shirt: wear a T-shirt		
tube	/tʃuːb/	n. 管子	pipe: a plastic tube	【联想】pipe 同义【词根】tube(管)→管	
Tues·day	/ˈtʃuːzdeɪ/	n. 星期二	Tuesday: on Tuesday	【联想】星期词	
tune	/tʃuːn/	n. 曲调	melody: tune a guitar	【词根】tune(曲调)→曲调	
tur·key	/ˈtɜːki/	n. 火鸡	fowl: roast a turkey		
turn	/tɜːn/	v. 转动	rotate: turn left	【联想】turning 名词, return【词根】turn(转)→转动	
turn·ing	/ˈtɜːnɪŋ/	n. 转弯处	corner: a road turning	【联想】turn 动词【词根】turn(转)+-ing→转弯处	
tu·tor	/ˈtʃuːtər/	n. 家教	instructor: a private tutor	【词根】tutor(保护)→导师	
TV	/ˌtiːˈviː/	n. 电视	TV	【联想】television 全写	
twelfth	/twelfθ/	num. 第十二	12th: the twelfth day	【联想】twelve	
twelve	/twelv/	num. 十二	dozen: twelve months	【联想】twelfth, twenty	
twentieth	/ˈtwentiəθ/	num. 第二十	20th: the twentieth century	【联想】twenty	
twen·ty	/ˈtwenti/	num. 二十	score: twenty students	【联想】twelve, twentieth	
twice	/twaɪs/	ad. 两次	double: twice a week	【联想】two	
twin	/twɪn/	n. 双胞胎（之一）	pair: identical twin		
twist	/twɪst/	v. 扭曲，拧	turn: twist a rope	【同】turn, bend 【联想】turn,同义 bend 弯曲
two	/tuː/	num. 二	couple: two apples	【联想】twice, twin	
type	/taɪp/	n. 类型	kind: type a letter	【联想】typewriter, typist, typical【词根】type(打)→类型	
type·writ·er	/ˈtaɪpˌraɪtər/	n. 打字机	keyboard: use a typewriter	【联想】type, writer【词根】type(打字)+writer(写)→打字机	
ty·phoon	/taɪˈfuːn/	n. 台风	storm: a strong typhoon	【联想】storm, hurricane 风暴	
typ·i·cal	/ˈtɪpɪkəl/	a. 典型的	standard: a typical example	【联想】type 词根【词根】typ(类型)+-ical→典型的	
typ·ist	/ˈtaɪpɪst/	n. 打字员	secretary: a fast typist	【联想】type【词根】typ(打字)+-ist→打字员	
tyre	/taɪər/	n. 轮胎（英式拼写）	tire	【联想】tire 美式【词根】tyre(轮胎)→轮胎	
U.K.	/ˌjuːˈkeɪ/	n. 英国	UK: visit the UK		
U.N.	/ˌjuːˈen/	n. 联合国	UN: the work of the UN		
U.S.A.	/ˌjuː es ˈeɪ/	n. 美国	USA: in the USA		
ug·ly	/ˈʌɡli/	a. 丑陋的	hideous: an ugly building	【反】beautiful	
um·brel·la	/ʌmˈbrelə/	n. 雨伞	parasol: open an umbrella	【词根】umbr(阴影)+-ella→雨伞	
un·a·ble	/ʌnˈeɪbəl/	a. 不能的	incapable: be unable to do	【联想】able 反义【词根】un-(不)+able(能够)→不能的	
un·bear·a·ble	/ʌnˈbeərəbəl/	a. 难以忍受的	intolerable: an unbearable noise	【联想】bear 动词【词根】un-(不)+bear(忍受)+-able→无法忍受的	
un·be·liev·a·ble	/ˌʌnbɪˈliːvəbəl/	a. 难以置信的	incredible: an unbelievable story	【联想】believe 动词【词根】un-(不)+believe(相信)+-able→难以置信的	
un·cer·tain	/ʌnˈsɜːtən/	a. 不确定的	unsure: be uncertain about	【联想】certain 反义【词根】un-(不)+certain(确定)→不确定的	
un·cle	/ˈʌŋkəl/	n. 叔叔	relative: my uncle is nice	【联想】aunt 阿姨	
un·com·fort·a·ble	/ʌnˈkʌmftəbəl/	a. 不舒服的	uneasy: feel uncomfortable	【联想】comfortable 反义【词根】un-(不)+comfortable(舒适)→不舒服的	
un·con·di·tion·al	/ˌʌnkənˈdɪʃənəl/	a. 无条件的	absolute: unconditional love	【联想】condition, conditional【词根】un-(不)+condition(条件)+-al→无条件的	
un·con·scious	/ʌnˈkɒnʃəs/	a. 无意识的	unaware: be unconscious of	【联想】conscious 反义, conscience【词根】un-(不)+conscious(意识)→无意识的	
un·der	/ˈʌndər/	prep. 在...下面	below: under the table	【反】over 【联想】underground, understand, underwear	
un·der·ground	/ˌʌndəˈɡraʊnd/	a. 地下的	subway: an underground passage	【联想】under, ground【词根】under(下)+ground(地面)→地下的	
un·der·line	/ˌʌndəˈlaɪn/	v. 下划线	highlight: underline a word	【联想】under, line【词根】under(下)+line(线)→在下面划线→强调	
un·der·stand	/ˌʌndəˈstænd/	v. (understood, understood) 理解 【同】COMPREHEND, grasp, take in, see	comprehend: understand a concept	【联想】understanding 名词【词根】under(在…下)+stand(站)→站在下面→理解	
un·der·stand·ing	/ˌʌndəˈstændɪŋ/	n. 理解力	comprehension: show understanding	【联想】understand 动词【词根】under+stand(站)+-ing→理解	
un·der·take	/ˌʌndəˈteɪk/	v. (undertook, undertaken) 承担	tackle: undertake a task	【同】TACKLE, take on 【词根】under(下)+take(拿) 【联想】under, take
un·der·wear	/ˈʌndəweər/	n. 内衣	lingerie: a pair of underwear	【同】lingerie 【词根】under(下)+wear(穿) 【联想】under, wear
un·di·vid·ed	/ˌʌndɪˈvaɪdɪd/	a. 未分割的	whole: undivided attention	【联想】divide 词根【词根】un-(不)+divided(分割)→专一的	
un·do	/ʌnˈduː/	v. 撤销	reverse: undo a knot	【联想】do, redo【词根】un-(回)+do(做)→撤销	
un·em·ploy·ment	/ˌʌnɪmˈplɔɪmənt/	n. 失业	joblessness: suffer from unemployment	【联想】employ, employment【词根】un-(不)+employment(就业)→失业	
un·fair	/ʌnˈfeər/	a. 不公平的	unjust: an unfair decision	【联想】fair 反义【词根】un-(不)+fair(公平)→不公平的	
un·fit	/ʌnˈfɪt/	a. 不适合的	unsuitable: be unfit for	【联想】fit 反义【词根】un-(不)+fit(适合)→不合适的	
un·fold	/ʌnˈfəʊld/	v. 展开	spread: unfold a map	【联想】fold 反义【词根】un-(打开)+fold(折叠)→展开	
un·for·tu·nate	/ʌnˈfɔːtʃənət/	a. 不幸的	unlucky: an unfortunate event	【联想】fortunate 反义【词根】un-(不)+fortunate(幸运)→不幸的	
un·for·tu·nate·ly	/ʌnˈfɔːtʃənətli/	ad. 不幸地 • Unfortunately, we had to go home early.	sadly: unfortunately it rained	【联想】fortunate 反义【词根】un-(不)+fortunately(幸运地)→不幸地	
u·ni·form	/ˈjuːnɪfɔːm/	n. 制服	outfit: wear a uniform	【同】outfit 【词根】uni-(一)+form(形式) 【联想】uni 词根, form
u·nion	/ˈjuːnjən/	n. 联盟	alliance: a labor union	【联想】unite 动词, unit【词根】uni(一)+-on→联合	
u·nique	/juːˈniːk/	a. 独特的	distinctive: a unique experience	【联想】uni 词根 one【词根】uni(一)+-que→独一无二的	
u·nit	/ˈjuːnɪt/	n. 单位	item: a measurement unit	【联想】unite, union【词根】uni(一)+-t→单位	
u·nite	/juːˈnaɪt/	v. 团结	join: unite the people	【联想】union 名词, united【词根】uni(一)+-te→统一	
u·nit·ed	/juːˈnaɪtɪd/	a. 团结的	combined: a united team	【联想】unite 动词【词根】uni(一)+-ted→联合的	
u·ni·ver·sal	/ˌjuːnɪˈvɜːsəl/	a. 普遍的	global: universal truth	【联想】universe 名词【词根】uni(一)+vers(转)+-al→宇宙的→普遍的	
u·ni·verse	/ˈjuːnɪvɜːs/	n. 宇宙	cosmos: the vast universe	【同】cosmos 【词根】uni-(一)+verse(转) 【联想】university 形近; universal
u·ni·ver·si·ty	/ˌjuːnɪˈvɜːsəti/	n. 大学	college: go to university	【词根】uni-(一)+vers(转)+-ity 【同】college 【联想】形近 universe 宇宙
un·known	/ʌnˈnəʊn/	a. 未知的	unfamiliar: an unknown person	【联想】known 反义, know【词根】un-(不)+known(已知)→未知的	
un·less	/ənˈles/	conj. 除非	except: unless it rains	【词根】un-(不)+less→除非	
un·like	/ʌnˈlaɪk/	prep. 不像	different: unlike his brother	【同】different 【词根】un-(不)+like(像) 【联想】like, likely
un·rest	/ʌnˈrest/	n. 动荡	turmoil: social unrest	【联想】rest 词根【词根】un-(不)+rest(安宁)→动荡	
un·til	/ənˈtɪl/	conj. 直到	till: wait until tomorrow	【联想】同义 till 直到
un·u·su·al	/ʌnˈjuːʒuəl/	a. 不寻常的	rare: an unusual sight	【联想】usual 反义【词根】un-(不)+usual(通常)→不寻常的	
un·will·ing	/ʌnˈwɪlɪŋ/	a. 不情愿的	reluctant: be unwilling to	【联想】willing 反义【词根】un-(不)+willing(愿意)→不情愿的	
up	/ʌp/	ad. 向上	above: stand up	【反】down 【联想】upper, upstairs, upward	
up·date	/ʌpˈdeɪt/	v. 更新	bring up to date: update a software	【同】bring up to date 【联想】date 词根, 最新	
up·on	/əˈpɒn/	prep. 在...之上	on: once upon a time	【联想】up, on	
up·per	/ˈʌpər/	a. 上面的	higher: the upper floor	【联想】up	
up·set	/ʌpˈset/	v. & a. (upset, upset) 心烦的	unhappy, disappointed, or worried	【词组】be upset about【同】distressed	
up·stairs	/ʌpˈsteəz/	ad. 楼上的	above: go upstairs	【反】downstairs 【联想】up, stairs【词根】up(上)+stairs(楼梯)→楼上	
up·ward	/ˈʌpwəd/	ad. 向上的	rising: look upward	【联想】up,反义 downward 向下的
up·wards	/ˈʌpwədz/	ad. 向上	rising: move upwards	【联想】upward	
ur·ban	/ˈɜːbən/	a. 城市的	city: an urban area	【反】rural 【联想】rural 反义, city【词根】urb(城市)+-an→城市的	
urge	/ɜːdʒ/	v. 强烈要求	encourage: urge someone to do	【联想】urgent 形容词【词根】urg(催促)+-e→敦促	
ur·gent	/ˈɜːdʒənt/	a. 紧急的	pressing: an urgent matter	【同】pressing, requiring immediate action 【联想】urge 动词【词根】urg(催促)+-ent→紧急的	
us	/ʌs/	pron. 我们	we: give us a hand	【联想】we	
use	/juːz/	v. 使用	utilize: use a pen	【联想】useful, useless, user【词根】use(用)→使用	
used	/juːzd/	a. 用过的	secondhand: a used car	; /juːst/ v. 过去常常（=did habitually: used to do） 【联想】use 动词【词根】use(用)+-ed→用过的/习惯的	
use·ful	/ˈjuːsfəl/	a. 有用的	helpful: a useful book	【反】useless 【联想】use, useless【词根】use(用)+-ful→有用的	
use·less	/ˈjuːsləs/	a. 无用的	vain: a useless tool	【联想】use, useful【词根】use(用)+-less→无用的	
us·er	/ˈjuːzər/	n. 用户	consumer: a regular user	【联想】use【词根】use(用)+-er→用户	
u·su·al	/ˈjuːʒuəl/	a. 通常的	normal: as usual	【反】unusual 【联想】usually 副词, unusual【词根】us(用)+-ual→通常的	
u·su·al·ly	/ˈjuːʒuəli/	ad. 通常	generally: usually go to school	【联想】usual【词根】us(用)+-ually→通常	
va·cant	/ˈveɪkənt/	a. 空置的	empty: a vacant seat	【联想】vacation 形近【词根】vac(空)+-ant→空缺的	
va·ca·tion	/veɪˈkeɪʃən/	n. 假期	holiday: go on vacation	【联想】vacant 形近; holiday【词根】vac(空)+-ation→假期	
vague	/veɪɡ/	a. 含糊的	unclear: a vague memory	【词根】vague(游荡→模糊)→模糊的	
vain	/veɪn/	a. 徒劳的	futile	【词根】vain(空)→徒劳的	
val·id	/ˈvælɪd/	a. 有效的	legal: a valid ticket	【联想】invalid 反义, validity【词根】val(价值)+-id→有效的	
val·ley	/ˈvæli/	n. 山谷	basin: a deep valley	【词根】val(谷)+-ley→山谷	
val·u·a·ble	/ˈvæljəbəl/	a. 宝贵的	precious: a valuable painting	【联想】value 名词【词根】valu(价值)+-able→有价值的	
val·ue	/ˈvæljuː/	n. 价值	worth: value one's time	【联想】valuable 形容词, evaluate【词根】value(价值)→价值	
va·ri·e·ty	/vəˈraɪəti/	n. 多样性	diversity: a variety of fruits	【词组】a variety of【词根】vari(变化)+-ety(名词) 【联想】vary 动词, various	
var·i·ous	/ˈveəriəs/	a. 各种各样的	different,diverse: various colors	【词根】vari(变化)+-ous(…的) 【联想】vary 动词, variety	
vase	/vɑːz/	n. 花瓶	container for flowers: a beautiful vase	【同】container for flowers	
vast	/vɑːst/	a. 辽阔的，广袤的，浩瀚的	immense: a vast desert	【词根】vast(广阔)→广阔的	
veal	/viːl/	n. 小牛肉	meat: a piece of veal	【联想】meat 肉	
vege·ta·ble	/ˈvedʒtəbəl/	n. 蔬菜	produce: grow vegetables	【词根】veget(生长)+-able→蔬菜	
ve·hi·cle	/ˈvɪəkəl/	n. 车辆	means of transport: a motor vehicle	【同】means of transport【词根】vehic(运)+-le→车辆	
verb	/vɜːb/	n. 动词	action: a regular verb	【联想】名词 noun 名词
ver·sion	/ˈvɜːʃən/	n. 版本	edition: a new version	【词根】vers(转)+-ion→版本	
ver·ti·cal	/ˈvɜːtɪkəl/	a. 垂直的	upright: a vertical line	【反】水平的 【联想】horizontal 反义【词根】vert(转→顶点)+-ical→垂直的	
ve·ry	/ˈveri/	ad. 非常	extremely: very happy		
vest	/vest/	n. 背心	waistcoat: wear a vest		
vi·a	/ˈvaɪə/	prep. 经由	through: go via the bridge		
vice	/vaɪs/	a. 副的	deputy: vice president	n. 邪恶 【词组】vice president 【联想】virtue 美德	
vic·tim	/ˈvɪktɪm/	n. 受害者	sufferer: a flood victim	【词根】vict(征服)+-im→受害者	
vic·to·ry	/ˈvɪktəri/	n. 胜利	triumph: achieve victory	=SUCCESS, triumph, conquest, win, 【联想】victorious 形容词【词根】vict(征服)+-ory→胜利	
vid·e·o	/ˈvɪdiəʊ/	n. 视频	recording: watch a video	【联想】videophone, audiovisual【词根】vid(看)+-eo→视频	
vid·e·o·phone	/ˈvɪdiəʊfəʊn/	n. 视频电话	phone: use a videophone	【联想】video, phone【词根】video(视频)+phone(声音)→可视电话	
view	/vjuː/	n. 视野	scene: have a good view	【联想】preview, review, interview【词根】view(看)→观点	
vil·lage	/ˈvɪlɪdʒ/	n. 村庄	hamlet: live in a village	【联想】名词 villager 村民
vil·lag·er	/ˈvɪlɪdʒər/	n. 村民	resident: a friendly villager	【联想】village	
vin·e·gar	/ˈvɪnɪɡər/	n. 醋	condiment: a bottle of vinegar	【联想】sour 酸的	
vi·o·late	/ˈvaɪəleɪt/	v. 违反（法律, 协议, 原则等）	break: violate the law	【联想】violation 名词【词根】viol(力量)+-ate→违反	
vi·o·lence	/ˈvaɪələns/	n. 暴力	force: act of violence	【联想】violent 形容词【词根】viol(力量)+-ence→暴力	
vi·o·lent	/ˈvaɪələnt/	a. 暴力的；猛烈的；激烈的	fierce	【联想】violence 名词【词根】viol(力量)+-ent→暴力的	
vi·o·lin	/ˌvaɪəˈlɪn/	n. 小提琴	string instrument: play the violin	【联想】名词 violinist 小提琴手
vi·o·lin·ist	/ˌvaɪəˈlɪnɪst/	n. 小提琴手	musician: a famous violinist	【同】musician 【词根】violin(小提琴)+-ist(人) 【联想】violin
vir·tue	/ˈvɜːtʃuː/	n. 美德	moral goodness	【反】vice恶习（=goodness: show virtue） 【联想】vice 恶习【词根】virt(力量/美德)→美德	
vi·rus	/ˈvaɪərəs/	n. 病毒	infectious agent: a computer virus	【同】infectious agent【词根】virus(毒)→病毒	
vi·sa	/ˈviːzə/	n. 签证	permit: get a visa	【词根】vis(看)+-a→签证	
vis·it	/ˈvɪzɪt/	v. 参观	tour: visit a museum	【联想】visitor 名词【词根】vis(看)+-it→参观	
vis·it·or	/ˈvɪzɪtər/	n. 访客	guest: a welcome visitor	【联想】visit 动词【词根】vis(看)+-itor→访客	
vi·su·al	/ˈvɪʒuəl/	a. 视觉的	optical: visual effects	【同】optical 【词根】vis(看)+-ual(…的) 【联想】vision, visible
vi·tal	/ˈvaɪtəl/	a. 至关重要的	important: a vital organ	【词根】vit(生命)+-al→至关重要的	
viv·id	/ˈvɪvɪd/	a. 生动的	lively: a vivid description	【词根】viv(活)+-id→生动的	
vo·cab·u·la·ry	/vəˈkæbjələri/	n. 词汇	words: enlarge one's vocabulary	【词根】voc(喊)+-abul+-ary 【联想】word, voice 词根 voc【搭配】enlarge one's vocabulary
voice	/vɔɪs/	n. 说话声，嗓音	sound: raise one's voice	【联想】vocal, vocabulary 词根 voc【词根】voice(声音)→声音	
vol·ca·no	/vɒlˈkeɪnəʊ/	n. 火山	mountain: a sleeping volcano	【联想】volcanic 形容词【词根】volcan(火神)→火山	
vol·ley·ball	/ˈvɒlibɔːl/	n. 排球	sport: play volleyball	【联想】volley, ball	
vol·un·ta·ry	/ˈvɒləntəri/	a. 自愿的	done by choice, optional: a voluntary activity	【联想】volunteer 动词【词根】volunt(意志)+-ary→自愿的	
vol·un·teer	/ˌvɒlənˈtɪər/	v. 自愿 n. 志愿者	helper: a volunteer worker	【联想】voluntary 形容词【词根】volunt(意志)+-eer→志愿者	
vote	/vəʊt/	v. 投票	ballot: cast a vote	【联想】voter 名词【词根】vote(誓言→投票)→投票	
voy·age	/ˈvɔɪɪdʒ/	n. 航行	journey: go on a voyage	【联想】journey, 航行【词根】voy(路)+-age→航行	
wag	/wæɡ/	v. 摇摆（尾巴）	move side to side: wag the tail	【同】move side to side	
wage	/weɪdʒ/	n. 工资	payment	=payment（=salary: earn a wage） 【联想】同义 salary 薪水
waist	/weɪst/	n. 腰部	middle part of body: put one's hands on the waist	【同】middle part of body	
wait	/weɪt/	v. 等待（+for）	await: wait for a bus	【联想】waiter, waitress, waiting room	
wait·er	/ˈweɪtər/	n. 服务员	server: a restaurant waiter	【联想】wait, waitress	
waiting room	/weɪt/	n. 候车室	lounge: in the waiting-room	【联想】wait, room	
wait·ress	/ˈweɪtrəs/	n. 女服务员	server: a hotel waitress	【联想】wait, waiter	
wake	/weɪk/	v. (woke, woken) 醒来	arise: wake up early	【同】arise 【词组】wake up 醒来,叫醒 【联想】awake, woke
walk	/wɔːk/	v. 步行	stroll: walk in the park	【同】march, stroll, trudge【联想】名词 walker 步行者
wall	/wɔːl/	n. 墙壁	barrier: a brick wall		
wal·let	/ˈwɒlɪt/	n. 钱包	purse: a leather wallet	【联想】同义 purse 钱包
wal·nut	/ˈwɔːlnʌt/	n. 核桃	nut: a handful of walnuts	【联想】wal 外, nut	
wan·der	/ˈwɒndər/	v. 漫游	roam: wander in the street	=STROLL, amble, saunter, walk. 【联想】wonder 形近【词根】wander(漫游)→漫步	
want	/wɒnt/	v. 想要	desire: want a book	=DESIRE, wish for,	
war	/wɔːr/	n. 战争	conflict: a world war	【反】peace	
ward	/wɔːd/	n. 病房；病室；行政区	department		
ware	/weər/	n. 商品	goods: kitchen ware	【联想】warehouse 仓库	
ware·house	/ˈweəhaʊs/	n. 仓库	storage: a big warehouse	【联想】ware, house	
warm	/wɔːm/	a. 温暖的	heated: feel warm	【反】cold冷的 【联想】名词 warmth 温暖
warmth	/wɔːmθ/	n. 温暖	heat: the warmth of the sun	【联想】warm 形容词【词根】warm(暖)+-th→温暖	
warn	/wɔːn/	v. 警告	caution: warn someone of	【联想】warning 名词【词根】warn(警告)→警告	
wash	/wɒʃ/	v. 洗涤	clean: wash the dishes	【联想】washroom, washer
wash·room	/ˈwɒʃruːm/	n. 洗手间	bathroom: a public washroom	【联想】wash, room	
waste	/weɪst/	v. 浪费	squander: waste time		
watch	/wɒtʃ/	v. 观看	observe: watch a movie	n. 手表	
wa·ter	/ˈwɔːtər/	n. 水	liquid: drink water	【联想】watermelon, waterfall	
wa·ter·mel·on	/ˈwɔːtəˌmelən/	n. 西瓜	melon: eat a watermelon	【联想】water, melon	
wave	/weɪv/	n. 波浪	surge: a big wave	v. 招手	
wax	/wæks/	n. 蜡	substance from bees: a piece of wax	【同】substance from bees	
way	/weɪ/	n. 路，方式	method: on the way to		
we	/wiː/	pron. 我们	us: we are friends	【联想】us, our	
weak	/wiːk/	a. 弱的	feeble: a weak voice	【反】strong 【联想】weakness 名词,反义 strong 强壮的
weak·ness	/ˈwiːknəs/	n. 虚弱	frailty: a personal weakness	【联想】weak 形容词【词根】weak(弱)+-ness→弱点	
wealth	/welθ/	n. 财富	fortune: accumulate wealth	【联想】wealthy 形容词【词根】wealth(财富)→财富	
wealth·y	/ˈwelθi/	a. 富有的	rich: a wealthy family	【联想】wealth 名词【词根】wealth(财富)+-y→富有的	
wear	/weər/	v. (wore, worn) 穿着	don: wear a coat	【同】don 【联想】wore, worn, underwear
weath·er	/ˈweðər/	n. 天气	climate: the weather today	【联想】climate 同义【词根】weather(天气)→天气	
web	/web/	n. 网络	network: a spider web	【联想】website, Internet【词根】web(网)→网	
web·site	/ˈwebsaɪt/	n. 网站	site: visit a website	【联想】web, site【词根】web(网)+site(站点)→网站	
wed·ding	/ˈwedɪŋ/	n. 婚礼	marriage: attend a wedding	【联想】marry, bride【词根】wed(结婚)+-ding→婚礼	
Wednes·day	/ˈwenzdeɪ/	n. 星期三	Wednesday: on Wednesday	【联想】星期词	
weed	/wiːd/	n. 杂草	plant: pull out the weed	【联想】seaweed 海藻	
week	/wiːk/	n. 星期	period: last week	【联想】weekday, weekend, weekly	
week·day	/ˈwiːkdeɪ/	n. 工作日	workday: a weekday activity	【联想】week, day【词根】week(周)+day(日)→工作日	
week·end	/ˌwiːkˈend/	n. 周末	holiday: on the weekend	【联想】week, end【词根】week(周)+end(末)→周末	
week·ly	/ˈwiːkli/	a. 每周的	periodical: a weekly magazine	【联想】week【词根】week(周)+-ly→每周的	
weep	/wiːp/	v. (wept, wept) 哭泣	cry: weep with joy	【联想】cry,同义 sob 抽泣
weigh	/weɪ/	v. 称重，有…重	measure: weigh a package	【联想】名词 weight 重量
weight	/weɪt/	n. 重量	mass: lose weight	【联想】weigh 动词【词根】weigh(称重)+-t→重量	
welcome	/ˈwelkəm/	v. 欢迎	greet: welcome to our school		
wel·fare	/ˈwelfeər/	n. 福利	benefit: social welfare	【联想】welfare 福利【词根】wel(好)+fare(过)→福利	
well	/wel/	ad. (better, best) 好	good: feel well	n. 井 【联想】good 的副词	
well-known	/wel/	a. 有名的	famous: a well-known singer	【联想】well, known	
west	/west/	n. 西方	direction: in the west	【反】east 【联想】形容词 western 西部的
west·ern	/ˈwestən/	a. 西部的	western culture	【联想】名词 west 西方
west·ward	/ˈwestwəd/	ad. 向西	toward the west: move westward	【联想】west	
westwards	/ˈwestwəd/	ad. 向西；向西的；朝西的	toward the west	【联想】westward	
wet	/wet/	a. 湿的	not dry, damp: a wet towel	【反】dry 干的 【联想】反义 dry 干燥的
whale	/weɪl/	n. 鲸鱼	mammal: a huge whale	【词根】whale(鲸)→鲸	
what	/wɒt/	pron. 什么	which: what do you want	【联想】whatever 无论什么	
what·ev·er	/wɒtˈevər/	pron. 无论什么	whichever: whatever you like	【联想】what, ever	
wheat	/wiːt/	n. 小麦（plant wheat） 【联想】grain谷粒	seed of cereal	, cereal谷物,	
wheel	/wiːl/	n. 轮子，车轮	rim: a car wheel		
when	/wen/	conj. 当...时候	while: when will you come	【联想】whenever	
when·ev·er	/wenˈevər/	conj. 无论何时	anytime: whenever you need	【联想】when, ever	
where	/weər/	conj. 在哪里	place: where are you going	【联想】wherever	
wher·ev·er	/weəˈrevər/	conj. 无论哪里	anywhere: wherever you go	【联想】where, ever	
wheth·er	/ˈweðər/	conj. 是否	if: whether it is true		
which	/wɪtʃ/	pron. 哪个	what: which one do you like	【联想】whichever	
which·ev·er	/wɪˈtʃevər/	pron. 无论哪个	any: whichever you choose	【联想】which, ever	
while	/waɪl/	conj. 当...的时候	during: while I was reading		
whis·per	/ˈwɪspər/	v. 耳语	murmur: whisper to someone	【词根】whisper(耳语)→耳语	
whis·tle	/ˈwɪsəl/	n. 口哨，吹口哨	blow: blow a whistle	【词根】whistle(哨)→哨子	
white	/waɪt/	a. 白色	pale: a white shirt	【联想】反义 black 黑色的
who	/huː/	pron. 谁	which person: who is there	【联想】whom, whose【例句】who is there
whole	/həʊl/	a. 整个	entire: the whole story	=ENTIRE, complete, full,【反】part	
whom	/huːm/	pron. 谁（who的宾格）	who: to whom it may concern	【联想】who	
whose	/huːz/	pron. 谁的	possessive: whose book is this	【联想】who	
why	/waɪ/	ad. 为什么	reason: why are you late		
wide	/waɪd/	a. 宽的	broad，not narrow: a wide river	【联想】width 名词, widen	
wide·spread	/ˌwaɪdˈspred/	a. 广泛传播的	prevalent: widespread influence	【联想】wide, spread【词根】wide(广)+spread(传播)→广泛的	
wid·ow	/ˈwɪdəʊ/	n. 寡妇	woman whose husband died: a poor widow	【同】woman whose husband died【词根】widow(寡妇)→寡妇	
wife	/waɪf/	n. 妻子	spouse: my wife is kind	【反】 husband 【联想】husband 对比	
wild	/waɪld/	a. 野生的	untamed: a wild animal	【反】tame 驯服的 【联想】wildlife【搭配】wild animal
wild·life	/ˈwaɪldlaɪf/	n. 野生动物	animals: protect wildlife	【联想】wild, life【词根】wild(野)+life(生命)→野生动物	
will	/wɪl/	v. 将要，助动词，表示一般将来时	shall: will you come	【联想】would 过去式, willing	
will·ing	/ˈwɪlɪŋ/	a. 愿意的	ready: be willing to help	【词组】be willing to 【联想】will【词根】will(意愿)+-ing→愿意的	
win	/wɪn/	v. (won, won) 赢得	triumph: win a game	【反】lose, defeat. 【联想】winner 名词, won	
wind	/wɪnd/	n. 风	breeze: a strong wind	【联想】各种风。微风，台风。	
win·dow	/ˈwɪndəʊ/	n. 窗户	opening in a wall: open the window	【词根】wind(风)+ow(眼)→窗户 【联想】wind 形近
wind·y	/ˈwɪndi/	a. 多风的	blustery: a windy day	【联想】名词 wind 风
wine	/waɪn/	n. 葡萄酒	vintage: drink wine		
wing	/wɪŋ/	n. 翅膀	flank: the wing of a bird		
win·ner	/ˈwɪnər/	n. 获胜者	champion: a game winner	【联想】win 动词【词根】win(赢)+-ner→赢家	
win·ter	/ˈwɪntər/	n. 冬天	season: in winter	【联想】季节词 summer 夏天	
wipe	/waɪp/	v. 擦拭（桌子）	clean: wipe the table	【词组】 wipe the table 擦桌子	
wire	/waɪər/	n. 电线	cable: an electrical wire		
wis·dom	/ˈwɪzdəm/	n. 智慧	knowledge: show wisdom	【同】knowledge and good judgment 【联想】wise 形容词【词根】wise(智慧)+-dom→智慧	
wise	/waɪz/	a. 明智的	sensible: a wise decision	a wise old man【反】foolish 【联想】名词 wisdom 智慧
wish	/wɪʃ/	v. 愿望	desire: wish you a good day	【同】DESIRE, want, hope for【备注】后面用虚拟语气
with	/wɪð/	prep. 和…一起	together: with a smile	【联想】within, without	
with·draw	/wɪðˈdrɔː/	v. (withdrew, withdrawn) 提取，取钱，撤退	remove: withdraw money	【词根】with(向后)+draw(拉)→撤退 【联想】with, draw【例句】He withdrew £100 from the bank.
with·in	/wɪˈðɪn/	prep. 在...之内	inside: within a week	【联想】with, in	
with·out	/wɪˈðaʊt/	prep. 没有	not having, lacking: without any help	【联想】with, out	
wit·ness	/ˈwɪtnəs/	n. 目击者	person who saw something: witness an accident	【同】person who saw something【词根】wit(知道)+-ness→证人	
wolf	/wʊlf/	n. 狼	canine: a fierce wolf		
wom·an	/ˈwʊmən/	n. (pl. women) 妇女	adult female: a young woman	【联想】复数 women 妇女(复数)
won·der	/ˈwʌndər/	v. 想知道 n. 奇迹	be curious about: wonder why	【联想】形容词 wonderful 精彩的【词根】wonder(惊奇)→惊奇	
won·der·ful	/ˈwʌndəfəl/	a. 精彩的	amazing: a wonderful trip	【联想】wonder 名词【词根】wonder(惊奇)+-ful→精彩的	
wood	/wʊd/	n. 木头	timber: a piece of wood	【联想】形容词 wooden 木制的
wood·en	/ˈwʊdən/	a. 木制的	made of wood: a wooden chair	【词根】wood(木头)+-en(…的) 【联想】名词 wood 木头
wool	/wʊl/	n. 羊毛	fleece: a ball of wool	【联想】woolen 形容词【词根】wool(羊毛)→羊毛	
woolen	/ˈwʊlən/	a. 羊毛制的	made of wool: a woolen sweater	【词根】wool(羊毛)+-en(…的) 【联想】wool, woollen 英式【备注】美式拼写【例句】a woolen sweater
wool·len	/ˈwʊlən/	a. 羊毛的；毛纺的	made of wool: a woollen coat	【联想】wool, woolen 美式【备注】英式拼写
word	/wɜːd/	n. 单词	vocabulary: a new word	【联想】vocabulary 词汇	
work	/wɜːk/	v. & n. 工作	labor: go to work	【联想】worker 名词, homework	
work·er	/ˈwɜːkər/	n. 工人	employee: a factory worker	【联想】动词 work 工作
world	/wɜːld/	n. 世界	earth: the whole world	【联想】worldwide 全世界的	
world·wide	/ˌwɜːldˈwaɪd/	a. 全世界的	global: worldwide fame	【联想】world, wide【词根】world(世界)+wide(广)→全世界的	
worm	/wɜːm/	n. 蠕虫	long thin creature: a small worm	【同】long thin creature	
worn	/wɔːn/	a. 磨损的	damaged: a worn-out shoe	【同】damaged 【联想】wear 的过去分词【搭配】worn-out 磨损的
wor·ried	/ˈwʌrid/	a. 担心的 + about	anxious: look worried	【联想】worry 动词【词根】worry(担心)+-ed→担心的	
wor·ry	/ˈwʌri/	v. 担忧	concern: worry about something	【联想】worried 形容词【词根】worry(担心)→担心	
worse	/wɜːs/	a. （bad 的比较级）更糟的	inferior: get worse	【联想】bad 比较级, worst	
worst	/wɜːst/	a. （bad 的最高级）最糟的	poorest: the worst case	【反】best 【联想】bad 最高级, worse	
worth	/wɜːθ/	a. 值…钱的	value: worth the money	【词组】be worth (doing) 【联想】worthwhile, worthy【搭配】be worth doing
worth·while	/ˌwɜːθˈwaɪl/	a. 值得做的	rewarding: a worthwhile experience	【联想】worth【词根】worth(值得)+while(时间)→值得的	
wor·thy	/ˈwɜːði/	a. 值得尊敬的	deserving: a worthy cause	【联想】worth【词根】worth(值得)+-y→值得的	
would	/wʊd/	v. will 的过去式，将要	could	【联想】will 原形	
wound	/wuːnd/	n. 伤口	injury: a painful wound	【词根】wound(伤)→伤口	
wres·tle	/ˈresəl/	v. 摔跤	grapple: wrestle with an opponent	【词根】wrestle(摔跤)→摔跤	
wrin·kle	/ˈrɪŋkəl/	n. 皱纹	fold: a wrinkle on the face	【词根】wrinkle(皱纹)→皱纹	
wrist	/rɪst/	n. 手腕. 字母w不发音	joint: hurt one's wrist	【词根】wrist(腕)→手腕	
write	/raɪt/	v. (wrote, written) 写	put words on paper: write a letter	【反】read 【联想】wrote, written, writer【备注】字母w不发音
wrong	/rɒŋ/	a. 错误的	not right: be wrong about		
X-ray	/ˈeksreɪ/	n. X 射线	X-ray: take an X-ray		
yard	/jɑːd/	n. 码 • 长度单位【例句】The room was four yards wide.	garden: a big yard		
yawn	/jɔːn/	v. 打哈欠	open mouth wide when tired: yawn with boredom	【同】open mouth wide when tired	
year	/jɪər/	n. 年	annum: last year	【联想】yearly 形容词, annual	
yell	/jel/	v. 喊叫	shout: yell with excitement	【联想】同义 shout 喊叫
yel·low	/ˈjeləʊ/	a. 黄色	golden: a yellow flower	【联想】颜色词 red, blue	
yes	/jes/	ad. 是	affirmative: yes, I do	【反】no	
yes·ter·day	/ˈjestədeɪ/	n. 昨天	past: yesterday afternoon	【联想】today, tomorrow	
yet	/jet/	ad. 还【联想】still	still: not yet		
yog·urt	/ˈjɒɡət/	n. 酸奶	dairy: a cup of yoghurt		
you	/juː/	pron. 你	thou: you are right	【联想】your, yours	
young	/jʌŋ/	a. 年轻的	youthful: a young child	【反】old 【联想】youth 名词【词根】young(年轻)→年轻的	
your	/jɔːr/	pron. 你的	belonging: your book	【联想】you, yours	
yours	/jɔːz/	pron. 你的（名词性物主代词）	possessive: yours is better	【联想】your	
your·self	/jɔːˈself/	pron. 你自己	self: by yourself	【联想】your, self	
your·selves	/jɔːˈselvz/	pron. 你们自己	selves: by yourselves	【联想】your, selves	
youth	/juːθ/	n. 青春	adolescence: the youth of a nation	【词根】youth(年轻)→青年 【联想】young
yum·my	/ˈjʌmi/	a. 美味的	delicious: a yummy meal		
ze·bra	/ˈzebrə/	n. 斑马	striped animal: a cute zebra	【例句】a cute zebra
ze·ro	/ˈzɪərəʊ/	num. 零	null: zero degree	【词根】zero(零)→零	
zip	/zɪp/	n. 拉链	fastener: zip up a bag	【联想】zipper, zip code	
zip code	/zɪp/	n. 邮政编码	postal: a zip-code number	【联想】zip, code	
zip·per	/ˈzɪpər/	n. 拉链	fastener: a broken zipper	【联想】zip	
zone	/zəʊn/	n. 地带，地区	area: a parking zone	【联想】area 同义【词根】zone(带)→区域	
zoo	/zuː/	n. 动物园	animal park: go to the zoo	【例句】go to the zoo
zoom	/zuːm/	v. 急速上升；嗡嗡作响；变焦	soar		
每行 6 列，用 Tab 分隔：单词 /发音/ 词性+中文释义（不规则形式放词性后、中文前） / 简明英文释义: 简单示例短语。有多个时可以用逗号分割 /  全文 3659 行，编辑时不要遗漏或新增行。英文释义请直接根据单词给出，不要参考中文释义。					
